2026-04-24 12:43:50.201 [main] INFO  o.s.loadsimrunner.report.Reporter:42 - INIT: Initializing template collections
2026-04-24 12:43:50.211 [main] INFO  o.s.loadsimrunner.report.Reporter:42 - INIT: Initializing collection mytest.collections
2026-04-24 12:43:50.304 [main] INFO  o.s.loadsimrunner.report.Reporter:42 - INIT: 	Created 0 indexes
2026-04-24 12:43:50.416 [main] INFO  o.s.loadsimrunner.report.Reporter:42 - INIT: Collection is already sharded; skipping sharding configuration
2026-04-24 12:43:50.417 [main] INFO  o.s.loadsimrunner.report.Reporter:42 - INIT: 	Loaded 0 dictionaries
2026-04-24 12:43:50.428 [main] INFO  o.s.loadsimrunner.report.Reporter:42 - INIT: Initializing template accounts
2026-04-24 12:43:50.428 [main] INFO  o.s.loadsimrunner.report.Reporter:42 - INIT: Initializing collection mytest.accounts
2026-04-24 12:43:50.586 [main] INFO  o.s.loadsimrunner.report.Reporter:42 - INIT: 	Loaded 0 existing keys for field: accountId (refer as #accountId)
2026-04-24 12:43:50.587 [main] INFO  o.s.loadsimrunner.report.Reporter:42 - INIT: 	Created 0 indexes
2026-04-24 12:43:50.694 [main] INFO  o.s.loadsimrunner.report.Reporter:42 - INIT: Collection is already sharded; skipping sharding configuration
2026-04-24 12:43:50.695 [main] INFO  o.s.loadsimrunner.report.Reporter:42 - INIT: 	Loaded 0 dictionaries
2026-04-24 12:43:50.708 [main] INFO  o.s.loadsimrunner.report.Reporter:42 - INIT: Initializing template transactions
2026-04-24 12:43:50.708 [main] INFO  o.s.loadsimrunner.report.Reporter:42 - INIT: Initializing collection mytest.transactions
2026-04-24 12:43:50.761 [main] INFO  o.s.loadsimrunner.report.Reporter:42 - INIT: 	Created 0 indexes
2026-04-24 12:43:50.870 [main] INFO  o.s.loadsimrunner.report.Reporter:42 - INIT: Collection is already sharded; skipping sharding configuration
2026-04-24 12:43:50.871 [main] INFO  o.s.loadsimrunner.report.Reporter:42 - INIT: 	Loaded 0 dictionaries
2026-04-24 12:43:50.873 [main] INFO  o.s.loadsimrunner.WorkloadManager:166 - Starting workload Insert accounts
2026-04-24 12:44:00.892 [pool-1-thread-1] INFO  o.s.loadsimrunner.report.Reporter:74 - 2026-04-24T16:44:00.884Z
Insert accounts:
==========
71 ops per second (713 total)
7130 records per second (71300 total)
82.460028 ms mean duration
percentiles: [P95: 100]
100.000000 / 100.000000 / 100.000000 Batch size avg / min / max
[util %: 587.293977 -- report computed in 6]
2026-04-24 12:44:10.889 [pool-1-thread-1] INFO  o.s.loadsimrunner.report.Reporter:74 - 2026-04-24T16:44:10.888Z
Insert accounts:
==========
76 ops per second (766 total)
7660 records per second (76600 total)
77.219321 ms mean duration
percentiles: [P95: 89]
100.000000 / 100.000000 / 100.000000 Batch size avg / min / max
[util %: 591.263495 -- report computed in 0]
2026-04-24 12:44:20.891 [pool-1-thread-1] INFO  o.s.loadsimrunner.report.Reporter:74 - 2026-04-24T16:44:20.891Z
Insert accounts:
==========
77 ops per second (772 total)
7720 records per second (77200 total)
76.950777 ms mean duration
percentiles: [P95: 86]
100.000000 / 100.000000 / 100.000000 Batch size avg / min / max
[util %: 593.881835 -- report computed in 0]
2026-04-24 12:44:30.893 [pool-1-thread-1] INFO  o.s.loadsimrunner.report.Reporter:74 - 2026-04-24T16:44:30.892Z
Insert accounts:
==========
76 ops per second (761 total)
7610 records per second (76100 total)
76.710907 ms mean duration
percentiles: [P95: 91]
100.000000 / 100.000000 / 100.000000 Batch size avg / min / max
[util %: 583.711629 -- report computed in 1]
2026-04-24 12:44:34.088 [Thread-0] INFO  o.s.l.runner.AbstractRunner:84 - Workload Insert accounts stopping.
2026-04-24 12:44:34.752 [Thread-2] INFO  o.s.l.runner.AbstractRunner:84 - Workload Insert accounts stopping.
2026-04-24 12:44:35.088 [Thread-3] INFO  o.s.l.runner.AbstractRunner:84 - Workload Insert accounts stopping.
2026-04-24 12:44:35.249 [Thread-1] INFO  o.s.l.runner.AbstractRunner:84 - Workload Insert accounts stopping.
2026-04-24 12:44:35.542 [Thread-4] INFO  o.s.l.runner.AbstractRunner:84 - Workload Insert accounts stopping.
2026-04-24 12:44:38.114 [Thread-5] INFO  o.s.l.runner.AbstractRunner:84 - Workload Insert accounts stopping.
2026-04-24 12:44:40.896 [pool-1-thread-1] INFO  o.s.loadsimrunner.report.Reporter:74 - 2026-04-24T16:44:40.896Z
Insert accounts:
==========
32 ops per second (324 total)
3240 records per second (32400 total)
87.290123 ms mean duration
percentiles: [P95: 88]
100.000000 / 100.000000 / 100.000000 Batch size avg / min / max
[util %: 282.706917 -- report computed in 0]
2026-04-24 12:44:50.898 [pool-1-thread-1] INFO  o.s.loadsimrunner.report.Reporter:74 - 2026-04-24T16:44:50.898Z
2026-04-24 12:45:00.903 [pool-1-thread-1] INFO  o.s.loadsimrunner.report.Reporter:74 - 2026-04-24T16:45:00.903Z
2026-04-24 12:45:10.906 [pool-1-thread-1] INFO  o.s.loadsimrunner.report.Reporter:74 - 2026-04-24T16:45:10.906Z
2026-04-24 12:45:20.910 [pool-1-thread-1] INFO  o.s.loadsimrunner.report.Reporter:74 - 2026-04-24T16:45:20.910Z
2026-04-24 12:45:30.916 [pool-1-thread-1] INFO  o.s.loadsimrunner.report.Reporter:74 - 2026-04-24T16:45:30.915Z
2026-04-24 12:45:40.921 [pool-1-thread-1] INFO  o.s.loadsimrunner.report.Reporter:74 - 2026-04-24T16:45:40.921Z
2026-04-24 12:45:50.926 [pool-1-thread-1] INFO  o.s.loadsimrunner.report.Reporter:74 - 2026-04-24T16:45:50.926Z
2026-04-24 12:46:00.930 [pool-1-thread-1] INFO  o.s.loadsimrunner.report.Reporter:74 - 2026-04-24T16:46:00.930Z
2026-04-24 12:51:59.780 [main] INFO  o.s.loadsimrunner.report.Reporter:42 - INIT: Initializing template collections
2026-04-24 12:51:59.792 [main] INFO  o.s.loadsimrunner.report.Reporter:42 - INIT: Initializing collection mytest.collections
2026-04-24 12:52:00.192 [main] INFO  o.s.loadsimrunner.report.Reporter:42 - INIT: 	Created 0 indexes
2026-04-24 12:52:00.301 [main] INFO  o.s.loadsimrunner.report.Reporter:42 - INIT: Collection is already sharded; skipping sharding configuration
2026-04-24 12:52:00.302 [main] INFO  o.s.loadsimrunner.report.Reporter:42 - INIT: 	Loaded 0 dictionaries
2026-04-24 12:52:00.319 [main] INFO  o.s.loadsimrunner.report.Reporter:42 - INIT: Initializing template accounts
2026-04-24 12:52:00.319 [main] INFO  o.s.loadsimrunner.report.Reporter:42 - INIT: Initializing collection mytest.accounts
2026-04-24 12:52:02.962 [main] INFO  o.s.loadsimrunner.report.Reporter:42 - INIT: 	Loaded 333600 existing keys for field: accountId (refer as #accountId)
2026-04-24 12:52:02.962 [main] INFO  o.s.loadsimrunner.report.Reporter:42 - INIT: 	Created 0 indexes
2026-04-24 12:52:03.350 [main] INFO  o.s.loadsimrunner.report.Reporter:42 - INIT: Collection is already sharded; skipping sharding configuration
2026-04-24 12:52:03.352 [main] INFO  o.s.loadsimrunner.report.Reporter:42 - INIT: 	Loaded 0 dictionaries
2026-04-24 12:52:03.371 [main] INFO  o.s.loadsimrunner.report.Reporter:42 - INIT: Initializing template transactions
2026-04-24 12:52:03.371 [main] INFO  o.s.loadsimrunner.report.Reporter:42 - INIT: Initializing collection mytest.transactions
2026-04-24 12:52:03.456 [main] INFO  o.s.loadsimrunner.report.Reporter:42 - INIT: 	Created 0 indexes
2026-04-24 12:52:03.562 [main] INFO  o.s.loadsimrunner.report.Reporter:42 - INIT: Collection is already sharded; skipping sharding configuration
2026-04-24 12:52:03.563 [main] INFO  o.s.loadsimrunner.report.Reporter:42 - INIT: 	Loaded 0 dictionaries
2026-04-24 12:52:03.566 [main] INFO  o.s.loadsimrunner.WorkloadManager:169 - Starting workload Insert accounts
2026-04-24 12:52:13.590 [pool-1-thread-1] INFO  o.s.loadsimrunner.report.Reporter:74 - 2026-04-24T16:52:13.582Z
Insert accounts:
==========
66 ops per second (671 total)
6710 records per second (67100 total)
87.205663 ms mean duration
percentiles: [P95: 126]
100.000000 / 100.000000 / 100.000000 Batch size avg / min / max
[util %: 584.215256 -- report computed in 5]
2026-04-24 12:52:23.588 [pool-1-thread-1] INFO  o.s.loadsimrunner.report.Reporter:74 - 2026-04-24T16:52:23.588Z
Insert accounts:
==========
73 ops per second (740 total)
7400 records per second (74000 total)
79.541892 ms mean duration
percentiles: [P95: 87]
100.000000 / 100.000000 / 100.000000 Batch size avg / min / max
[util %: 588.257046 -- report computed in 0]
2026-04-24 12:52:33.594 [pool-1-thread-1] INFO  o.s.loadsimrunner.report.Reporter:74 - 2026-04-24T16:52:33.593Z
Insert accounts:
==========
70 ops per second (710 total)
7100 records per second (71000 total)
82.771831 ms mean duration
percentiles: [P95: 95]
100.000000 / 100.000000 / 100.000000 Batch size avg / min / max
[util %: 587.386307 -- report computed in 0]
2026-04-24 12:52:43.597 [pool-1-thread-1] INFO  o.s.loadsimrunner.report.Reporter:74 - 2026-04-24T16:52:43.596Z
Insert accounts:
==========
71 ops per second (719 total)
7190 records per second (71900 total)
82.055633 ms mean duration
percentiles: [P95: 92]
100.000000 / 100.000000 / 100.000000 Batch size avg / min / max
[util %: 589.803059 -- report computed in 1]
2026-04-24 12:52:50.168 [Thread-5] INFO  o.s.l.runner.AbstractRunner:84 - Workload Insert accounts stopping.
2026-04-24 12:52:50.226 [Thread-0] INFO  o.s.l.runner.AbstractRunner:84 - Workload Insert accounts stopping.
2026-04-24 12:52:50.475 [Thread-3] INFO  o.s.l.runner.AbstractRunner:84 - Workload Insert accounts stopping.
2026-04-24 12:52:50.839 [Thread-1] INFO  o.s.l.runner.AbstractRunner:84 - Workload Insert accounts stopping.
2026-04-24 12:52:50.998 [Thread-2] INFO  o.s.l.runner.AbstractRunner:84 - Workload Insert accounts stopping.
2026-04-24 12:52:51.230 [Thread-4] INFO  o.s.l.runner.AbstractRunner:84 - Workload Insert accounts stopping.
2026-04-24 12:52:53.602 [main] INFO  o.schambon.loadsimrunner.SimRunner:108 - All workloads have completed. Exiting.
2026-04-24 12:52:53.603 [pool-1-thread-1] INFO  o.s.loadsimrunner.report.Reporter:74 - 2026-04-24T16:52:53.602Z
Insert accounts:
==========
49 ops per second (496 total)
4960 records per second (49600 total)
84.010081 ms mean duration
percentiles: [P95: 129]
100.000000 / 100.000000 / 100.000000 Batch size avg / min / max
[util %: 416.440136 -- report computed in 1]
2026-04-24 12:53:01.135 [main] INFO  o.s.loadsimrunner.report.Reporter:42 - INIT: Initializing template collections
2026-04-24 12:53:01.145 [main] INFO  o.s.loadsimrunner.report.Reporter:42 - INIT: Initializing collection mytest.collections
2026-04-24 12:53:01.485 [main] INFO  o.s.loadsimrunner.report.Reporter:42 - INIT: 	Created 0 indexes
2026-04-24 12:53:01.841 [main] INFO  o.s.loadsimrunner.report.Reporter:42 - INIT: Collection is already sharded; skipping sharding configuration
2026-04-24 12:53:01.842 [main] INFO  o.s.loadsimrunner.report.Reporter:42 - INIT: 	Loaded 0 dictionaries
2026-04-24 12:53:01.867 [main] INFO  o.s.loadsimrunner.report.Reporter:42 - INIT: Initializing template accounts
2026-04-24 12:53:01.868 [main] INFO  o.s.loadsimrunner.report.Reporter:42 - INIT: Initializing collection mytest.accounts
2026-04-24 12:53:06.065 [main] INFO  o.s.loadsimrunner.report.Reporter:42 - INIT: 	Loaded 667200 existing keys for field: accountId (refer as #accountId)
2026-04-24 12:53:06.066 [main] INFO  o.s.loadsimrunner.report.Reporter:42 - INIT: 	Created 0 indexes
2026-04-24 12:53:06.396 [main] INFO  o.s.loadsimrunner.report.Reporter:42 - INIT: Collection is already sharded; skipping sharding configuration
2026-04-24 12:53:06.396 [main] INFO  o.s.loadsimrunner.report.Reporter:42 - INIT: 	Loaded 0 dictionaries
2026-04-24 12:53:06.408 [main] INFO  o.s.loadsimrunner.report.Reporter:42 - INIT: Initializing template transactions
2026-04-24 12:53:06.408 [main] INFO  o.s.loadsimrunner.report.Reporter:42 - INIT: Initializing collection mytest.transactions
2026-04-24 12:53:06.495 [main] INFO  o.s.loadsimrunner.report.Reporter:42 - INIT: 	Created 0 indexes
2026-04-24 12:53:06.906 [main] INFO  o.s.loadsimrunner.report.Reporter:42 - INIT: Collection is already sharded; skipping sharding configuration
2026-04-24 12:53:06.907 [main] INFO  o.s.loadsimrunner.report.Reporter:42 - INIT: 	Loaded 0 dictionaries
2026-04-24 12:53:06.912 [main] INFO  o.s.loadsimrunner.WorkloadManager:169 - Starting workload Insert transactions
2026-04-24 12:53:06.917 [main] INFO  o.s.loadsimrunner.WorkloadManager:169 - Starting workload Insert collections
2026-04-24 12:53:16.924 [pool-1-thread-1] INFO  o.s.loadsimrunner.report.Reporter:74 - 2026-04-24T16:53:16.919Z
Insert transactions:
==========
23 ops per second (231 total)
15015 records per second (150150 total)
119.125541 ms mean duration
percentiles: [P95: 220]
650.000000 / 650.000000 / 650.000000 Batch size avg / min / max
[util %: 274.987509 -- report computed in 3]
2026-04-24 12:53:26.926 [pool-1-thread-1] INFO  o.s.loadsimrunner.report.Reporter:74 - 2026-04-24T16:53:26.924Z
Insert collections:
==========
13 ops per second (136 total)
95 records per second (952 total)
73.257353 ms mean duration
percentiles: [P95: 163]
7.000000 / 7.000000 / 7.000000 Batch size avg / min / max
[util %: 99.580210 -- report computed in 1]
Insert transactions:
==========
46 ops per second (463 total)
30095 records per second (300950 total)
127.153348 ms mean duration
percentiles: [P95: 274]
650.000000 / 650.000000 / 650.000000 Batch size avg / min / max
[util %: 588.425787 -- report computed in 0]
2026-04-24 12:53:36.930 [pool-1-thread-1] INFO  o.s.loadsimrunner.report.Reporter:74 - 2026-04-24T16:53:36.929Z
Insert collections:
==========
14 ops per second (145 total)
101 records per second (1015 total)
68.158621 ms mean duration
percentiles: [P95: 145]
7.000000 / 7.000000 / 7.000000 Batch size avg / min / max
[util %: 98.780610 -- report computed in 1]
Insert transactions:
==========
46 ops per second (468 total)
30420 records per second (304200 total)
125.726496 ms mean duration
percentiles: [P95: 290]
650.000000 / 650.000000 / 650.000000 Batch size avg / min / max
[util %: 588.105947 -- report computed in 0]
2026-04-24 12:53:46.935 [pool-1-thread-1] INFO  o.s.loadsimrunner.report.Reporter:74 - 2026-04-24T16:53:46.935Z
Insert collections:
==========
13 ops per second (139 total)
97 records per second (973 total)
72.568345 ms mean duration
percentiles: [P95: 172]
7.000000 / 7.000000 / 7.000000 Batch size avg / min / max
[util %: 100.809514 -- report computed in 0]
Insert transactions:
==========
44 ops per second (445 total)
28925 records per second (289250 total)
129.813483 ms mean duration
percentiles: [P95: 299]
650.000000 / 650.000000 / 650.000000 Batch size avg / min / max
[util %: 577.323606 -- report computed in 0]
2026-04-24 12:53:56.940 [pool-1-thread-1] INFO  o.s.loadsimrunner.report.Reporter:74 - 2026-04-24T16:53:56.940Z
Insert collections:
==========
14 ops per second (145 total)
101 records per second (1015 total)
69.048276 ms mean duration
percentiles: [P95: 134]
7.000000 / 7.000000 / 7.000000 Batch size avg / min / max
[util %: 100.069965 -- report computed in 0]
Insert transactions:
==========
45 ops per second (451 total)
29315 records per second (293150 total)
131.042129 ms mean duration
percentiles: [P95: 269]
650.000000 / 650.000000 / 650.000000 Batch size avg / min / max
[util %: 590.704648 -- report computed in 0]
2026-04-24 12:54:06.943 [pool-1-thread-1] INFO  o.s.loadsimrunner.report.Reporter:74 - 2026-04-24T16:54:06.942Z
Insert collections:
==========
14 ops per second (144 total)
100 records per second (1008 total)
69.020833 ms mean duration
percentiles: [P95: 125]
7.000000 / 7.000000 / 7.000000 Batch size avg / min / max
[util %: 99.370126 -- report computed in 0]
Insert transactions:
==========
42 ops per second (422 total)
27430 records per second (274300 total)
138.300948 ms mean duration
percentiles: [P95: 264]
650.000000 / 650.000000 / 650.000000 Batch size avg / min / max
[util %: 583.513297 -- report computed in 0]
2026-04-24 12:54:16.948 [pool-1-thread-1] INFO  o.s.loadsimrunner.report.Reporter:74 - 2026-04-24T16:54:16.947Z
Insert collections:
==========
13 ops per second (139 total)
97 records per second (973 total)
71.877698 ms mean duration
percentiles: [P95: 166]
7.000000 / 7.000000 / 7.000000 Batch size avg / min / max
[util %: 99.860070 -- report computed in 0]
Insert transactions:
==========
41 ops per second (411 total)
26715 records per second (267150 total)
142.798054 ms mean duration
percentiles: [P95: 329]
650.000000 / 650.000000 / 650.000000 Batch size avg / min / max
[util %: 586.606697 -- report computed in 0]
2026-04-24 12:54:26.954 [pool-1-thread-1] INFO  o.s.loadsimrunner.report.Reporter:74 - 2026-04-24T16:54:26.952Z
Insert collections:
==========
15 ops per second (155 total)
108 records per second (1085 total)
64.529032 ms mean duration
percentiles: [P95: 83]
7.000000 / 7.000000 / 7.000000 Batch size avg / min / max
[util %: 99.970015 -- report computed in 1]
Insert transactions:
==========
43 ops per second (439 total)
28535 records per second (285350 total)
132.615034 ms mean duration
percentiles: [P95: 283]
650.000000 / 650.000000 / 650.000000 Batch size avg / min / max
[util %: 581.889055 -- report computed in 0]
2026-04-24 12:54:36.958 [pool-1-thread-1] INFO  o.s.loadsimrunner.report.Reporter:74 - 2026-04-24T16:54:36.958Z
Insert collections:
==========
13 ops per second (139 total)
97 records per second (973 total)
70.848921 ms mean duration
percentiles: [P95: 184]
7.000000 / 7.000000 / 7.000000 Batch size avg / min / max
[util %: 98.420947 -- report computed in 0]
Insert transactions:
==========
44 ops per second (449 total)
29185 records per second (291850 total)
130.416481 ms mean duration
percentiles: [P95: 212]
650.000000 / 650.000000 / 650.000000 Batch size avg / min / max
[util %: 585.218869 -- report computed in 0]
2026-04-24 12:54:46.964 [pool-1-thread-1] INFO  o.s.loadsimrunner.report.Reporter:74 - 2026-04-24T16:54:46.963Z
Insert collections:
==========
15 ops per second (157 total)
109 records per second (1099 total)
64.331210 ms mean duration
percentiles: [P95: 75]
7.000000 / 7.000000 / 7.000000 Batch size avg / min / max
[util %: 100.949525 -- report computed in 0]
Insert transactions:
==========
41 ops per second (412 total)
26780 records per second (267800 total)
142.533981 ms mean duration
percentiles: [P95: 353]
650.000000 / 650.000000 / 650.000000 Batch size avg / min / max
[util %: 586.946527 -- report computed in 0]
2026-04-24 12:54:56.969 [pool-1-thread-1] INFO  o.s.loadsimrunner.report.Reporter:74 - 2026-04-24T16:54:56.968Z
Insert collections:
==========
13 ops per second (131 total)
91 records per second (917 total)
75.870229 ms mean duration
percentiles: [P95: 184]
7.000000 / 7.000000 / 7.000000 Batch size avg / min / max
[util %: 99.340330 -- report computed in 0]
Insert transactions:
==========
39 ops per second (397 total)
25805 records per second (258050 total)
145.682620 ms mean duration
percentiles: [P95: 287]
650.000000 / 650.000000 / 650.000000 Batch size avg / min / max
[util %: 578.070965 -- report computed in 0]
2026-04-24 12:55:06.974 [pool-1-thread-1] INFO  o.s.loadsimrunner.report.Reporter:74 - 2026-04-24T16:55:06.973Z
Insert collections:
==========
15 ops per second (157 total)
109 records per second (1099 total)
63.821656 ms mean duration
percentiles: [P95: 76]
7.000000 / 7.000000 / 7.000000 Batch size avg / min / max
[util %: 100.149925 -- report computed in 0]
Insert transactions:
==========
41 ops per second (411 total)
26715 records per second (267150 total)
142.459854 ms mean duration
percentiles: [P95: 341]
650.000000 / 650.000000 / 650.000000 Batch size avg / min / max
[util %: 585.217391 -- report computed in 0]
2026-04-24 12:55:12.727 [Thread-6] INFO  o.s.l.runner.AbstractRunner:84 - Workload Insert collections stopping.
2026-04-24 12:55:16.979 [pool-1-thread-1] INFO  o.s.loadsimrunner.report.Reporter:74 - 2026-04-24T16:55:16.978Z
Insert collections:
==========
7 ops per second (80 total)
56 records per second (560 total)
72.000000 ms mean duration
percentiles: [P95: 130]
7.000000 / 7.000000 / 7.000000 Batch size avg / min / max
[util %: 57.571214 -- report computed in 0]
Insert transactions:
==========
39 ops per second (394 total)
25610 records per second (256100 total)
148.728426 ms mean duration
percentiles: [P95: 361]
650.000000 / 650.000000 / 650.000000 Batch size avg / min / max
[util %: 585.697151 -- report computed in 1]
2026-04-24 12:55:26.984 [pool-1-thread-1] INFO  o.s.loadsimrunner.report.Reporter:74 - 2026-04-24T16:55:26.984Z
Insert transactions:
==========
39 ops per second (392 total)
25480 records per second (254800 total)
147.931122 ms mean duration
percentiles: [P95: 233]
650.000000 / 650.000000 / 650.000000 Batch size avg / min / max
[util %: 579.542275 -- report computed in 0]
2026-04-24 12:55:36.988 [pool-1-thread-1] INFO  o.s.loadsimrunner.report.Reporter:74 - 2026-04-24T16:55:36.987Z
Insert transactions:
==========
34 ops per second (344 total)
22360 records per second (223600 total)
169.563953 ms mean duration
percentiles: [P95: 361]
650.000000 / 650.000000 / 650.000000 Batch size avg / min / max
[util %: 583.125062 -- report computed in 0]
2026-04-24 12:55:46.992 [pool-1-thread-1] INFO  o.s.loadsimrunner.report.Reporter:74 - 2026-04-24T16:55:46.992Z
Insert transactions:
==========
32 ops per second (330 total)
21450 records per second (214500 total)
177.518182 ms mean duration
percentiles: [P95: 240]
650.000000 / 650.000000 / 650.000000 Batch size avg / min / max
[util %: 585.517241 -- report computed in 0]
2026-04-24 12:55:56.997 [pool-1-thread-1] INFO  o.s.loadsimrunner.report.Reporter:74 - 2026-04-24T16:55:56.997Z
Insert transactions:
==========
34 ops per second (345 total)
22425 records per second (224250 total)
169.866667 ms mean duration
percentiles: [P95: 318]
650.000000 / 650.000000 / 650.000000 Batch size avg / min / max
[util %: 585.747126 -- report computed in 0]
2026-04-24 12:56:07.004 [pool-1-thread-1] INFO  o.s.loadsimrunner.report.Reporter:74 - 2026-04-24T16:56:07.003Z
Insert transactions:
==========
38 ops per second (381 total)
24765 records per second (247650 total)
152.191601 ms mean duration
percentiles: [P95: 212]
650.000000 / 650.000000 / 650.000000 Batch size avg / min / max
[util %: 579.502299 -- report computed in 0]
2026-04-24 12:56:17.006 [pool-1-thread-1] INFO  o.s.loadsimrunner.report.Reporter:74 - 2026-04-24T16:56:17.006Z
Insert transactions:
==========
32 ops per second (325 total)
21125 records per second (211250 total)
181.520000 ms mean duration
percentiles: [P95: 302]
650.000000 / 650.000000 / 650.000000 Batch size avg / min / max
[util %: 589.763071 -- report computed in 0]
2026-04-24 12:56:27.012 [pool-1-thread-1] INFO  o.s.loadsimrunner.report.Reporter:74 - 2026-04-24T16:56:27.011Z
Insert transactions:
==========
31 ops per second (319 total)
20735 records per second (207350 total)
184.087774 ms mean duration
percentiles: [P95: 396]
650.000000 / 650.000000 / 650.000000 Batch size avg / min / max
[util %: 586.946527 -- report computed in 0]
2026-04-24 12:56:37.016 [pool-1-thread-1] INFO  o.s.loadsimrunner.report.Reporter:74 - 2026-04-24T16:56:37.016Z
Insert transactions:
==========
33 ops per second (333 total)
21645 records per second (216450 total)
175.219219 ms mean duration
percentiles: [P95: 240]
650.000000 / 650.000000 / 650.000000 Batch size avg / min / max
[util %: 583.188406 -- report computed in 0]
2026-04-24 12:56:47.020 [pool-1-thread-1] INFO  o.s.loadsimrunner.report.Reporter:74 - 2026-04-24T16:56:47.020Z
Insert transactions:
==========
32 ops per second (330 total)
21450 records per second (214500 total)
179.527273 ms mean duration
percentiles: [P95: 368]
650.000000 / 650.000000 / 650.000000 Batch size avg / min / max
[util %: 592.203119 -- report computed in 0]
2026-04-24 12:56:57.026 [pool-1-thread-1] INFO  o.s.loadsimrunner.report.Reporter:74 - 2026-04-24T16:56:57.025Z
Insert transactions:
==========
31 ops per second (317 total)
20605 records per second (206050 total)
184.479495 ms mean duration
percentiles: [P95: 374]
650.000000 / 650.000000 / 650.000000 Batch size avg / min / max
[util %: 584.507746 -- report computed in 0]
2026-04-24 12:57:07.031 [pool-1-thread-1] INFO  o.s.loadsimrunner.report.Reporter:74 - 2026-04-24T16:57:07.030Z
Insert transactions:
==========
35 ops per second (358 total)
23270 records per second (232700 total)
162.625698 ms mean duration
percentiles: [P95: 340]
650.000000 / 650.000000 / 650.000000 Batch size avg / min / max
[util %: 581.909045 -- report computed in 1]
2026-04-24 12:57:17.040 [pool-1-thread-1] INFO  o.s.loadsimrunner.report.Reporter:74 - 2026-04-24T16:57:17.039Z
Insert transactions:
==========
35 ops per second (355 total)
23075 records per second (230750 total)
165.357746 ms mean duration
percentiles: [P95: 316]
650.000000 / 650.000000 / 650.000000 Batch size avg / min / max
[util %: 586.492157 -- report computed in 0]
2026-04-24 12:57:27.045 [pool-1-thread-1] INFO  o.s.loadsimrunner.report.Reporter:74 - 2026-04-24T16:57:27.044Z
Insert transactions:
==========
32 ops per second (323 total)
20995 records per second (209950 total)
182.006192 ms mean duration
percentiles: [P95: 358]
650.000000 / 650.000000 / 650.000000 Batch size avg / min / max
[util %: 587.586207 -- report computed in 1]
2026-04-24 12:57:37.047 [pool-1-thread-1] INFO  o.s.loadsimrunner.report.Reporter:74 - 2026-04-24T16:57:37.046Z
Insert transactions:
==========
32 ops per second (324 total)
21060 records per second (210600 total)
181.990741 ms mean duration
percentiles: [P95: 358]
650.000000 / 650.000000 / 650.000000 Batch size avg / min / max
[util %: 589.532094 -- report computed in 1]
2026-04-24 12:57:47.052 [pool-1-thread-1] INFO  o.s.loadsimrunner.report.Reporter:74 - 2026-04-24T16:57:47.052Z
Insert transactions:
==========
31 ops per second (315 total)
20475 records per second (204750 total)
187.419048 ms mean duration
percentiles: [P95: 395]
650.000000 / 650.000000 / 650.000000 Batch size avg / min / max
[util %: 590.015990 -- report computed in 0]
2026-04-24 12:57:57.054 [pool-1-thread-1] INFO  o.s.loadsimrunner.report.Reporter:74 - 2026-04-24T16:57:57.054Z
Insert transactions:
==========
34 ops per second (345 total)
22425 records per second (224250 total)
169.872464 ms mean duration
percentiles: [P95: 229]
650.000000 / 650.000000 / 650.000000 Batch size avg / min / max
[util %: 585.942811 -- report computed in 0]
2026-04-24 12:58:07.059 [pool-1-thread-1] INFO  o.s.loadsimrunner.report.Reporter:74 - 2026-04-24T16:58:07.059Z
Insert transactions:
==========
33 ops per second (335 total)
21775 records per second (217750 total)
176.534328 ms mean duration
percentiles: [P95: 371]
650.000000 / 650.000000 / 650.000000 Batch size avg / min / max
[util %: 591.094453 -- report computed in 0]
2026-04-24 12:58:17.065 [pool-1-thread-1] INFO  o.s.loadsimrunner.report.Reporter:74 - 2026-04-24T16:58:17.064Z
Insert transactions:
==========
33 ops per second (339 total)
22035 records per second (220350 total)
174.554572 ms mean duration
percentiles: [P95: 371]
650.000000 / 650.000000 / 650.000000 Batch size avg / min / max
[util %: 591.444278 -- report computed in 0]
2026-04-24 12:58:27.066 [pool-1-thread-1] INFO  o.s.loadsimrunner.report.Reporter:74 - 2026-04-24T16:58:27.066Z
Insert transactions:
==========
35 ops per second (359 total)
23335 records per second (233350 total)
164.036212 ms mean duration
percentiles: [P95: 361]
650.000000 / 650.000000 / 650.000000 Batch size avg / min / max
[util %: 588.772246 -- report computed in 0]
2026-04-24 12:58:37.071 [pool-1-thread-1] INFO  o.s.loadsimrunner.report.Reporter:74 - 2026-04-24T16:58:37.071Z
Insert transactions:
==========
36 ops per second (367 total)
23855 records per second (238550 total)
161.901907 ms mean duration
percentiles: [P95: 216]
650.000000 / 650.000000 / 650.000000 Batch size avg / min / max
[util %: 593.883058 -- report computed in 0]
2026-04-24 12:58:47.075 [pool-1-thread-1] INFO  o.s.loadsimrunner.report.Reporter:74 - 2026-04-24T16:58:47.072Z
Insert transactions:
==========
33 ops per second (339 total)
22035 records per second (220350 total)
173.507375 ms mean duration
percentiles: [P95: 231]
650.000000 / 650.000000 / 650.000000 Batch size avg / min / max
[util %: 588.131187 -- report computed in 1]
2026-04-24 12:58:57.078 [pool-1-thread-1] INFO  o.s.loadsimrunner.report.Reporter:74 - 2026-04-24T16:58:57.077Z
Insert transactions:
==========
35 ops per second (353 total)
22945 records per second (229450 total)
166.297450 ms mean duration
percentiles: [P95: 231]
650.000000 / 650.000000 / 650.000000 Batch size avg / min / max
[util %: 586.736632 -- report computed in 0]
2026-04-24 12:59:07.080 [pool-1-thread-1] INFO  o.s.loadsimrunner.report.Reporter:74 - 2026-04-24T16:59:07.079Z
Insert transactions:
==========
35 ops per second (355 total)
23075 records per second (230750 total)
165.777465 ms mean duration
percentiles: [P95: 226]
650.000000 / 650.000000 / 650.000000 Batch size avg / min / max
[util %: 588.392322 -- report computed in 0]
2026-04-24 12:59:17.084 [pool-1-thread-1] INFO  o.s.loadsimrunner.report.Reporter:74 - 2026-04-24T16:59:17.084Z
Insert transactions:
==========
38 ops per second (383 total)
24895 records per second (248950 total)
153.971279 ms mean duration
percentiles: [P95: 209]
650.000000 / 650.000000 / 650.000000 Batch size avg / min / max
[util %: 589.415292 -- report computed in 0]
2026-04-24 12:59:27.090 [pool-1-thread-1] INFO  o.s.loadsimrunner.report.Reporter:74 - 2026-04-24T16:59:27.089Z
Insert transactions:
==========
34 ops per second (348 total)
22620 records per second (226200 total)
168.063218 ms mean duration
percentiles: [P95: 215]
650.000000 / 650.000000 / 650.000000 Batch size avg / min / max
[util %: 584.567716 -- report computed in 0]
2026-04-24 12:59:37.097 [pool-1-thread-1] INFO  o.s.loadsimrunner.report.Reporter:74 - 2026-04-24T16:59:37.095Z
Insert transactions:
==========
33 ops per second (331 total)
21515 records per second (215150 total)
175.700906 ms mean duration
percentiles: [P95: 270]
650.000000 / 650.000000 / 650.000000 Batch size avg / min / max
[util %: 581.221267 -- report computed in 0]
2026-04-24 12:59:47.097 [pool-1-thread-1] INFO  o.s.loadsimrunner.report.Reporter:74 - 2026-04-24T16:59:47.097Z
Insert transactions:
==========
34 ops per second (341 total)
22165 records per second (221650 total)
172.750733 ms mean duration
percentiles: [P95: 226]
650.000000 / 650.000000 / 650.000000 Batch size avg / min / max
[util %: 588.962208 -- report computed in 0]
2026-04-24 12:59:57.102 [pool-1-thread-1] INFO  o.s.loadsimrunner.report.Reporter:74 - 2026-04-24T16:59:57.100Z
Insert transactions:
==========
31 ops per second (317 total)
20605 records per second (206050 total)
183.895899 ms mean duration
percentiles: [P95: 240]
650.000000 / 650.000000 / 650.000000 Batch size avg / min / max
[util %: 582.775167 -- report computed in 0]
2026-04-24 13:00:07.107 [pool-1-thread-1] INFO  o.s.loadsimrunner.report.Reporter:74 - 2026-04-24T17:00:07.106Z
Insert transactions:
==========
31 ops per second (316 total)
20540 records per second (205400 total)
185.265823 ms mean duration
percentiles: [P95: 248]
650.000000 / 650.000000 / 650.000000 Batch size avg / min / max
[util %: 585.088947 -- report computed in 0]
2026-04-24 13:00:17.112 [pool-1-thread-1] INFO  o.s.loadsimrunner.report.Reporter:74 - 2026-04-24T17:00:17.111Z
Insert transactions:
==========
33 ops per second (338 total)
21970 records per second (219700 total)
172.736686 ms mean duration
percentiles: [P95: 225]
650.000000 / 650.000000 / 650.000000 Batch size avg / min / max
[util %: 583.558221 -- report computed in 0]
2026-04-24 13:00:27.117 [pool-1-thread-1] INFO  o.s.loadsimrunner.report.Reporter:74 - 2026-04-24T17:00:27.116Z
Insert transactions:
==========
32 ops per second (324 total)
21060 records per second (210600 total)
180.521605 ms mean duration
percentiles: [P95: 232]
650.000000 / 650.000000 / 650.000000 Batch size avg / min / max
[util %: 584.597701 -- report computed in 0]
2026-04-24 13:00:37.117 [pool-1-thread-1] INFO  o.s.loadsimrunner.report.Reporter:74 - 2026-04-24T17:00:37.117Z
Insert transactions:
==========
33 ops per second (332 total)
21580 records per second (215800 total)
177.174699 ms mean duration
percentiles: [P95: 233]
650.000000 / 650.000000 / 650.000000 Batch size avg / min / max
[util %: 588.161184 -- report computed in 0]
2026-04-24 13:00:47.122 [pool-1-thread-1] INFO  o.s.loadsimrunner.report.Reporter:74 - 2026-04-24T17:00:47.122Z
Insert transactions:
==========
33 ops per second (332 total)
21580 records per second (215800 total)
174.466867 ms mean duration
percentiles: [P95: 222]
650.000000 / 650.000000 / 650.000000 Batch size avg / min / max
[util %: 578.940530 -- report computed in 0]
2026-04-24 13:00:57.125 [pool-1-thread-1] INFO  o.s.loadsimrunner.report.Reporter:74 - 2026-04-24T17:00:57.125Z
Insert transactions:
==========
34 ops per second (349 total)
22685 records per second (226850 total)
169.080229 ms mean duration
percentiles: [P95: 216]
650.000000 / 650.000000 / 650.000000 Batch size avg / min / max
[util %: 589.913026 -- report computed in 0]
2026-04-24 13:01:07.130 [pool-1-thread-1] INFO  o.s.loadsimrunner.report.Reporter:74 - 2026-04-24T17:01:07.130Z
Insert transactions:
==========
31 ops per second (320 total)
20800 records per second (208000 total)
181.431250 ms mean duration
percentiles: [P95: 237]
650.000000 / 650.000000 / 650.000000 Batch size avg / min / max
[util %: 580.289855 -- report computed in 0]
2026-04-24 13:01:17.135 [pool-1-thread-1] INFO  o.s.loadsimrunner.report.Reporter:74 - 2026-04-24T17:01:17.134Z
Insert transactions:
==========
34 ops per second (348 total)
22620 records per second (226200 total)
169.379310 ms mean duration
percentiles: [P95: 215]
650.000000 / 650.000000 / 650.000000 Batch size avg / min / max
[util %: 589.204318 -- report computed in 1]
2026-04-24 13:01:27.140 [pool-1-thread-1] INFO  o.s.loadsimrunner.report.Reporter:74 - 2026-04-24T17:01:27.140Z
Insert transactions:
==========
31 ops per second (317 total)
20605 records per second (206050 total)
183.353312 ms mean duration
percentiles: [P95: 345]
650.000000 / 650.000000 / 650.000000 Batch size avg / min / max
[util %: 580.881471 -- report computed in 0]
2026-04-24 13:01:37.144 [pool-1-thread-1] INFO  o.s.loadsimrunner.report.Reporter:74 - 2026-04-24T17:01:37.143Z
Insert transactions:
==========
33 ops per second (331 total)
21515 records per second (215150 total)
179.054381 ms mean duration
percentiles: [P95: 237]
650.000000 / 650.000000 / 650.000000 Batch size avg / min / max
[util %: 592.492252 -- report computed in 0]
2026-04-24 13:01:47.147 [pool-1-thread-1] INFO  o.s.loadsimrunner.report.Reporter:74 - 2026-04-24T17:01:47.147Z
Insert transactions:
==========
32 ops per second (327 total)
21255 records per second (212550 total)
176.712538 ms mean duration
percentiles: [P95: 219]
650.000000 / 650.000000 / 650.000000 Batch size avg / min / max
[util %: 577.618952 -- report computed in 0]
2026-04-24 13:01:57.151 [pool-1-thread-1] INFO  o.s.loadsimrunner.report.Reporter:74 - 2026-04-24T17:01:57.151Z
Insert transactions:
==========
33 ops per second (332 total)
21580 records per second (215800 total)
178.740964 ms mean duration
percentiles: [P95: 227]
650.000000 / 650.000000 / 650.000000 Batch size avg / min / max
[util %: 593.182727 -- report computed in 0]
2026-04-24 13:02:07.158 [pool-1-thread-1] INFO  o.s.loadsimrunner.report.Reporter:74 - 2026-04-24T17:02:07.156Z
Insert transactions:
==========
21 ops per second (214 total)
13910 records per second (139100 total)
266.757009 ms mean duration
percentiles: [P95: 517]
650.000000 / 650.000000 / 650.000000 Batch size avg / min / max
[util %: 570.574713 -- report computed in 0]
2026-04-24 13:02:17.162 [pool-1-thread-1] INFO  o.s.loadsimrunner.report.Reporter:74 - 2026-04-24T17:02:17.161Z
Insert transactions:
==========
24 ops per second (248 total)
16120 records per second (161200 total)
236.556452 ms mean duration
percentiles: [P95: 511]
650.000000 / 650.000000 / 650.000000 Batch size avg / min / max
[util %: 586.366817 -- report computed in 0]
2026-04-24 13:02:27.162 [pool-1-thread-1] INFO  o.s.loadsimrunner.report.Reporter:74 - 2026-04-24T17:02:27.162Z
Insert transactions:
==========
25 ops per second (254 total)
16510 records per second (165100 total)
233.893701 ms mean duration
percentiles: [P95: 328]
650.000000 / 650.000000 / 650.000000 Batch size avg / min / max
[util %: 594.030597 -- report computed in 0]
2026-04-24 13:02:37.166 [pool-1-thread-1] INFO  o.s.loadsimrunner.report.Reporter:74 - 2026-04-24T17:02:37.166Z
Insert transactions:
==========
27 ops per second (271 total)
17615 records per second (176150 total)
216.560886 ms mean duration
percentiles: [P95: 318]
650.000000 / 650.000000 / 650.000000 Batch size avg / min / max
[util %: 586.645342 -- report computed in 0]
2026-04-24 13:02:47.171 [pool-1-thread-1] INFO  o.s.loadsimrunner.report.Reporter:74 - 2026-04-24T17:02:47.170Z
Insert transactions:
==========
31 ops per second (315 total)
20475 records per second (204750 total)
185.047619 ms mean duration
percentiles: [P95: 271]
650.000000 / 650.000000 / 650.000000 Batch size avg / min / max
[util %: 582.666933 -- report computed in 0]
2026-04-24 13:02:57.178 [pool-1-thread-1] INFO  o.s.loadsimrunner.report.Reporter:74 - 2026-04-24T17:02:57.176Z
Insert transactions:
==========
28 ops per second (285 total)
18525 records per second (185250 total)
203.126316 ms mean duration
percentiles: [P95: 299]
650.000000 / 650.000000 / 650.000000 Batch size avg / min / max
[util %: 578.562862 -- report computed in 0]
2026-04-24 13:03:07.177 [pool-1-thread-1] INFO  o.s.loadsimrunner.report.Reporter:74 - 2026-04-24T17:03:07.177Z
Insert transactions:
==========
15 ops per second (156 total)
10140 records per second (101400 total)
378.314103 ms mean duration
percentiles: [P95: 845]
650.000000 / 650.000000 / 650.000000 Batch size avg / min / max
[util %: 590.110989 -- report computed in 0]
2026-04-24 13:03:17.185 [pool-1-thread-1] INFO  o.s.loadsimrunner.report.Reporter:74 - 2026-04-24T17:03:17.183Z
Insert transactions:
==========
20 ops per second (209 total)
13585 records per second (135850 total)
285.602871 ms mean duration
percentiles: [P95: 386]
650.000000 / 650.000000 / 650.000000 Batch size avg / min / max
[util %: 596.552069 -- report computed in 0]
2026-04-24 13:03:27.189 [pool-1-thread-1] INFO  o.s.loadsimrunner.report.Reporter:74 - 2026-04-24T17:03:27.188Z
Insert transactions:
==========
22 ops per second (226 total)
14690 records per second (146900 total)
259.787611 ms mean duration
percentiles: [P95: 547]
650.000000 / 650.000000 / 650.000000 Batch size avg / min / max
[util %: 586.826587 -- report computed in 0]
2026-04-24 13:03:37.193 [pool-1-thread-1] INFO  o.s.loadsimrunner.report.Reporter:74 - 2026-04-24T17:03:37.191Z
Insert transactions:
==========
29 ops per second (293 total)
19045 records per second (190450 total)
195.310580 ms mean duration
percentiles: [P95: 314]
650.000000 / 650.000000 / 650.000000 Batch size avg / min / max
[util %: 572.088373 -- report computed in 0]
2026-04-24 13:03:47.196 [pool-1-thread-1] INFO  o.s.loadsimrunner.report.Reporter:74 - 2026-04-24T17:03:47.195Z
Insert transactions:
==========
31 ops per second (320 total)
20800 records per second (208000 total)
186.859375 ms mean duration
percentiles: [P95: 259]
650.000000 / 650.000000 / 650.000000 Batch size avg / min / max
[util %: 597.710916 -- report computed in 0]
2026-04-24 13:03:57.197 [pool-1-thread-1] INFO  o.s.loadsimrunner.report.Reporter:74 - 2026-04-24T17:03:57.197Z
Insert transactions:
==========
31 ops per second (311 total)
20215 records per second (202150 total)
187.771704 ms mean duration
percentiles: [P95: 241]
650.000000 / 650.000000 / 650.000000 Batch size avg / min / max
[util %: 583.853229 -- report computed in 0]
2026-04-24 13:04:07.204 [pool-1-thread-1] INFO  o.s.loadsimrunner.report.Reporter:74 - 2026-04-24T17:04:07.202Z
Insert transactions:
==========
28 ops per second (290 total)
18850 records per second (188500 total)
200.924138 ms mean duration
percentiles: [P95: 292]
650.000000 / 650.000000 / 650.000000 Batch size avg / min / max
[util %: 582.388806 -- report computed in 0]
2026-04-24 13:04:17.207 [pool-1-thread-1] INFO  o.s.loadsimrunner.report.Reporter:74 - 2026-04-24T17:04:17.206Z
Insert transactions:
==========
28 ops per second (282 total)
18330 records per second (183300 total)
208.141844 ms mean duration
percentiles: [P95: 343]
650.000000 / 650.000000 / 650.000000 Batch size avg / min / max
[util %: 586.725310 -- report computed in 1]
2026-04-24 13:04:27.211 [pool-1-thread-1] INFO  o.s.loadsimrunner.report.Reporter:74 - 2026-04-24T17:04:27.210Z
Insert transactions:
==========
30 ops per second (308 total)
20020 records per second (200200 total)
189.500000 ms mean duration
percentiles: [P95: 239]
650.000000 / 650.000000 / 650.000000 Batch size avg / min / max
[util %: 583.426629 -- report computed in 1]
2026-04-24 13:04:37.216 [pool-1-thread-1] INFO  o.s.loadsimrunner.report.Reporter:74 - 2026-04-24T17:04:37.216Z
Insert transactions:
==========
23 ops per second (240 total)
15600 records per second (156000 total)
245.179167 ms mean duration
percentiles: [P95: 517]
650.000000 / 650.000000 / 650.000000 Batch size avg / min / max
[util %: 588.077154 -- report computed in 0]
2026-04-24 13:04:47.221 [pool-1-thread-1] INFO  o.s.loadsimrunner.report.Reporter:74 - 2026-04-24T17:04:47.221Z
Insert transactions:
==========
30 ops per second (307 total)
19955 records per second (199550 total)
190.912052 ms mean duration
percentiles: [P95: 268]
650.000000 / 650.000000 / 650.000000 Batch size avg / min / max
[util %: 585.807096 -- report computed in 0]
2026-04-24 13:04:57.225 [pool-1-thread-1] INFO  o.s.loadsimrunner.report.Reporter:74 - 2026-04-24T17:04:57.225Z
Insert transactions:
==========
21 ops per second (213 total)
13845 records per second (138450 total)
275.384977 ms mean duration
percentiles: [P95: 583]
650.000000 / 650.000000 / 650.000000 Batch size avg / min / max
[util %: 586.335466 -- report computed in 0]
2026-04-24 13:05:07.229 [pool-1-thread-1] INFO  o.s.loadsimrunner.report.Reporter:74 - 2026-04-24T17:05:07.228Z
Insert transactions:
==========
23 ops per second (238 total)
15470 records per second (154700 total)
246.512605 ms mean duration
percentiles: [P95: 368]
650.000000 / 650.000000 / 650.000000 Batch size avg / min / max
[util %: 586.524043 -- report computed in 0]
2026-04-24 13:05:17.232 [pool-1-thread-1] INFO  o.s.loadsimrunner.report.Reporter:74 - 2026-04-24T17:05:17.232Z
Insert transactions:
==========
21 ops per second (219 total)
14235 records per second (142350 total)
271.621005 ms mean duration
percentiles: [P95: 477]
650.000000 / 650.000000 / 650.000000 Batch size avg / min / max
[util %: 594.612155 -- report computed in 0]
2026-04-24 13:05:27.237 [pool-1-thread-1] INFO  o.s.loadsimrunner.report.Reporter:74 - 2026-04-24T17:05:27.236Z
Insert transactions:
==========
26 ops per second (261 total)
16965 records per second (169650 total)
224.754789 ms mean duration
percentiles: [P95: 402]
650.000000 / 650.000000 / 650.000000 Batch size avg / min / max
[util %: 586.375450 -- report computed in 1]
2026-04-24 13:05:37.240 [pool-1-thread-1] INFO  o.s.loadsimrunner.report.Reporter:74 - 2026-04-24T17:05:37.240Z
Insert transactions:
==========
27 ops per second (280 total)
18200 records per second (182000 total)
208.867857 ms mean duration
percentiles: [P95: 265]
650.000000 / 650.000000 / 650.000000 Batch size avg / min / max
[util %: 584.596162 -- report computed in 0]
2026-04-24 13:05:47.248 [pool-1-thread-1] INFO  o.s.loadsimrunner.report.Reporter:74 - 2026-04-24T17:05:47.246Z
Insert transactions:
==========
29 ops per second (299 total)
19435 records per second (194350 total)
193.658863 ms mean duration
percentiles: [P95: 466]
650.000000 / 650.000000 / 650.000000 Batch size avg / min / max
[util %: 578.692784 -- report computed in 0]
2026-04-24 13:05:57.251 [pool-1-thread-1] INFO  o.s.loadsimrunner.report.Reporter:74 - 2026-04-24T17:05:57.251Z
Insert transactions:
==========
30 ops per second (307 total)
19955 records per second (199550 total)
189.872964 ms mean duration
percentiles: [P95: 272]
650.000000 / 650.000000 / 650.000000 Batch size avg / min / max
[util %: 582.618691 -- report computed in 0]
2026-04-24 13:06:07.255 [pool-1-thread-1] INFO  o.s.loadsimrunner.report.Reporter:74 - 2026-04-24T17:06:07.255Z
Insert transactions:
==========
28 ops per second (285 total)
18525 records per second (185250 total)
204.343860 ms mean duration
percentiles: [P95: 318]
650.000000 / 650.000000 / 650.000000 Batch size avg / min / max
[util %: 582.147141 -- report computed in 0]
2026-04-24 13:06:17.259 [pool-1-thread-1] INFO  o.s.loadsimrunner.report.Reporter:74 - 2026-04-24T17:06:17.259Z
Insert transactions:
==========
29 ops per second (292 total)
18980 records per second (189800 total)
198.143836 ms mean duration
percentiles: [P95: 284]
650.000000 / 650.000000 / 650.000000 Batch size avg / min / max
[util %: 578.348661 -- report computed in 0]
2026-04-24 13:06:27.265 [pool-1-thread-1] INFO  o.s.loadsimrunner.report.Reporter:74 - 2026-04-24T17:06:27.264Z
Insert transactions:
==========
22 ops per second (224 total)
14560 records per second (145600 total)
255.910714 ms mean duration
percentiles: [P95: 661]
650.000000 / 650.000000 / 650.000000 Batch size avg / min / max
[util %: 572.953523 -- report computed in 0]
2026-04-24 13:06:37.266 [pool-1-thread-1] INFO  o.s.loadsimrunner.report.Reporter:74 - 2026-04-24T17:06:37.266Z
Insert transactions:
==========
26 ops per second (265 total)
17225 records per second (172250 total)
222.943396 ms mean duration
percentiles: [P95: 397]
650.000000 / 650.000000 / 650.000000 Batch size avg / min / max
[util %: 590.681864 -- report computed in 0]
2026-04-24 13:06:47.267 [pool-1-thread-1] INFO  o.s.loadsimrunner.report.Reporter:74 - 2026-04-24T17:06:47.266Z
Insert transactions:
==========
25 ops per second (256 total)
16640 records per second (166400 total)
228.281250 ms mean duration
percentiles: [P95: 433]
650.000000 / 650.000000 / 650.000000 Batch size avg / min / max
[util %: 584.400000 -- report computed in 1]
2026-04-24 13:06:57.272 [pool-1-thread-1] INFO  o.s.loadsimrunner.report.Reporter:74 - 2026-04-24T17:06:57.272Z
Insert transactions:
==========
28 ops per second (287 total)
18655 records per second (186550 total)
202.278746 ms mean duration
percentiles: [P95: 297]
650.000000 / 650.000000 / 650.000000 Batch size avg / min / max
[util %: 580.191885 -- report computed in 0]
2026-04-24 13:07:07.275 [pool-1-thread-1] INFO  o.s.loadsimrunner.report.Reporter:74 - 2026-04-24T17:07:07.274Z
Insert transactions:
==========
28 ops per second (282 total)
18330 records per second (183300 total)
207.602837 ms mean duration
percentiles: [P95: 301]
650.000000 / 650.000000 / 650.000000 Batch size avg / min / max
[util %: 585.322935 -- report computed in 0]
2026-04-24 13:07:17.282 [pool-1-thread-1] INFO  o.s.loadsimrunner.report.Reporter:74 - 2026-04-24T17:07:17.281Z
Insert transactions:
==========
26 ops per second (269 total)
17485 records per second (174850 total)
216.613383 ms mean duration
percentiles: [P95: 345]
650.000000 / 650.000000 / 650.000000 Batch size avg / min / max
[util %: 582.282402 -- report computed in 0]
2026-04-24 13:07:27.292 [pool-1-thread-1] INFO  o.s.loadsimrunner.report.Reporter:74 - 2026-04-24T17:07:27.286Z
Insert transactions:
==========
25 ops per second (253 total)
16445 records per second (164450 total)
227.335968 ms mean duration
percentiles: [P95: 386]
650.000000 / 650.000000 / 650.000000 Batch size avg / min / max
[util %: 574.872564 -- report computed in 0]
2026-04-24 13:07:37.290 [pool-1-thread-1] INFO  o.s.loadsimrunner.report.Reporter:74 - 2026-04-24T17:07:37.290Z
Insert transactions:
==========
27 ops per second (278 total)
18070 records per second (180700 total)
206.147482 ms mean duration
percentiles: [P95: 325]
650.000000 / 650.000000 / 650.000000 Batch size avg / min / max
[util %: 572.860856 -- report computed in 0]
2026-04-24 13:07:47.295 [pool-1-thread-1] INFO  o.s.loadsimrunner.report.Reporter:74 - 2026-04-24T17:07:47.294Z
Insert transactions:
==========
27 ops per second (279 total)
18135 records per second (181350 total)
212.358423 ms mean duration
percentiles: [P95: 316]
650.000000 / 650.000000 / 650.000000 Batch size avg / min / max
[util %: 592.243103 -- report computed in 0]
2026-04-24 13:07:57.295 [pool-1-thread-1] INFO  o.s.loadsimrunner.report.Reporter:74 - 2026-04-24T17:07:57.295Z
Insert transactions:
==========
23 ops per second (234 total)
15210 records per second (152100 total)
248.004274 ms mean duration
percentiles: [P95: 529]
650.000000 / 650.000000 / 650.000000 Batch size avg / min / max
[util %: 580.271973 -- report computed in 0]
2026-04-24 13:08:07.297 [pool-1-thread-1] INFO  o.s.loadsimrunner.report.Reporter:74 - 2026-04-24T17:08:07.296Z
Insert transactions:
==========
26 ops per second (267 total)
17355 records per second (173550 total)
215.614232 ms mean duration
percentiles: [P95: 353]
650.000000 / 650.000000 / 650.000000 Batch size avg / min / max
[util %: 575.632437 -- report computed in 0]
2026-04-24 13:08:17.299 [pool-1-thread-1] INFO  o.s.loadsimrunner.report.Reporter:74 - 2026-04-24T17:08:17.298Z
Insert transactions:
==========
24 ops per second (246 total)
15990 records per second (159900 total)
237.207317 ms mean duration
percentiles: [P95: 344]
650.000000 / 650.000000 / 650.000000 Batch size avg / min / max
[util %: 583.413317 -- report computed in 1]
2026-04-24 13:08:27.304 [pool-1-thread-1] INFO  o.s.loadsimrunner.report.Reporter:74 - 2026-04-24T17:08:27.304Z
Insert transactions:
==========
21 ops per second (216 total)
14040 records per second (140400 total)
262.041667 ms mean duration
percentiles: [P95: 489]
650.000000 / 650.000000 / 650.000000 Batch size avg / min / max
[util %: 565.670598 -- report computed in 0]
2026-04-24 13:08:37.306 [pool-1-thread-1] INFO  o.s.loadsimrunner.report.Reporter:74 - 2026-04-24T17:08:37.306Z
Insert transactions:
==========
21 ops per second (217 total)
14105 records per second (141050 total)
277.244240 ms mean duration
percentiles: [P95: 762]
650.000000 / 650.000000 / 650.000000 Batch size avg / min / max
[util %: 601.499700 -- report computed in 0]
2026-04-24 13:08:47.311 [pool-1-thread-1] INFO  o.s.loadsimrunner.report.Reporter:74 - 2026-04-24T17:08:47.311Z
Insert transactions:
==========
26 ops per second (261 total)
16965 records per second (169650 total)
223.954023 ms mean duration
percentiles: [P95: 307]
650.000000 / 650.000000 / 650.000000 Batch size avg / min / max
[util %: 584.227886 -- report computed in 0]
2026-04-24 13:08:57.316 [pool-1-thread-1] INFO  o.s.loadsimrunner.report.Reporter:74 - 2026-04-24T17:08:57.316Z
Insert transactions:
==========
18 ops per second (181 total)
11765 records per second (117650 total)
324.718232 ms mean duration
percentiles: [P95: 966]
650.000000 / 650.000000 / 650.000000 Batch size avg / min / max
[util %: 587.446277 -- report computed in 0]
2026-04-24 13:09:07.321 [pool-1-thread-1] INFO  o.s.loadsimrunner.report.Reporter:74 - 2026-04-24T17:09:07.320Z
Insert transactions:
==========
24 ops per second (248 total)
16120 records per second (161200 total)
235.685484 ms mean duration
percentiles: [P95: 325]
650.000000 / 650.000000 / 650.000000 Batch size avg / min / max
[util %: 584.266293 -- report computed in 0]
2026-04-24 13:09:17.321 [pool-1-thread-1] INFO  o.s.loadsimrunner.report.Reporter:74 - 2026-04-24T17:09:17.321Z
Insert transactions:
==========
32 ops per second (323 total)
20995 records per second (209950 total)
180.702786 ms mean duration
percentiles: [P95: 303]
650.000000 / 650.000000 / 650.000000 Batch size avg / min / max
[util %: 583.611639 -- report computed in 0]
2026-04-24 13:09:27.326 [pool-1-thread-1] INFO  o.s.loadsimrunner.report.Reporter:74 - 2026-04-24T17:09:27.325Z
Insert transactions:
==========
46 ops per second (469 total)
30485 records per second (304850 total)
123.876333 ms mean duration
percentiles: [P95: 179]
650.000000 / 650.000000 / 650.000000 Batch size avg / min / max
[util %: 580.747701 -- report computed in 0]
2026-04-24 13:09:37.331 [pool-1-thread-1] INFO  o.s.loadsimrunner.report.Reporter:74 - 2026-04-24T17:09:37.331Z
Insert transactions:
==========
40 ops per second (403 total)
26195 records per second (261950 total)
144.287841 ms mean duration
percentiles: [P95: 249]
650.000000 / 650.000000 / 650.000000 Batch size avg / min / max
[util %: 581.131321 -- report computed in 0]
2026-04-24 13:09:47.334 [pool-1-thread-1] INFO  o.s.loadsimrunner.report.Reporter:74 - 2026-04-24T17:09:47.334Z
Insert transactions:
==========
46 ops per second (466 total)
30290 records per second (302900 total)
124.459227 ms mean duration
percentiles: [P95: 172]
650.000000 / 650.000000 / 650.000000 Batch size avg / min / max
[util %: 579.806058 -- report computed in 0]
2026-04-24 13:09:57.338 [pool-1-thread-1] INFO  o.s.loadsimrunner.report.Reporter:74 - 2026-04-24T17:09:57.338Z
Insert transactions:
==========
45 ops per second (460 total)
29900 records per second (299000 total)
126.267391 ms mean duration
percentiles: [P95: 170]
650.000000 / 650.000000 / 650.000000 Batch size avg / min / max
[util %: 580.597761 -- report computed in 0]
2026-04-24 13:10:07.343 [pool-1-thread-1] INFO  o.s.loadsimrunner.report.Reporter:74 - 2026-04-24T17:10:07.343Z
Insert transactions:
==========
47 ops per second (475 total)
30875 records per second (308750 total)
122.461053 ms mean duration
percentiles: [P95: 167]
650.000000 / 650.000000 / 650.000000 Batch size avg / min / max
[util %: 581.399300 -- report computed in 0]
2026-04-24 13:10:17.348 [pool-1-thread-1] INFO  o.s.loadsimrunner.report.Reporter:74 - 2026-04-24T17:10:17.348Z
Insert transactions:
==========
46 ops per second (465 total)
30225 records per second (302250 total)
125.847312 ms mean duration
percentiles: [P95: 183]
650.000000 / 650.000000 / 650.000000 Batch size avg / min / max
[util %: 584.897551 -- report computed in 0]
2026-04-24 13:10:27.354 [pool-1-thread-1] INFO  o.s.loadsimrunner.report.Reporter:74 - 2026-04-24T17:10:27.353Z
Insert transactions:
==========
41 ops per second (420 total)
27300 records per second (273000 total)
138.516667 ms mean duration
percentiles: [P95: 251]
650.000000 / 650.000000 / 650.000000 Batch size avg / min / max
[util %: 581.479260 -- report computed in 0]
2026-04-24 13:10:37.359 [pool-1-thread-1] INFO  o.s.loadsimrunner.report.Reporter:74 - 2026-04-24T17:10:37.358Z
Insert transactions:
==========
46 ops per second (469 total)
30485 records per second (304850 total)
124.104478 ms mean duration
percentiles: [P95: 166]
650.000000 / 650.000000 / 650.000000 Batch size avg / min / max
[util %: 581.759120 -- report computed in 1]
2026-04-24 13:10:47.364 [pool-1-thread-1] INFO  o.s.loadsimrunner.report.Reporter:74 - 2026-04-24T17:10:47.364Z
Insert transactions:
==========
39 ops per second (399 total)
25935 records per second (259350 total)
145.634085 ms mean duration
percentiles: [P95: 284]
650.000000 / 650.000000 / 650.000000 Batch size avg / min / max
[util %: 580.731561 -- report computed in 0]
2026-04-24 13:10:57.369 [pool-1-thread-1] INFO  o.s.loadsimrunner.report.Reporter:74 - 2026-04-24T17:10:57.369Z
Insert transactions:
==========
46 ops per second (463 total)
30095 records per second (300950 total)
124.092873 ms mean duration
percentiles: [P95: 175]
650.000000 / 650.000000 / 650.000000 Batch size avg / min / max
[util %: 574.262869 -- report computed in 0]
2026-04-24 13:11:07.373 [pool-1-thread-1] INFO  o.s.loadsimrunner.report.Reporter:74 - 2026-04-24T17:11:07.373Z
Insert transactions:
==========
44 ops per second (447 total)
29055 records per second (290550 total)
131.568233 ms mean duration
percentiles: [P95: 185]
650.000000 / 650.000000 / 650.000000 Batch size avg / min / max
[util %: 587.874850 -- report computed in 0]
2026-04-24 13:11:17.378 [pool-1-thread-1] INFO  o.s.loadsimrunner.report.Reporter:74 - 2026-04-24T17:11:17.378Z
Insert transactions:
==========
41 ops per second (413 total)
26845 records per second (268450 total)
141.130751 ms mean duration
percentiles: [P95: 170]
650.000000 / 650.000000 / 650.000000 Batch size avg / min / max
[util %: 582.578711 -- report computed in 0]
2026-04-24 13:11:27.384 [pool-1-thread-1] INFO  o.s.loadsimrunner.report.Reporter:74 - 2026-04-24T17:11:27.383Z
Insert transactions:
==========
37 ops per second (379 total)
24635 records per second (246350 total)
154.187335 ms mean duration
percentiles: [P95: 206]
650.000000 / 650.000000 / 650.000000 Batch size avg / min / max
[util %: 584.077961 -- report computed in 0]
2026-04-24 13:11:37.389 [pool-1-thread-1] INFO  o.s.loadsimrunner.report.Reporter:74 - 2026-04-24T17:11:37.388Z
Insert transactions:
==========
45 ops per second (454 total)
29510 records per second (295100 total)
126.539648 ms mean duration
percentiles: [P95: 221]
650.000000 / 650.000000 / 650.000000 Batch size avg / min / max
[util %: 574.202899 -- report computed in 0]
2026-04-24 13:11:47.395 [pool-1-thread-1] INFO  o.s.loadsimrunner.report.Reporter:74 - 2026-04-24T17:11:47.394Z
Insert transactions:
==========
44 ops per second (447 total)
29055 records per second (290550 total)
130.700224 ms mean duration
percentiles: [P95: 238]
650.000000 / 650.000000 / 650.000000 Batch size avg / min / max
[util %: 583.879672 -- report computed in 0]
2026-04-24 13:11:57.399 [pool-1-thread-1] INFO  o.s.loadsimrunner.report.Reporter:74 - 2026-04-24T17:11:57.399Z
Insert transactions:
==========
40 ops per second (403 total)
26195 records per second (261950 total)
143.320099 ms mean duration
percentiles: [P95: 263]
650.000000 / 650.000000 / 650.000000 Batch size avg / min / max
[util %: 577.291354 -- report computed in 0]
2026-04-24 13:12:07.404 [pool-1-thread-1] INFO  o.s.loadsimrunner.report.Reporter:74 - 2026-04-24T17:12:07.404Z
Insert transactions:
==========
46 ops per second (466 total)
30290 records per second (302900 total)
126.238197 ms mean duration
percentiles: [P95: 181]
650.000000 / 650.000000 / 650.000000 Batch size avg / min / max
[util %: 587.976012 -- report computed in 0]
2026-04-24 13:12:17.406 [pool-1-thread-1] INFO  o.s.loadsimrunner.report.Reporter:74 - 2026-04-24T17:12:17.406Z
Insert transactions:
==========
44 ops per second (444 total)
28860 records per second (288600 total)
131.497748 ms mean duration
percentiles: [P95: 182]
650.000000 / 650.000000 / 650.000000 Batch size avg / min / max
[util %: 583.733253 -- report computed in 0]
2026-04-24 13:12:27.410 [pool-1-thread-1] INFO  o.s.loadsimrunner.report.Reporter:74 - 2026-04-24T17:12:27.410Z
Insert transactions:
==========
38 ops per second (382 total)
24830 records per second (248300 total)
151.829843 ms mean duration
percentiles: [P95: 189]
650.000000 / 650.000000 / 650.000000 Batch size avg / min / max
[util %: 579.758097 -- report computed in 0]
2026-04-24 13:12:37.413 [pool-1-thread-1] INFO  o.s.loadsimrunner.report.Reporter:74 - 2026-04-24T17:12:37.413Z
Insert transactions:
==========
40 ops per second (408 total)
26520 records per second (265200 total)
143.397059 ms mean duration
percentiles: [P95: 259]
650.000000 / 650.000000 / 650.000000 Batch size avg / min / max
[util %: 584.884535 -- report computed in 0]
2026-04-24 13:12:47.418 [pool-1-thread-1] INFO  o.s.loadsimrunner.report.Reporter:74 - 2026-04-24T17:12:47.418Z
Insert transactions:
==========
45 ops per second (452 total)
29380 records per second (293800 total)
128.904867 ms mean duration
percentiles: [P95: 175]
650.000000 / 650.000000 / 650.000000 Batch size avg / min / max
[util %: 582.358821 -- report computed in 0]
2026-04-24 13:12:57.422 [pool-1-thread-1] INFO  o.s.loadsimrunner.report.Reporter:74 - 2026-04-24T17:12:57.422Z
Insert transactions:
==========
38 ops per second (385 total)
25025 records per second (250250 total)
151.444156 ms mean duration
percentiles: [P95: 286]
650.000000 / 650.000000 / 650.000000 Batch size avg / min / max
[util %: 582.826869 -- report computed in 0]
2026-04-24 13:13:07.427 [pool-1-thread-1] INFO  o.s.loadsimrunner.report.Reporter:74 - 2026-04-24T17:13:07.427Z
Insert transactions:
==========
40 ops per second (401 total)
26065 records per second (260650 total)
144.498753 ms mean duration
percentiles: [P95: 240]
650.000000 / 650.000000 / 650.000000 Batch size avg / min / max
[util %: 579.150425 -- report computed in 0]
2026-04-24 13:13:17.432 [pool-1-thread-1] INFO  o.s.loadsimrunner.report.Reporter:74 - 2026-04-24T17:13:17.432Z
Insert transactions:
==========
42 ops per second (430 total)
27950 records per second (279500 total)
136.100000 ms mean duration
percentiles: [P95: 203]
650.000000 / 650.000000 / 650.000000 Batch size avg / min / max
[util %: 584.937531 -- report computed in 0]
2026-04-24 13:13:27.437 [pool-1-thread-1] INFO  o.s.loadsimrunner.report.Reporter:74 - 2026-04-24T17:13:27.437Z
Insert transactions:
==========
40 ops per second (405 total)
26325 records per second (263250 total)
143.051852 ms mean duration
percentiles: [P95: 190]
650.000000 / 650.000000 / 650.000000 Batch size avg / min / max
[util %: 579.070465 -- report computed in 0]
2026-04-24 13:13:37.443 [pool-1-thread-1] INFO  o.s.loadsimrunner.report.Reporter:74 - 2026-04-24T17:13:37.442Z
Insert transactions:
==========
40 ops per second (407 total)
26455 records per second (264550 total)
141.987715 ms mean duration
percentiles: [P95: 216]
650.000000 / 650.000000 / 650.000000 Batch size avg / min / max
[util %: 577.601199 -- report computed in 0]
2026-04-24 13:13:47.447 [pool-1-thread-1] INFO  o.s.loadsimrunner.report.Reporter:74 - 2026-04-24T17:13:47.447Z
Insert transactions:
==========
45 ops per second (451 total)
29315 records per second (293150 total)
129.982262 ms mean duration
percentiles: [P95: 220]
650.000000 / 650.000000 / 650.000000 Batch size avg / min / max
[util %: 585.927036 -- report computed in 0]
2026-04-24 13:13:57.452 [pool-1-thread-1] INFO  o.s.loadsimrunner.report.Reporter:74 - 2026-04-24T17:13:57.452Z
Insert transactions:
==========
46 ops per second (469 total)
30485 records per second (304850 total)
124.272921 ms mean duration
percentiles: [P95: 161]
650.000000 / 650.000000 / 650.000000 Batch size avg / min / max
[util %: 582.548726 -- report computed in 0]
2026-04-24 13:14:07.457 [pool-1-thread-1] INFO  o.s.loadsimrunner.report.Reporter:74 - 2026-04-24T17:14:07.457Z
Insert transactions:
==========
40 ops per second (410 total)
26650 records per second (266500 total)
142.158537 ms mean duration
percentiles: [P95: 192]
650.000000 / 650.000000 / 650.000000 Batch size avg / min / max
[util %: 582.558721 -- report computed in 0]
2026-04-24 13:14:17.459 [pool-1-thread-1] INFO  o.s.loadsimrunner.report.Reporter:74 - 2026-04-24T17:14:17.459Z
Insert transactions:
==========
39 ops per second (399 total)
25935 records per second (259350 total)
146.964912 ms mean duration
percentiles: [P95: 178]
650.000000 / 650.000000 / 650.000000 Batch size avg / min / max
[util %: 586.272745 -- report computed in 0]
2026-04-24 13:14:27.464 [pool-1-thread-1] INFO  o.s.loadsimrunner.report.Reporter:74 - 2026-04-24T17:14:27.464Z
Insert transactions:
==========
36 ops per second (364 total)
23660 records per second (236600 total)
158.192308 ms mean duration
percentiles: [P95: 215]
650.000000 / 650.000000 / 650.000000 Batch size avg / min / max
[util %: 575.532234 -- report computed in 0]
2026-04-24 13:14:37.469 [pool-1-thread-1] INFO  o.s.loadsimrunner.report.Reporter:74 - 2026-04-24T17:14:37.469Z
Insert transactions:
==========
36 ops per second (361 total)
23465 records per second (234650 total)
163.379501 ms mean duration
percentiles: [P95: 384]
650.000000 / 650.000000 / 650.000000 Batch size avg / min / max
[util %: 589.505247 -- report computed in 0]
2026-04-24 13:14:47.474 [pool-1-thread-1] INFO  o.s.loadsimrunner.report.Reporter:74 - 2026-04-24T17:14:47.474Z
Insert transactions:
==========
41 ops per second (416 total)
27040 records per second (270400 total)
140.834135 ms mean duration
percentiles: [P95: 205]
650.000000 / 650.000000 / 650.000000 Batch size avg / min / max
[util %: 585.577211 -- report computed in 0]
2026-04-24 13:14:57.474 [pool-1-thread-1] INFO  o.s.loadsimrunner.report.Reporter:74 - 2026-04-24T17:14:57.474Z
Insert transactions:
==========
39 ops per second (396 total)
25740 records per second (257400 total)
147.457071 ms mean duration
percentiles: [P95: 325]
650.000000 / 650.000000 / 650.000000 Batch size avg / min / max
[util %: 583.930000 -- report computed in 0]
2026-04-24 13:15:07.475 [pool-1-thread-1] INFO  o.s.loadsimrunner.report.Reporter:74 - 2026-04-24T17:15:07.475Z
Insert transactions:
==========
43 ops per second (432 total)
28080 records per second (280800 total)
134.738426 ms mean duration
percentiles: [P95: 309]
650.000000 / 650.000000 / 650.000000 Batch size avg / min / max
[util %: 582.011799 -- report computed in 0]
2026-04-24 13:15:17.481 [pool-1-thread-1] INFO  o.s.loadsimrunner.report.Reporter:74 - 2026-04-24T17:15:17.480Z
Insert transactions:
==========
40 ops per second (405 total)
26325 records per second (263250 total)
144.145679 ms mean duration
percentiles: [P95: 329]
650.000000 / 650.000000 / 650.000000 Batch size avg / min / max
[util %: 583.498251 -- report computed in 0]
2026-04-24 13:15:27.485 [pool-1-thread-1] INFO  o.s.loadsimrunner.report.Reporter:74 - 2026-04-24T17:15:27.485Z
Insert transactions:
==========
38 ops per second (385 total)
25025 records per second (250250 total)
151.833766 ms mean duration
percentiles: [P95: 326]
650.000000 / 650.000000 / 650.000000 Batch size avg / min / max
[util %: 584.267866 -- report computed in 0]
2026-04-24 13:15:37.491 [pool-1-thread-1] INFO  o.s.loadsimrunner.report.Reporter:74 - 2026-04-24T17:15:37.490Z
Insert transactions:
==========
38 ops per second (387 total)
25155 records per second (251550 total)
151.136951 ms mean duration
percentiles: [P95: 203]
650.000000 / 650.000000 / 650.000000 Batch size avg / min / max
[util %: 584.607696 -- report computed in 0]
2026-04-24 13:15:47.496 [pool-1-thread-1] INFO  o.s.loadsimrunner.report.Reporter:74 - 2026-04-24T17:15:47.496Z
Insert transactions:
==========
35 ops per second (359 total)
23335 records per second (233350 total)
162.640669 ms mean duration
percentiles: [P95: 344]
650.000000 / 650.000000 / 650.000000 Batch size avg / min / max
[util %: 583.529882 -- report computed in 0]
2026-04-24 13:15:57.499 [pool-1-thread-1] INFO  o.s.loadsimrunner.report.Reporter:74 - 2026-04-24T17:15:57.498Z
Insert transactions:
==========
40 ops per second (408 total)
26520 records per second (265200 total)
143.220588 ms mean duration
percentiles: [P95: 350]
650.000000 / 650.000000 / 650.000000 Batch size avg / min / max
[util %: 584.223155 -- report computed in 0]
2026-04-24 13:16:07.502 [pool-1-thread-1] INFO  o.s.loadsimrunner.report.Reporter:74 - 2026-04-24T17:16:07.502Z
Insert transactions:
==========
43 ops per second (432 total)
28080 records per second (280800 total)
134.553241 ms mean duration
percentiles: [P95: 345]
650.000000 / 650.000000 / 650.000000 Batch size avg / min / max
[util %: 581.037585 -- report computed in 0]
2026-04-24 13:16:17.508 [pool-1-thread-1] INFO  o.s.loadsimrunner.report.Reporter:74 - 2026-04-24T17:16:17.507Z
Insert transactions:
==========
42 ops per second (424 total)
27560 records per second (275600 total)
137.549528 ms mean duration
percentiles: [P95: 354]
650.000000 / 650.000000 / 650.000000 Batch size avg / min / max
[util %: 582.918541 -- report computed in 1]
2026-04-24 13:16:27.512 [pool-1-thread-1] INFO  o.s.loadsimrunner.report.Reporter:74 - 2026-04-24T17:16:27.512Z
Insert transactions:
==========
41 ops per second (416 total)
27040 records per second (270400 total)
140.235577 ms mean duration
percentiles: [P95: 366]
650.000000 / 650.000000 / 650.000000 Batch size avg / min / max
[util %: 583.088456 -- report computed in 0]
2026-04-24 13:16:37.517 [pool-1-thread-1] INFO  o.s.loadsimrunner.report.Reporter:74 - 2026-04-24T17:16:37.517Z
Insert transactions:
==========
43 ops per second (435 total)
28275 records per second (282750 total)
133.967816 ms mean duration
percentiles: [P95: 172]
650.000000 / 650.000000 / 650.000000 Batch size avg / min / max
[util %: 582.468766 -- report computed in 0]
2026-04-24 13:16:47.522 [pool-1-thread-1] INFO  o.s.loadsimrunner.report.Reporter:74 - 2026-04-24T17:16:47.521Z
Insert transactions:
==========
40 ops per second (402 total)
26130 records per second (261300 total)
144.748756 ms mean duration
percentiles: [P95: 195]
650.000000 / 650.000000 / 650.000000 Batch size avg / min / max
[util %: 581.657337 -- report computed in 0]
2026-04-24 13:16:57.525 [pool-1-thread-1] INFO  o.s.loadsimrunner.report.Reporter:74 - 2026-04-24T17:16:57.524Z
Insert transactions:
==========
39 ops per second (395 total)
25675 records per second (256750 total)
148.372152 ms mean duration
percentiles: [P95: 262]
650.000000 / 650.000000 / 650.000000 Batch size avg / min / max
[util %: 585.894232 -- report computed in 1]
2026-04-24 13:17:07.530 [pool-1-thread-1] INFO  o.s.loadsimrunner.report.Reporter:74 - 2026-04-24T17:17:07.530Z
Insert transactions:
==========
43 ops per second (437 total)
28405 records per second (284050 total)
133.205950 ms mean duration
percentiles: [P95: 232]
650.000000 / 650.000000 / 650.000000 Batch size avg / min / max
[util %: 581.760943 -- report computed in 0]
2026-04-24 13:17:17.534 [pool-1-thread-1] INFO  o.s.loadsimrunner.report.Reporter:74 - 2026-04-24T17:17:17.534Z
Insert transactions:
==========
45 ops per second (452 total)
29380 records per second (293800 total)
128.858407 ms mean duration
percentiles: [P95: 243]
650.000000 / 650.000000 / 650.000000 Batch size avg / min / max
[util %: 582.207117 -- report computed in 0]
2026-04-24 13:17:27.539 [pool-1-thread-1] INFO  o.s.loadsimrunner.report.Reporter:74 - 2026-04-24T17:17:27.539Z
Insert transactions:
==========
44 ops per second (445 total)
28925 records per second (289250 total)
131.424719 ms mean duration
percentiles: [P95: 244]
650.000000 / 650.000000 / 650.000000 Batch size avg / min / max
[util %: 584.547726 -- report computed in 0]
2026-04-24 13:17:37.540 [pool-1-thread-1] INFO  o.s.loadsimrunner.report.Reporter:74 - 2026-04-24T17:17:37.540Z
Insert transactions:
==========
42 ops per second (428 total)
27820 records per second (278200 total)
135.871495 ms mean duration
percentiles: [P95: 202]
650.000000 / 650.000000 / 650.000000 Batch size avg / min / max
[util %: 581.471853 -- report computed in 0]
2026-04-24 13:17:47.546 [pool-1-thread-1] INFO  o.s.loadsimrunner.report.Reporter:74 - 2026-04-24T17:17:47.545Z
Insert transactions:
==========
42 ops per second (421 total)
27365 records per second (273650 total)
138.752969 ms mean duration
percentiles: [P95: 179]
650.000000 / 650.000000 / 650.000000 Batch size avg / min / max
[util %: 583.858071 -- report computed in 0]
2026-04-24 13:17:57.551 [pool-1-thread-1] INFO  o.s.loadsimrunner.report.Reporter:74 - 2026-04-24T17:17:57.550Z
Insert transactions:
==========
40 ops per second (405 total)
26325 records per second (263250 total)
144.340741 ms mean duration
percentiles: [P95: 188]
650.000000 / 650.000000 / 650.000000 Batch size avg / min / max
[util %: 584.287856 -- report computed in 1]
2026-04-24 13:18:07.556 [pool-1-thread-1] INFO  o.s.loadsimrunner.report.Reporter:74 - 2026-04-24T17:18:07.556Z
Insert transactions:
==========
42 ops per second (421 total)
27365 records per second (273650 total)
138.881235 ms mean duration
percentiles: [P95: 174]
650.000000 / 650.000000 / 650.000000 Batch size avg / min / max
[util %: 584.339396 -- report computed in 0]
2026-04-24 13:18:17.561 [pool-1-thread-1] INFO  o.s.loadsimrunner.report.Reporter:74 - 2026-04-24T17:18:17.561Z
Insert transactions:
==========
46 ops per second (465 total)
30225 records per second (302250 total)
125.240860 ms mean duration
percentiles: [P95: 172]
650.000000 / 650.000000 / 650.000000 Batch size avg / min / max
[util %: 582.078961 -- report computed in 0]
2026-04-24 13:18:27.565 [pool-1-thread-1] INFO  o.s.loadsimrunner.report.Reporter:74 - 2026-04-24T17:18:27.565Z
Insert transactions:
==========
43 ops per second (432 total)
28080 records per second (280800 total)
134.796296 ms mean duration
percentiles: [P95: 177]
650.000000 / 650.000000 / 650.000000 Batch size avg / min / max
[util %: 582.087165 -- report computed in 0]
2026-04-24 13:18:37.571 [pool-1-thread-1] INFO  o.s.loadsimrunner.report.Reporter:74 - 2026-04-24T17:18:37.570Z
Insert transactions:
==========
45 ops per second (454 total)
29510 records per second (295100 total)
127.603524 ms mean duration
percentiles: [P95: 183]
650.000000 / 650.000000 / 650.000000 Batch size avg / min / max
[util %: 579.030485 -- report computed in 1]
2026-04-24 13:18:47.576 [pool-1-thread-1] INFO  o.s.loadsimrunner.report.Reporter:74 - 2026-04-24T17:18:47.576Z
Insert transactions:
==========
44 ops per second (443 total)
28795 records per second (287950 total)
131.995485 ms mean duration
percentiles: [P95: 175]
650.000000 / 650.000000 / 650.000000 Batch size avg / min / max
[util %: 584.389366 -- report computed in 0]
2026-04-24 13:18:57.578 [pool-1-thread-1] INFO  o.s.loadsimrunner.report.Reporter:74 - 2026-04-24T17:18:57.578Z
Insert transactions:
==========
41 ops per second (415 total)
26975 records per second (269750 total)
139.725301 ms mean duration
percentiles: [P95: 193]
650.000000 / 650.000000 / 650.000000 Batch size avg / min / max
[util %: 579.744051 -- report computed in 0]
2026-04-24 13:19:07.583 [pool-1-thread-1] INFO  o.s.loadsimrunner.report.Reporter:74 - 2026-04-24T17:19:07.583Z
Insert transactions:
==========
40 ops per second (409 total)
26585 records per second (265850 total)
142.731051 ms mean duration
percentiles: [P95: 184]
650.000000 / 650.000000 / 650.000000 Batch size avg / min / max
[util %: 583.478261 -- report computed in 0]
2026-04-24 13:19:17.586 [pool-1-thread-1] INFO  o.s.loadsimrunner.report.Reporter:74 - 2026-04-24T17:19:17.585Z
Insert transactions:
==========
45 ops per second (452 total)
29380 records per second (293800 total)
129.511062 ms mean duration
percentiles: [P95: 171]
650.000000 / 650.000000 / 650.000000 Batch size avg / min / max
[util %: 585.272945 -- report computed in 0]
2026-04-24 13:19:27.591 [pool-1-thread-1] INFO  o.s.loadsimrunner.report.Reporter:74 - 2026-04-24T17:19:27.591Z
Insert transactions:
==========
44 ops per second (447 total)
29055 records per second (290550 total)
129.930649 ms mean duration
percentiles: [P95: 169]
650.000000 / 650.000000 / 650.000000 Batch size avg / min / max
[util %: 580.441735 -- report computed in 0]
2026-04-24 13:19:37.595 [pool-1-thread-1] INFO  o.s.loadsimrunner.report.Reporter:74 - 2026-04-24T17:19:37.595Z
Insert transactions:
==========
42 ops per second (430 total)
27950 records per second (279500 total)
134.960465 ms mean duration
percentiles: [P95: 175]
650.000000 / 650.000000 / 650.000000 Batch size avg / min / max
[util %: 580.097961 -- report computed in 0]
2026-04-24 13:19:47.596 [pool-1-thread-1] INFO  o.s.loadsimrunner.report.Reporter:74 - 2026-04-24T17:19:47.596Z
Insert transactions:
==========
47 ops per second (478 total)
31070 records per second (310700 total)
122.330544 ms mean duration
percentiles: [P95: 166]
650.000000 / 650.000000 / 650.000000 Batch size avg / min / max
[util %: 584.681532 -- report computed in 0]
2026-04-24 13:19:57.599 [pool-1-thread-1] INFO  o.s.loadsimrunner.report.Reporter:74 - 2026-04-24T17:19:57.599Z
Insert transactions:
==========
42 ops per second (425 total)
27625 records per second (276250 total)
136.755294 ms mean duration
percentiles: [P95: 188]
650.000000 / 650.000000 / 650.000000 Batch size avg / min / max
[util %: 581.035689 -- report computed in 0]
2026-04-24 13:20:07.604 [pool-1-thread-1] INFO  o.s.loadsimrunner.report.Reporter:74 - 2026-04-24T17:20:07.604Z
Insert transactions:
==========
41 ops per second (413 total)
26845 records per second (268450 total)
141.598063 ms mean duration
percentiles: [P95: 217]
650.000000 / 650.000000 / 650.000000 Batch size avg / min / max
[util %: 584.507746 -- report computed in 0]
2026-04-24 13:20:17.609 [pool-1-thread-1] INFO  o.s.loadsimrunner.report.Reporter:74 - 2026-04-24T17:20:17.609Z
Insert transactions:
==========
42 ops per second (425 total)
27625 records per second (276250 total)
137.491765 ms mean duration
percentiles: [P95: 181]
650.000000 / 650.000000 / 650.000000 Batch size avg / min / max
[util %: 584.047976 -- report computed in 0]
2026-04-24 13:20:27.614 [pool-1-thread-1] INFO  o.s.loadsimrunner.report.Reporter:74 - 2026-04-24T17:20:27.614Z
Insert transactions:
==========
40 ops per second (405 total)
26325 records per second (263250 total)
144.180247 ms mean duration
percentiles: [P95: 182]
650.000000 / 650.000000 / 650.000000 Batch size avg / min / max
[util %: 583.638181 -- report computed in 0]
2026-04-24 13:20:37.618 [pool-1-thread-1] INFO  o.s.loadsimrunner.report.Reporter:74 - 2026-04-24T17:20:37.617Z
Insert transactions:
==========
46 ops per second (461 total)
29965 records per second (299650 total)
126.305857 ms mean duration
percentiles: [P95: 192]
650.000000 / 650.000000 / 650.000000 Batch size avg / min / max
[util %: 582.095371 -- report computed in 0]
2026-04-24 13:20:47.623 [pool-1-thread-1] INFO  o.s.loadsimrunner.report.Reporter:74 - 2026-04-24T17:20:47.622Z
Insert transactions:
==========
42 ops per second (425 total)
27625 records per second (276250 total)
135.534118 ms mean duration
percentiles: [P95: 183]
650.000000 / 650.000000 / 650.000000 Batch size avg / min / max
[util %: 575.732134 -- report computed in 0]
2026-04-24 13:20:57.625 [pool-1-thread-1] INFO  o.s.loadsimrunner.report.Reporter:74 - 2026-04-24T17:20:57.625Z
Insert transactions:
==========
45 ops per second (458 total)
29770 records per second (297700 total)
127.971616 ms mean duration
percentiles: [P95: 175]
650.000000 / 650.000000 / 650.000000 Batch size avg / min / max
[util %: 585.934220 -- report computed in 0]
2026-04-24 13:21:07.630 [pool-1-thread-1] INFO  o.s.loadsimrunner.report.Reporter:74 - 2026-04-24T17:21:07.630Z
Insert transactions:
==========
45 ops per second (452 total)
29380 records per second (293800 total)
128.993363 ms mean duration
percentiles: [P95: 184]
650.000000 / 650.000000 / 650.000000 Batch size avg / min / max
[util %: 582.758621 -- report computed in 0]
2026-04-24 13:21:17.635 [pool-1-thread-1] INFO  o.s.loadsimrunner.report.Reporter:74 - 2026-04-24T17:21:17.635Z
Insert transactions:
==========
44 ops per second (444 total)
28860 records per second (288600 total)
131.418919 ms mean duration
percentiles: [P95: 173]
650.000000 / 650.000000 / 650.000000 Batch size avg / min / max
[util %: 583.208396 -- report computed in 0]
2026-04-24 13:21:27.641 [pool-1-thread-1] INFO  o.s.loadsimrunner.report.Reporter:74 - 2026-04-24T17:21:27.640Z
Insert transactions:
==========
42 ops per second (429 total)
27885 records per second (278850 total)
136.377622 ms mean duration
percentiles: [P95: 174]
650.000000 / 650.000000 / 650.000000 Batch size avg / min / max
[util %: 584.767616 -- report computed in 0]
2026-04-24 13:21:37.646 [pool-1-thread-1] INFO  o.s.loadsimrunner.report.Reporter:74 - 2026-04-24T17:21:37.645Z
Insert transactions:
==========
44 ops per second (444 total)
28860 records per second (288600 total)
131.520270 ms mean duration
percentiles: [P95: 178]
650.000000 / 650.000000 / 650.000000 Batch size avg / min / max
[util %: 583.658171 -- report computed in 1]
2026-04-24 13:21:47.651 [pool-1-thread-1] INFO  o.s.loadsimrunner.report.Reporter:74 - 2026-04-24T17:21:47.651Z
Insert transactions:
==========
44 ops per second (441 total)
28665 records per second (286650 total)
132.335601 ms mean duration
percentiles: [P95: 190]
650.000000 / 650.000000 / 650.000000 Batch size avg / min / max
[util %: 583.250050 -- report computed in 0]
2026-04-24 13:21:57.656 [pool-1-thread-1] INFO  o.s.loadsimrunner.report.Reporter:74 - 2026-04-24T17:21:57.656Z
Insert transactions:
==========
49 ops per second (496 total)
32240 records per second (322400 total)
117.024194 ms mean duration
percentiles: [P95: 159]
650.000000 / 650.000000 / 650.000000 Batch size avg / min / max
[util %: 580.149925 -- report computed in 0]
2026-04-24 13:22:07.661 [pool-1-thread-1] INFO  o.s.loadsimrunner.report.Reporter:74 - 2026-04-24T17:22:07.661Z
Insert transactions:
==========
45 ops per second (460 total)
29900 records per second (299000 total)
126.839130 ms mean duration
percentiles: [P95: 171]
650.000000 / 650.000000 / 650.000000 Batch size avg / min / max
[util %: 583.168416 -- report computed in 0]
2026-04-24 13:22:17.666 [pool-1-thread-1] INFO  o.s.loadsimrunner.report.Reporter:74 - 2026-04-24T17:22:17.666Z
Insert transactions:
==========
44 ops per second (445 total)
28925 records per second (289250 total)
131.557303 ms mean duration
percentiles: [P95: 177]
650.000000 / 650.000000 / 650.000000 Batch size avg / min / max
[util %: 585.137431 -- report computed in 0]
2026-04-24 13:22:27.671 [pool-1-thread-1] INFO  o.s.loadsimrunner.report.Reporter:74 - 2026-04-24T17:22:27.671Z
Insert transactions:
==========
41 ops per second (416 total)
27040 records per second (270400 total)
140.540865 ms mean duration
percentiles: [P95: 192]
650.000000 / 650.000000 / 650.000000 Batch size avg / min / max
[util %: 584.357821 -- report computed in 0]
2026-04-24 13:22:37.677 [pool-1-thread-1] INFO  o.s.loadsimrunner.report.Reporter:74 - 2026-04-24T17:22:37.676Z
Insert transactions:
==========
39 ops per second (395 total)
25675 records per second (256750 total)
147.658228 ms mean duration
percentiles: [P95: 202]
650.000000 / 650.000000 / 650.000000 Batch size avg / min / max
[util %: 582.958521 -- report computed in 0]
2026-04-24 13:22:47.679 [pool-1-thread-1] INFO  o.s.loadsimrunner.report.Reporter:74 - 2026-04-24T17:22:47.678Z
Insert transactions:
==========
38 ops per second (381 total)
24765 records per second (247650 total)
153.590551 ms mean duration
percentiles: [P95: 288]
650.000000 / 650.000000 / 650.000000 Batch size avg / min / max
[util %: 585.062987 -- report computed in 1]
2026-04-24 13:22:57.684 [pool-1-thread-1] INFO  o.s.loadsimrunner.report.Reporter:74 - 2026-04-24T17:22:57.684Z
Insert transactions:
==========
43 ops per second (438 total)
28470 records per second (284700 total)
133.205479 ms mean duration
percentiles: [P95: 244]
650.000000 / 650.000000 / 650.000000 Batch size avg / min / max
[util %: 583.090146 -- report computed in 0]
2026-04-24 13:23:07.689 [pool-1-thread-1] INFO  o.s.loadsimrunner.report.Reporter:74 - 2026-04-24T17:23:07.689Z
Insert transactions:
==========
43 ops per second (437 total)
28405 records per second (284050 total)
133.050343 ms mean duration
percentiles: [P95: 219]
650.000000 / 650.000000 / 650.000000 Batch size avg / min / max
[util %: 581.139430 -- report computed in 0]
2026-04-24 13:23:17.694 [pool-1-thread-1] INFO  o.s.loadsimrunner.report.Reporter:74 - 2026-04-24T17:23:17.694Z
Insert transactions:
==========
45 ops per second (451 total)
29315 records per second (293150 total)
129.991131 ms mean duration
percentiles: [P95: 228]
650.000000 / 650.000000 / 650.000000 Batch size avg / min / max
[util %: 585.967016 -- report computed in 0]
2026-04-24 13:23:27.697 [pool-1-thread-1] INFO  o.s.loadsimrunner.report.Reporter:74 - 2026-04-24T17:23:27.696Z
Insert transactions:
==========
41 ops per second (418 total)
27170 records per second (271700 total)
138.732057 ms mean duration
percentiles: [P95: 263]
650.000000 / 650.000000 / 650.000000 Batch size avg / min / max
[util %: 579.784043 -- report computed in 0]
2026-04-24 13:23:37.702 [pool-1-thread-1] INFO  o.s.loadsimrunner.report.Reporter:74 - 2026-04-24T17:23:37.702Z
Insert transactions:
==========
37 ops per second (379 total)
24635 records per second (246350 total)
154.852243 ms mean duration
percentiles: [P95: 297]
650.000000 / 650.000000 / 650.000000 Batch size avg / min / max
[util %: 586.538077 -- report computed in 0]
2026-04-24 13:23:47.707 [pool-1-thread-1] INFO  o.s.loadsimrunner.report.Reporter:74 - 2026-04-24T17:23:47.707Z
Insert transactions:
==========
38 ops per second (385 total)
25025 records per second (250250 total)
151.748052 ms mean duration
percentiles: [P95: 279]
650.000000 / 650.000000 / 650.000000 Batch size avg / min / max
[util %: 583.938031 -- report computed in 0]
2026-04-24 13:23:57.711 [pool-1-thread-1] INFO  o.s.loadsimrunner.report.Reporter:74 - 2026-04-24T17:23:57.711Z
Insert transactions:
==========
38 ops per second (381 total)
24765 records per second (247650 total)
153.330709 ms mean duration
percentiles: [P95: 313]
650.000000 / 650.000000 / 650.000000 Batch size avg / min / max
[util %: 583.956417 -- report computed in 0]
2026-04-24 13:24:07.714 [pool-1-thread-1] INFO  o.s.loadsimrunner.report.Reporter:74 - 2026-04-24T17:24:07.712Z
Insert transactions:
==========
38 ops per second (389 total)
25285 records per second (252850 total)
148.930591 ms mean duration
percentiles: [P95: 319]
650.000000 / 650.000000 / 650.000000 Batch size avg / min / max
[util %: 579.282072 -- report computed in 1]
2026-04-24 13:24:17.717 [pool-1-thread-1] INFO  o.s.loadsimrunner.report.Reporter:74 - 2026-04-24T17:24:17.717Z
Insert transactions:
==========
45 ops per second (458 total)
29770 records per second (297700 total)
128.198690 ms mean duration
percentiles: [P95: 211]
650.000000 / 650.000000 / 650.000000 Batch size avg / min / max
[util %: 586.856572 -- report computed in 0]
2026-04-24 13:24:27.721 [pool-1-thread-1] INFO  o.s.loadsimrunner.report.Reporter:74 - 2026-04-24T17:24:27.720Z
Insert transactions:
==========
44 ops per second (442 total)
28730 records per second (287300 total)
132.871041 ms mean duration
percentiles: [P95: 223]
650.000000 / 650.000000 / 650.000000 Batch size avg / min / max
[util %: 587.113866 -- report computed in 0]
2026-04-24 13:24:37.726 [pool-1-thread-1] INFO  o.s.loadsimrunner.report.Reporter:74 - 2026-04-24T17:24:37.725Z
Insert transactions:
==========
42 ops per second (423 total)
27495 records per second (274950 total)
138.725768 ms mean duration
percentiles: [P95: 206]
650.000000 / 650.000000 / 650.000000 Batch size avg / min / max
[util %: 586.516742 -- report computed in 0]
2026-04-24 13:24:47.731 [pool-1-thread-1] INFO  o.s.loadsimrunner.report.Reporter:74 - 2026-04-24T17:24:47.730Z
Insert transactions:
==========
39 ops per second (394 total)
25610 records per second (256100 total)
147.241117 ms mean duration
percentiles: [P95: 250]
650.000000 / 650.000000 / 650.000000 Batch size avg / min / max
[util %: 579.840080 -- report computed in 0]
2026-04-24 13:24:57.736 [pool-1-thread-1] INFO  o.s.loadsimrunner.report.Reporter:74 - 2026-04-24T17:24:57.735Z
Insert transactions:
==========
38 ops per second (390 total)
25350 records per second (253500 total)
150.382051 ms mean duration
percentiles: [P95: 233]
650.000000 / 650.000000 / 650.000000 Batch size avg / min / max
[util %: 586.196902 -- report computed in 0]
2026-04-24 13:25:07.739 [pool-1-thread-1] INFO  o.s.loadsimrunner.report.Reporter:74 - 2026-04-24T17:25:07.739Z
Insert transactions:
==========
38 ops per second (386 total)
25090 records per second (250900 total)
151.849741 ms mean duration
percentiles: [P95: 283]
650.000000 / 650.000000 / 650.000000 Batch size avg / min / max
[util %: 585.905638 -- report computed in 0]
2026-04-24 13:25:17.744 [pool-1-thread-1] INFO  o.s.loadsimrunner.report.Reporter:74 - 2026-04-24T17:25:17.744Z
Insert transactions:
==========
39 ops per second (393 total)
25545 records per second (255450 total)
148.343511 ms mean duration
percentiles: [P95: 316]
650.000000 / 650.000000 / 650.000000 Batch size avg / min / max
[util %: 582.698651 -- report computed in 0]
2026-04-24 13:25:27.756 [pool-1-thread-1] INFO  o.s.loadsimrunner.report.Reporter:74 - 2026-04-24T17:25:27.756Z
Insert transactions:
==========
43 ops per second (432 total)
28080 records per second (280800 total)
135.659722 ms mean duration
percentiles: [P95: 270]
650.000000 / 650.000000 / 650.000000 Batch size avg / min / max
[util %: 585.347583 -- report computed in 0]
2026-04-24 13:25:37.759 [pool-1-thread-1] INFO  o.s.loadsimrunner.report.Reporter:74 - 2026-04-24T17:25:37.758Z
Insert transactions:
==========
42 ops per second (428 total)
27820 records per second (278200 total)
135.598131 ms mean duration
percentiles: [P95: 268]
650.000000 / 650.000000 / 650.000000 Batch size avg / min / max
[util %: 580.243951 -- report computed in 0]
2026-04-24 13:25:47.763 [pool-1-thread-1] INFO  o.s.loadsimrunner.report.Reporter:74 - 2026-04-24T17:25:47.763Z
Insert transactions:
==========
43 ops per second (439 total)
28535 records per second (285350 total)
132.849658 ms mean duration
percentiles: [P95: 208]
650.000000 / 650.000000 / 650.000000 Batch size avg / min / max
[util %: 582.918541 -- report computed in 0]
2026-04-24 13:25:57.767 [pool-1-thread-1] INFO  o.s.loadsimrunner.report.Reporter:74 - 2026-04-24T17:25:57.766Z
Insert transactions:
==========
40 ops per second (407 total)
26455 records per second (264550 total)
144.130221 ms mean duration
percentiles: [P95: 282]
650.000000 / 650.000000 / 650.000000 Batch size avg / min / max
[util %: 586.434070 -- report computed in 1]
2026-04-24 13:26:07.773 [pool-1-thread-1] INFO  o.s.loadsimrunner.report.Reporter:74 - 2026-04-24T17:26:07.772Z
Insert transactions:
==========
39 ops per second (396 total)
25740 records per second (257400 total)
145.398990 ms mean duration
percentiles: [P95: 235]
650.000000 / 650.000000 / 650.000000 Batch size avg / min / max
[util %: 575.434739 -- report computed in 0]
2026-04-24 13:26:17.774 [pool-1-thread-1] INFO  o.s.loadsimrunner.report.Reporter:74 - 2026-04-24T17:26:17.773Z
Insert transactions:
==========
39 ops per second (393 total)
25545 records per second (255450 total)
148.470738 ms mean duration
percentiles: [P95: 348]
650.000000 / 650.000000 / 650.000000 Batch size avg / min / max
[util %: 583.431657 -- report computed in 0]
2026-04-24 13:26:27.778 [pool-1-thread-1] INFO  o.s.loadsimrunner.report.Reporter:74 - 2026-04-24T17:26:27.778Z
Insert transactions:
==========
40 ops per second (407 total)
26455 records per second (264550 total)
144.385749 ms mean duration
percentiles: [P95: 306]
650.000000 / 650.000000 / 650.000000 Batch size avg / min / max
[util %: 587.356322 -- report computed in 0]
2026-04-24 13:26:37.782 [pool-1-thread-1] INFO  o.s.loadsimrunner.report.Reporter:74 - 2026-04-24T17:26:37.782Z
Insert transactions:
==========
41 ops per second (413 total)
26845 records per second (268450 total)
141.263923 ms mean duration
percentiles: [P95: 261]
650.000000 / 650.000000 / 650.000000 Batch size avg / min / max
[util %: 583.186725 -- report computed in 0]
2026-04-24 13:26:47.787 [pool-1-thread-1] INFO  o.s.loadsimrunner.report.Reporter:74 - 2026-04-24T17:26:47.787Z
Insert transactions:
==========
42 ops per second (428 total)
27820 records per second (278200 total)
136.348131 ms mean duration
percentiles: [P95: 267]
650.000000 / 650.000000 / 650.000000 Batch size avg / min / max
[util %: 583.278361 -- report computed in 0]
2026-04-24 13:26:57.792 [pool-1-thread-1] INFO  o.s.loadsimrunner.report.Reporter:74 - 2026-04-24T17:26:57.792Z
Insert transactions:
==========
43 ops per second (433 total)
28145 records per second (281450 total)
134.916859 ms mean duration
percentiles: [P95: 319]
650.000000 / 650.000000 / 650.000000 Batch size avg / min / max
[util %: 583.898051 -- report computed in 0]
2026-04-24 13:27:07.794 [pool-1-thread-1] INFO  o.s.loadsimrunner.report.Reporter:74 - 2026-04-24T17:27:07.793Z
Insert transactions:
==========
43 ops per second (431 total)
28015 records per second (280150 total)
134.812065 ms mean duration
percentiles: [P95: 259]
650.000000 / 650.000000 / 650.000000 Batch size avg / min / max
[util %: 580.981902 -- report computed in 0]
2026-04-24 13:27:17.797 [pool-1-thread-1] INFO  o.s.loadsimrunner.report.Reporter:74 - 2026-04-24T17:27:17.797Z
Insert transactions:
==========
40 ops per second (405 total)
26325 records per second (263250 total)
144.212346 ms mean duration
percentiles: [P95: 192]
650.000000 / 650.000000 / 650.000000 Batch size avg / min / max
[util %: 583.826469 -- report computed in 0]
2026-04-24 13:27:27.800 [pool-1-thread-1] INFO  o.s.loadsimrunner.report.Reporter:74 - 2026-04-24T17:27:27.799Z
Insert transactions:
==========
38 ops per second (387 total)
25155 records per second (251550 total)
150.850129 ms mean duration
percentiles: [P95: 322]
650.000000 / 650.000000 / 650.000000 Batch size avg / min / max
[util %: 583.673265 -- report computed in 0]
2026-04-24 13:27:37.802 [pool-1-thread-1] INFO  o.s.loadsimrunner.report.Reporter:74 - 2026-04-24T17:27:37.801Z
Insert transactions:
==========
41 ops per second (418 total)
27170 records per second (271700 total)
140.760766 ms mean duration
percentiles: [P95: 259]
650.000000 / 650.000000 / 650.000000 Batch size avg / min / max
[util %: 588.262348 -- report computed in 0]
2026-04-24 13:27:47.804 [pool-1-thread-1] INFO  o.s.loadsimrunner.report.Reporter:74 - 2026-04-24T17:27:47.803Z
Insert transactions:
==========
40 ops per second (409 total)
26585 records per second (265850 total)
141.772616 ms mean duration
percentiles: [P95: 286]
650.000000 / 650.000000 / 650.000000 Batch size avg / min / max
[util %: 579.734053 -- report computed in 0]
2026-04-24 13:27:57.808 [pool-1-thread-1] INFO  o.s.loadsimrunner.report.Reporter:74 - 2026-04-24T17:27:57.807Z
Insert transactions:
==========
42 ops per second (430 total)
27950 records per second (279500 total)
135.009302 ms mean duration
percentiles: [P95: 220]
650.000000 / 650.000000 / 650.000000 Batch size avg / min / max
[util %: 580.307877 -- report computed in 1]
2026-04-24 13:28:07.808 [pool-1-thread-1] INFO  o.s.loadsimrunner.report.Reporter:74 - 2026-04-24T17:28:07.808Z
Insert transactions:
==========
41 ops per second (415 total)
26975 records per second (269750 total)
141.144578 ms mean duration
percentiles: [P95: 310]
650.000000 / 650.000000 / 650.000000 Batch size avg / min / max
[util %: 585.691431 -- report computed in 0]
2026-04-24 13:28:17.813 [pool-1-thread-1] INFO  o.s.loadsimrunner.report.Reporter:74 - 2026-04-24T17:28:17.813Z
Insert transactions:
==========
40 ops per second (410 total)
26650 records per second (266500 total)
142.763415 ms mean duration
percentiles: [P95: 342]
650.000000 / 650.000000 / 650.000000 Batch size avg / min / max
[util %: 585.037481 -- report computed in 0]
2026-04-24 13:28:27.815 [pool-1-thread-1] INFO  o.s.loadsimrunner.report.Reporter:74 - 2026-04-24T17:28:27.815Z
Insert transactions:
==========
39 ops per second (398 total)
25870 records per second (258700 total)
145.572864 ms mean duration
percentiles: [P95: 273]
650.000000 / 650.000000 / 650.000000 Batch size avg / min / max
[util %: 579.264147 -- report computed in 0]
2026-04-24 13:28:37.820 [pool-1-thread-1] INFO  o.s.loadsimrunner.report.Reporter:74 - 2026-04-24T17:28:37.820Z
Insert transactions:
==========
39 ops per second (398 total)
25870 records per second (258700 total)
148.000000 ms mean duration
percentiles: [P95: 210]
650.000000 / 650.000000 / 650.000000 Batch size avg / min / max
[util %: 588.745627 -- report computed in 0]
2026-04-24 13:28:47.825 [pool-1-thread-1] INFO  o.s.loadsimrunner.report.Reporter:74 - 2026-04-24T17:28:47.825Z
Insert transactions:
==========
42 ops per second (423 total)
27495 records per second (274950 total)
138.803783 ms mean duration
percentiles: [P95: 297]
650.000000 / 650.000000 / 650.000000 Batch size avg / min / max
[util %: 586.846577 -- report computed in 0]
2026-04-24 13:28:57.830 [pool-1-thread-1] INFO  o.s.loadsimrunner.report.Reporter:74 - 2026-04-24T17:28:57.830Z
Insert transactions:
==========
43 ops per second (434 total)
28210 records per second (282100 total)
133.562212 ms mean duration
percentiles: [P95: 313]
650.000000 / 650.000000 / 650.000000 Batch size avg / min / max
[util %: 579.370315 -- report computed in 0]
2026-04-24 13:29:07.835 [pool-1-thread-1] INFO  o.s.loadsimrunner.report.Reporter:74 - 2026-04-24T17:29:07.835Z
Insert transactions:
==========
44 ops per second (450 total)
29250 records per second (292500 total)
129.051111 ms mean duration
percentiles: [P95: 314]
650.000000 / 650.000000 / 650.000000 Batch size avg / min / max
[util %: 580.439780 -- report computed in 0]
2026-04-24 13:29:17.839 [pool-1-thread-1] INFO  o.s.loadsimrunner.report.Reporter:74 - 2026-04-24T17:29:17.839Z
Insert transactions:
==========
43 ops per second (435 total)
28275 records per second (282750 total)
134.156322 ms mean duration
percentiles: [P95: 257]
650.000000 / 650.000000 / 650.000000 Batch size avg / min / max
[util %: 583.346661 -- report computed in 0]
2026-04-24 13:29:27.841 [pool-1-thread-1] INFO  o.s.loadsimrunner.report.Reporter:74 - 2026-04-24T17:29:27.841Z
Insert transactions:
==========
39 ops per second (396 total)
25740 records per second (257400 total)
148.025253 ms mean duration
percentiles: [P95: 323]
650.000000 / 650.000000 / 650.000000 Batch size avg / min / max
[util %: 586.062787 -- report computed in 0]
2026-04-24 13:29:37.847 [pool-1-thread-1] INFO  o.s.loadsimrunner.report.Reporter:74 - 2026-04-24T17:29:37.846Z
Insert transactions:
==========
37 ops per second (373 total)
24245 records per second (242450 total)
156.603217 ms mean duration
percentiles: [P95: 305]
650.000000 / 650.000000 / 650.000000 Batch size avg / min / max
[util %: 583.838081 -- report computed in 0]
2026-04-24 13:29:47.852 [pool-1-thread-1] INFO  o.s.loadsimrunner.report.Reporter:74 - 2026-04-24T17:29:47.851Z
Insert transactions:
==========
40 ops per second (407 total)
26455 records per second (264550 total)
143.393120 ms mean duration
percentiles: [P95: 257]
650.000000 / 650.000000 / 650.000000 Batch size avg / min / max
[util %: 583.318341 -- report computed in 0]
2026-04-24 13:29:57.857 [pool-1-thread-1] INFO  o.s.loadsimrunner.report.Reporter:74 - 2026-04-24T17:29:57.857Z
Insert transactions:
==========
39 ops per second (400 total)
26000 records per second (260000 total)
146.685000 ms mean duration
percentiles: [P95: 299]
650.000000 / 650.000000 / 650.000000 Batch size avg / min / max
[util %: 586.388167 -- report computed in 0]
2026-04-24 13:30:07.857 [pool-1-thread-1] INFO  o.s.loadsimrunner.report.Reporter:74 - 2026-04-24T17:30:07.857Z
Insert transactions:
==========
42 ops per second (424 total)
27560 records per second (275600 total)
138.021226 ms mean duration
percentiles: [P95: 298]
650.000000 / 650.000000 / 650.000000 Batch size avg / min / max
[util %: 585.210000 -- report computed in 0]
2026-04-24 13:30:17.862 [pool-1-thread-1] INFO  o.s.loadsimrunner.report.Reporter:74 - 2026-04-24T17:30:17.861Z
Insert transactions:
==========
40 ops per second (406 total)
26390 records per second (263900 total)
140.847291 ms mean duration
percentiles: [P95: 332]
650.000000 / 650.000000 / 650.000000 Batch size avg / min / max
[util %: 571.611355 -- report computed in 1]
2026-04-24 13:30:27.868 [pool-1-thread-1] INFO  o.s.loadsimrunner.report.Reporter:74 - 2026-04-24T17:30:27.867Z
Insert transactions:
==========
42 ops per second (424 total)
27560 records per second (275600 total)
137.794811 ms mean duration
percentiles: [P95: 324]
650.000000 / 650.000000 / 650.000000 Batch size avg / min / max
[util %: 583.899660 -- report computed in 0]
2026-04-24 13:30:37.873 [pool-1-thread-1] INFO  o.s.loadsimrunner.report.Reporter:74 - 2026-04-24T17:30:37.873Z
Insert transactions:
==========
41 ops per second (414 total)
26910 records per second (269100 total)
140.695652 ms mean duration
percentiles: [P95: 346]
650.000000 / 650.000000 / 650.000000 Batch size avg / min / max
[util %: 582.130722 -- report computed in 0]
2026-04-24 13:30:47.876 [pool-1-thread-1] INFO  o.s.loadsimrunner.report.Reporter:74 - 2026-04-24T17:30:47.876Z
Insert transactions:
==========
38 ops per second (390 total)
25350 records per second (253500 total)
149.415385 ms mean duration
percentiles: [P95: 330]
650.000000 / 650.000000 / 650.000000 Batch size avg / min / max
[util %: 582.545236 -- report computed in 0]
2026-04-24 13:30:57.882 [pool-1-thread-1] INFO  o.s.loadsimrunner.report.Reporter:74 - 2026-04-24T17:30:57.881Z
Insert transactions:
==========
38 ops per second (386 total)
25090 records per second (250900 total)
151.520725 ms mean duration
percentiles: [P95: 220]
650.000000 / 650.000000 / 650.000000 Batch size avg / min / max
[util %: 584.577711 -- report computed in 0]
2026-04-24 13:31:07.886 [pool-1-thread-1] INFO  o.s.loadsimrunner.report.Reporter:74 - 2026-04-24T17:31:07.886Z
Insert transactions:
==========
41 ops per second (419 total)
27235 records per second (272350 total)
139.911695 ms mean duration
percentiles: [P95: 281]
650.000000 / 650.000000 / 650.000000 Batch size avg / min / max
[util %: 585.937031 -- report computed in 0]
2026-04-24 13:31:17.890 [pool-1-thread-1] INFO  o.s.loadsimrunner.report.Reporter:74 - 2026-04-24T17:31:17.889Z
Insert transactions:
==========
40 ops per second (408 total)
26520 records per second (265200 total)
142.522059 ms mean duration
percentiles: [P95: 265]
650.000000 / 650.000000 / 650.000000 Batch size avg / min / max
[util %: 581.315605 -- report computed in 0]
2026-04-24 13:31:27.891 [pool-1-thread-1] INFO  o.s.loadsimrunner.report.Reporter:74 - 2026-04-24T17:31:27.891Z
Insert transactions:
==========
41 ops per second (415 total)
26975 records per second (269750 total)
141.228916 ms mean duration
percentiles: [P95: 201]
650.000000 / 650.000000 / 650.000000 Batch size avg / min / max
[util %: 585.982803 -- report computed in 0]
2026-04-24 13:31:37.898 [pool-1-thread-1] INFO  o.s.loadsimrunner.report.Reporter:74 - 2026-04-24T17:31:37.897Z
Insert transactions:
==========
41 ops per second (413 total)
26845 records per second (268450 total)
140.244552 ms mean duration
percentiles: [P95: 306]
650.000000 / 650.000000 / 650.000000 Batch size avg / min / max
[util %: 578.862682 -- report computed in 1]
2026-04-24 13:31:47.899 [pool-1-thread-1] INFO  o.s.loadsimrunner.report.Reporter:74 - 2026-04-24T17:31:47.899Z
Insert transactions:
==========
38 ops per second (383 total)
24895 records per second (248950 total)
151.725849 ms mean duration
percentiles: [P95: 331]
650.000000 / 650.000000 / 650.000000 Batch size avg / min / max
[util %: 580.993801 -- report computed in 0]
2026-04-24 13:31:57.904 [pool-1-thread-1] INFO  o.s.loadsimrunner.report.Reporter:74 - 2026-04-24T17:31:57.904Z
Insert transactions:
==========
42 ops per second (426 total)
27690 records per second (276900 total)
138.948357 ms mean duration
percentiles: [P95: 280]
650.000000 / 650.000000 / 650.000000 Batch size avg / min / max
[util %: 591.624188 -- report computed in 0]
2026-04-24 13:32:07.909 [pool-1-thread-1] INFO  o.s.loadsimrunner.report.Reporter:74 - 2026-04-24T17:32:07.909Z
Insert transactions:
==========
38 ops per second (386 total)
25090 records per second (250900 total)
151.932642 ms mean duration
percentiles: [P95: 267]
650.000000 / 650.000000 / 650.000000 Batch size avg / min / max
[util %: 586.166917 -- report computed in 0]
2026-04-24 13:32:17.915 [pool-1-thread-1] INFO  o.s.loadsimrunner.report.Reporter:74 - 2026-04-24T17:32:17.914Z
Insert transactions:
==========
40 ops per second (404 total)
26260 records per second (262600 total)
143.881188 ms mean duration
percentiles: [P95: 259]
650.000000 / 650.000000 / 650.000000 Batch size avg / min / max
[util %: 580.989505 -- report computed in 0]
2026-04-24 13:32:27.918 [pool-1-thread-1] INFO  o.s.loadsimrunner.report.Reporter:74 - 2026-04-24T17:32:27.918Z
Insert transactions:
==========
38 ops per second (389 total)
25285 records per second (252850 total)
150.437018 ms mean duration
percentiles: [P95: 354]
650.000000 / 650.000000 / 650.000000 Batch size avg / min / max
[util %: 584.966014 -- report computed in 0]
2026-04-24 13:32:37.924 [pool-1-thread-1] INFO  o.s.loadsimrunner.report.Reporter:74 - 2026-04-24T17:32:37.923Z
Insert transactions:
==========
38 ops per second (385 total)
25025 records per second (250250 total)
151.916883 ms mean duration
percentiles: [P95: 386]
650.000000 / 650.000000 / 650.000000 Batch size avg / min / max
[util %: 584.587706 -- report computed in 0]
2026-04-24 13:32:47.935 [pool-1-thread-1] INFO  o.s.loadsimrunner.report.Reporter:74 - 2026-04-24T17:32:47.928Z
Insert transactions:
==========
39 ops per second (395 total)
25675 records per second (256750 total)
146.420253 ms mean duration
percentiles: [P95: 324]
650.000000 / 650.000000 / 650.000000 Batch size avg / min / max
[util %: 578.070965 -- report computed in 2]
2026-04-24 13:32:57.934 [pool-1-thread-1] INFO  o.s.loadsimrunner.report.Reporter:74 - 2026-04-24T17:32:57.934Z
Insert transactions:
==========
43 ops per second (434 total)
28210 records per second (282100 total)
134.923963 ms mean duration
percentiles: [P95: 201]
650.000000 / 650.000000 / 650.000000 Batch size avg / min / max
[util %: 585.218869 -- report computed in 0]
2026-04-24 13:33:07.939 [pool-1-thread-1] INFO  o.s.loadsimrunner.report.Reporter:74 - 2026-04-24T17:33:07.939Z
Insert transactions:
==========
41 ops per second (414 total)
26910 records per second (269100 total)
141.142512 ms mean duration
percentiles: [P95: 195]
650.000000 / 650.000000 / 650.000000 Batch size avg / min / max
[util %: 584.037981 -- report computed in 0]
2026-04-24 13:33:17.941 [pool-1-thread-1] INFO  o.s.loadsimrunner.report.Reporter:74 - 2026-04-24T17:33:17.939Z
Insert transactions:
==========
39 ops per second (391 total)
25415 records per second (254150 total)
148.439898 ms mean duration
percentiles: [P95: 184]
650.000000 / 650.000000 / 650.000000 Batch size avg / min / max
[util %: 580.400000 -- report computed in 0]
2026-04-24 13:33:27.945 [pool-1-thread-1] INFO  o.s.loadsimrunner.report.Reporter:74 - 2026-04-24T17:33:27.945Z
Insert transactions:
==========
39 ops per second (400 total)
26000 records per second (260000 total)
145.550000 ms mean duration
percentiles: [P95: 198]
650.000000 / 650.000000 / 650.000000 Batch size avg / min / max
[util %: 581.850889 -- report computed in 0]
2026-04-24 13:33:37.948 [pool-1-thread-1] INFO  o.s.loadsimrunner.report.Reporter:74 - 2026-04-24T17:33:37.948Z
Insert transactions:
==========
40 ops per second (407 total)
26455 records per second (264550 total)
143.771499 ms mean duration
percentiles: [P95: 225]
650.000000 / 650.000000 / 650.000000 Batch size avg / min / max
[util %: 584.974508 -- report computed in 0]
2026-04-24 13:33:47.954 [pool-1-thread-1] INFO  o.s.loadsimrunner.report.Reporter:74 - 2026-04-24T17:33:47.953Z
Insert transactions:
==========
38 ops per second (381 total)
24765 records per second (247650 total)
154.611549 ms mean duration
percentiles: [P95: 222]
650.000000 / 650.000000 / 650.000000 Batch size avg / min / max
[util %: 588.775612 -- report computed in 1]
2026-04-24 13:33:57.959 [pool-1-thread-1] INFO  o.s.loadsimrunner.report.Reporter:74 - 2026-04-24T17:33:57.959Z
Insert transactions:
==========
40 ops per second (409 total)
26585 records per second (265850 total)
142.621027 ms mean duration
percentiles: [P95: 273]
650.000000 / 650.000000 / 650.000000 Batch size avg / min / max
[util %: 582.970218 -- report computed in 0]
2026-04-24 13:34:07.892 [pool-1-thread-1] INFO  o.s.loadsimrunner.report.Reporter:74 - 2026-04-24T17:34:07.892Z
Insert transactions:
==========
38 ops per second (383 total)
27661 records per second (248950 total)
147.399478 ms mean duration
percentiles: [P95: 309]
650.000000 / 650.000000 / 650.000000 Batch size avg / min / max
[util %: 568.347931 -- report computed in 0]
2026-04-24 13:34:17.894 [pool-1-thread-1] INFO  o.s.loadsimrunner.report.Reporter:74 - 2026-04-24T17:34:17.894Z
Insert transactions:
==========
40 ops per second (401 total)
26065 records per second (260650 total)
149.618454 ms mean duration
percentiles: [P95: 298]
650.000000 / 650.000000 / 650.000000 Batch size avg / min / max
[util %: 599.850030 -- report computed in 0]
2026-04-24 13:34:27.899 [pool-1-thread-1] INFO  o.s.loadsimrunner.report.Reporter:74 - 2026-04-24T17:34:27.899Z
Insert transactions:
==========
39 ops per second (400 total)
26000 records per second (260000 total)
146.877500 ms mean duration
percentiles: [P95: 327]
650.000000 / 650.000000 / 650.000000 Batch size avg / min / max
[util %: 587.216392 -- report computed in 0]
2026-04-24 13:34:37.901 [pool-1-thread-1] INFO  o.s.loadsimrunner.report.Reporter:74 - 2026-04-24T17:34:37.901Z
Insert transactions:
==========
41 ops per second (412 total)
26780 records per second (267800 total)
142.502427 ms mean duration
percentiles: [P95: 280]
650.000000 / 650.000000 / 650.000000 Batch size avg / min / max
[util %: 586.992601 -- report computed in 0]
2026-04-24 13:34:47.905 [pool-1-thread-1] INFO  o.s.loadsimrunner.report.Reporter:74 - 2026-04-24T17:34:47.905Z
Insert transactions:
==========
37 ops per second (375 total)
24375 records per second (243750 total)
154.581333 ms mean duration
percentiles: [P95: 331]
650.000000 / 650.000000 / 650.000000 Batch size avg / min / max
[util %: 579.448221 -- report computed in 0]
2026-04-24 13:34:57.908 [pool-1-thread-1] INFO  o.s.loadsimrunner.report.Reporter:74 - 2026-04-24T17:34:57.908Z
Insert transactions:
==========
34 ops per second (343 total)
22295 records per second (222950 total)
171.909621 ms mean duration
percentiles: [P95: 406]
650.000000 / 650.000000 / 650.000000 Batch size avg / min / max
[util %: 589.473158 -- report computed in 0]
2026-04-24 13:35:07.913 [pool-1-thread-1] INFO  o.s.loadsimrunner.report.Reporter:74 - 2026-04-24T17:35:07.913Z
Insert transactions:
==========
32 ops per second (328 total)
21320 records per second (213200 total)
178.222561 ms mean duration
percentiles: [P95: 470]
650.000000 / 650.000000 / 650.000000 Batch size avg / min / max
[util %: 584.277861 -- report computed in 0]
2026-04-24 13:35:17.918 [pool-1-thread-1] INFO  o.s.loadsimrunner.report.Reporter:74 - 2026-04-24T17:35:17.918Z
Insert transactions:
==========
38 ops per second (383 total)
24895 records per second (248950 total)
152.770235 ms mean duration
percentiles: [P95: 323]
650.000000 / 650.000000 / 650.000000 Batch size avg / min / max
[util %: 584.817591 -- report computed in 0]
2026-04-24 13:35:27.923 [pool-1-thread-1] INFO  o.s.loadsimrunner.report.Reporter:74 - 2026-04-24T17:35:27.922Z
Insert transactions:
==========
41 ops per second (411 total)
26715 records per second (267150 total)
143.323601 ms mean duration
percentiles: [P95: 316]
650.000000 / 650.000000 / 650.000000 Batch size avg / min / max
[util %: 588.824470 -- report computed in 1]
2026-04-24 13:35:37.928 [pool-1-thread-1] INFO  o.s.loadsimrunner.report.Reporter:74 - 2026-04-24T17:35:37.927Z
Insert transactions:
==========
39 ops per second (395 total)
25675 records per second (256750 total)
149.136709 ms mean duration
percentiles: [P95: 287]
650.000000 / 650.000000 / 650.000000 Batch size avg / min / max
[util %: 588.795602 -- report computed in 0]
2026-04-24 13:35:47.934 [pool-1-thread-1] INFO  o.s.loadsimrunner.report.Reporter:74 - 2026-04-24T17:35:47.933Z
Insert transactions:
==========
38 ops per second (382 total)
24830 records per second (248300 total)
153.261780 ms mean duration
percentiles: [P95: 251]
650.000000 / 650.000000 / 650.000000 Batch size avg / min / max
[util %: 585.108935 -- report computed in 0]
2026-04-24 13:35:57.938 [pool-1-thread-1] INFO  o.s.loadsimrunner.report.Reporter:74 - 2026-04-24T17:35:57.938Z
Insert transactions:
==========
39 ops per second (393 total)
25545 records per second (255450 total)
149.279898 ms mean duration
percentiles: [P95: 219]
650.000000 / 650.000000 / 650.000000 Batch size avg / min / max
[util %: 586.376812 -- report computed in 0]
2026-04-24 13:36:07.943 [pool-1-thread-1] INFO  o.s.loadsimrunner.report.Reporter:74 - 2026-04-24T17:36:07.943Z
Insert transactions:
==========
39 ops per second (393 total)
25545 records per second (255450 total)
148.180662 ms mean duration
percentiles: [P95: 264]
650.000000 / 650.000000 / 650.000000 Batch size avg / min / max
[util %: 582.058971 -- report computed in 0]
2026-04-24 13:36:17.946 [pool-1-thread-1] INFO  o.s.loadsimrunner.report.Reporter:74 - 2026-04-24T17:36:17.946Z
Insert transactions:
==========
34 ops per second (342 total)
22230 records per second (222300 total)
169.631579 ms mean duration
percentiles: [P95: 379]
650.000000 / 650.000000 / 650.000000 Batch size avg / min / max
[util %: 579.966010 -- report computed in 0]
2026-04-24 13:36:27.950 [pool-1-thread-1] INFO  o.s.loadsimrunner.report.Reporter:74 - 2026-04-24T17:36:27.950Z
Insert transactions:
==========
37 ops per second (379 total)
24635 records per second (246350 total)
155.767810 ms mean duration
percentiles: [P95: 297]
650.000000 / 650.000000 / 650.000000 Batch size avg / min / max
[util %: 590.123950 -- report computed in 0]
2026-04-24 13:36:37.955 [pool-1-thread-1] INFO  o.s.loadsimrunner.report.Reporter:74 - 2026-04-24T17:36:37.955Z
Insert transactions:
==========
38 ops per second (385 total)
25025 records per second (250250 total)
151.272727 ms mean duration
percentiles: [P95: 302]
650.000000 / 650.000000 / 650.000000 Batch size avg / min / max
[util %: 582.108946 -- report computed in 0]
2026-04-24 13:36:47.961 [pool-1-thread-1] INFO  o.s.loadsimrunner.report.Reporter:74 - 2026-04-24T17:36:47.960Z
Insert transactions:
==========
37 ops per second (375 total)
24375 records per second (243750 total)
156.634667 ms mean duration
percentiles: [P95: 289]
650.000000 / 650.000000 / 650.000000 Batch size avg / min / max
[util %: 587.086457 -- report computed in 0]
2026-04-24 13:36:57.962 [pool-1-thread-1] INFO  o.s.loadsimrunner.report.Reporter:74 - 2026-04-24T17:36:57.961Z
Insert transactions:
==========
37 ops per second (374 total)
24310 records per second (243100 total)
155.042781 ms mean duration
percentiles: [P95: 298]
650.000000 / 650.000000 / 650.000000 Batch size avg / min / max
[util %: 579.802020 -- report computed in 0]
2026-04-24 13:37:07.967 [pool-1-thread-1] INFO  o.s.loadsimrunner.report.Reporter:74 - 2026-04-24T17:37:07.966Z
Insert transactions:
==========
37 ops per second (379 total)
24635 records per second (246350 total)
154.248021 ms mean duration
percentiles: [P95: 307]
650.000000 / 650.000000 / 650.000000 Batch size avg / min / max
[util %: 584.307846 -- report computed in 0]
2026-04-24 13:37:17.971 [pool-1-thread-1] INFO  o.s.loadsimrunner.report.Reporter:74 - 2026-04-24T17:37:17.971Z
Insert transactions:
==========
36 ops per second (366 total)
23790 records per second (237900 total)
160.150273 ms mean duration
percentiles: [P95: 272]
650.000000 / 650.000000 / 650.000000 Batch size avg / min / max
[util %: 585.857071 -- report computed in 0]
2026-04-24 13:37:27.976 [pool-1-thread-1] INFO  o.s.loadsimrunner.report.Reporter:74 - 2026-04-24T17:37:27.976Z
Insert transactions:
==========
36 ops per second (368 total)
23920 records per second (239200 total)
159.345109 ms mean duration
percentiles: [P95: 381]
650.000000 / 650.000000 / 650.000000 Batch size avg / min / max
[util %: 586.096952 -- report computed in 0]
2026-04-24 13:37:37.978 [pool-1-thread-1] INFO  o.s.loadsimrunner.report.Reporter:74 - 2026-04-24T17:37:37.978Z
Insert transactions:
==========
37 ops per second (373 total)
24245 records per second (242450 total)
157.563003 ms mean duration
percentiles: [P95: 269]
650.000000 / 650.000000 / 650.000000 Batch size avg / min / max
[util %: 587.592482 -- report computed in 0]
2026-04-24 13:37:47.984 [pool-1-thread-1] INFO  o.s.loadsimrunner.report.Reporter:74 - 2026-04-24T17:37:47.983Z
Insert transactions:
==========
35 ops per second (357 total)
23205 records per second (232050 total)
163.050420 ms mean duration
percentiles: [P95: 319]
650.000000 / 650.000000 / 650.000000 Batch size avg / min / max
[util %: 581.799100 -- report computed in 0]
2026-04-24 13:37:57.988 [pool-1-thread-1] INFO  o.s.loadsimrunner.report.Reporter:74 - 2026-04-24T17:37:57.988Z
Insert transactions:
==========
35 ops per second (354 total)
23010 records per second (230100 total)
165.505650 ms mean duration
percentiles: [P95: 323]
650.000000 / 650.000000 / 650.000000 Batch size avg / min / max
[util %: 585.597201 -- report computed in 0]
2026-04-24 13:38:07.993 [pool-1-thread-1] INFO  o.s.loadsimrunner.report.Reporter:74 - 2026-04-24T17:38:07.993Z
Insert transactions:
==========
35 ops per second (354 total)
23010 records per second (230100 total)
165.271186 ms mean duration
percentiles: [P95: 349]
650.000000 / 650.000000 / 650.000000 Batch size avg / min / max
[util %: 584.767616 -- report computed in 0]
2026-04-24 13:38:17.998 [pool-1-thread-1] INFO  o.s.loadsimrunner.report.Reporter:74 - 2026-04-24T17:38:17.998Z
Insert transactions:
==========
39 ops per second (392 total)
25480 records per second (254800 total)
149.974490 ms mean duration
percentiles: [P95: 231]
650.000000 / 650.000000 / 650.000000 Batch size avg / min / max
[util %: 587.606197 -- report computed in 0]
2026-04-24 13:38:28.003 [pool-1-thread-1] INFO  o.s.loadsimrunner.report.Reporter:74 - 2026-04-24T17:38:28.003Z
Insert transactions:
==========
37 ops per second (380 total)
24700 records per second (247000 total)
153.452632 ms mean duration
percentiles: [P95: 216]
650.000000 / 650.000000 / 650.000000 Batch size avg / min / max
[util %: 582.828586 -- report computed in 0]
2026-04-24 13:38:38.005 [pool-1-thread-1] INFO  o.s.loadsimrunner.report.Reporter:74 - 2026-04-24T17:38:38.005Z
Insert transactions:
==========
34 ops per second (346 total)
22490 records per second (224900 total)
170.315029 ms mean duration
percentiles: [P95: 466]
650.000000 / 650.000000 / 650.000000 Batch size avg / min / max
[util %: 589.172166 -- report computed in 0]
2026-04-24 13:38:48.010 [pool-1-thread-1] INFO  o.s.loadsimrunner.report.Reporter:74 - 2026-04-24T17:38:48.010Z
Insert transactions:
==========
37 ops per second (379 total)
24635 records per second (246350 total)
154.728232 ms mean duration
percentiles: [P95: 197]
650.000000 / 650.000000 / 650.000000 Batch size avg / min / max
[util %: 586.126937 -- report computed in 0]
2026-04-24 13:38:58.015 [pool-1-thread-1] INFO  o.s.loadsimrunner.report.Reporter:74 - 2026-04-24T17:38:58.015Z
Insert transactions:
==========
37 ops per second (380 total)
24700 records per second (247000 total)
153.123684 ms mean duration
percentiles: [P95: 196]
650.000000 / 650.000000 / 650.000000 Batch size avg / min / max
[util %: 581.579210 -- report computed in 0]
2026-04-24 13:39:08.019 [pool-1-thread-1] INFO  o.s.loadsimrunner.report.Reporter:74 - 2026-04-24T17:39:08.018Z
Insert transactions:
==========
38 ops per second (381 total)
24765 records per second (247650 total)
152.685039 ms mean duration
percentiles: [P95: 190]
650.000000 / 650.000000 / 650.000000 Batch size avg / min / max
[util %: 581.555533 -- report computed in 0]
2026-04-24 13:39:18.019 [pool-1-thread-1] INFO  o.s.loadsimrunner.report.Reporter:74 - 2026-04-24T17:39:18.019Z
Insert transactions:
==========
36 ops per second (367 total)
23855 records per second (238550 total)
160.400545 ms mean duration
percentiles: [P95: 215]
650.000000 / 650.000000 / 650.000000 Batch size avg / min / max
[util %: 588.611139 -- report computed in 0]
2026-04-24 13:39:28.019 [pool-1-thread-1] INFO  o.s.loadsimrunner.report.Reporter:74 - 2026-04-24T17:39:28.019Z
Insert transactions:
==========
36 ops per second (369 total)
23985 records per second (239850 total)
158.604336 ms mean duration
percentiles: [P95: 196]
650.000000 / 650.000000 / 650.000000 Batch size avg / min / max
[util %: 585.250000 -- report computed in 0]
2026-04-24 13:39:38.024 [pool-1-thread-1] INFO  o.s.loadsimrunner.report.Reporter:74 - 2026-04-24T17:39:38.024Z
Insert transactions:
==========
39 ops per second (391 total)
25415 records per second (254150 total)
149.703325 ms mean duration
percentiles: [P95: 193]
650.000000 / 650.000000 / 650.000000 Batch size avg / min / max
[util %: 585.047476 -- report computed in 0]
2026-04-24 13:39:48.029 [pool-1-thread-1] INFO  o.s.loadsimrunner.report.Reporter:74 - 2026-04-24T17:39:48.029Z
Insert transactions:
==========
32 ops per second (329 total)
21385 records per second (213850 total)
176.802432 ms mean duration
percentiles: [P95: 472]
650.000000 / 650.000000 / 650.000000 Batch size avg / min / max
[util %: 581.389305 -- report computed in 0]
2026-04-24 13:39:58.034 [pool-1-thread-1] INFO  o.s.loadsimrunner.report.Reporter:74 - 2026-04-24T17:39:58.033Z
Insert transactions:
==========
40 ops per second (403 total)
26195 records per second (261950 total)
145.660050 ms mean duration
percentiles: [P95: 184]
650.000000 / 650.000000 / 650.000000 Batch size avg / min / max
[util %: 586.775290 -- report computed in 0]
2026-04-24 13:40:08.039 [pool-1-thread-1] INFO  o.s.loadsimrunner.report.Reporter:74 - 2026-04-24T17:40:08.038Z
Insert transactions:
==========
39 ops per second (397 total)
25805 records per second (258050 total)
147.057935 ms mean duration
percentiles: [P95: 190]
650.000000 / 650.000000 / 650.000000 Batch size avg / min / max
[util %: 583.528236 -- report computed in 0]
2026-04-24 13:40:18.040 [pool-1-thread-1] INFO  o.s.loadsimrunner.report.Reporter:74 - 2026-04-24T17:40:18.040Z
Insert transactions:
==========
35 ops per second (355 total)
23075 records per second (230750 total)
164.943662 ms mean duration
percentiles: [P95: 229]
650.000000 / 650.000000 / 650.000000 Batch size avg / min / max
[util %: 585.432913 -- report computed in 0]
2026-04-24 13:40:28.043 [pool-1-thread-1] INFO  o.s.loadsimrunner.report.Reporter:74 - 2026-04-24T17:40:28.043Z
Insert transactions:
==========
35 ops per second (354 total)
23010 records per second (230100 total)
164.115819 ms mean duration
percentiles: [P95: 201]
650.000000 / 650.000000 / 650.000000 Batch size avg / min / max
[util %: 580.795761 -- report computed in 0]
2026-04-24 13:40:38.043 [pool-1-thread-1] INFO  o.s.loadsimrunner.report.Reporter:74 - 2026-04-24T17:40:38.043Z
Insert transactions:
==========
35 ops per second (357 total)
23205 records per second (232050 total)
165.392157 ms mean duration
percentiles: [P95: 215]
650.000000 / 650.000000 / 650.000000 Batch size avg / min / max
[util %: 590.450000 -- report computed in 0]
2026-04-24 13:40:48.044 [pool-1-thread-1] INFO  o.s.loadsimrunner.report.Reporter:74 - 2026-04-24T17:40:48.044Z
Insert transactions:
==========
36 ops per second (364 total)
23660 records per second (236600 total)
160.041209 ms mean duration
percentiles: [P95: 195]
650.000000 / 650.000000 / 650.000000 Batch size avg / min / max
[util %: 582.491751 -- report computed in 0]
2026-04-24 13:40:58.048 [pool-1-thread-1] INFO  o.s.loadsimrunner.report.Reporter:74 - 2026-04-24T17:40:58.048Z
Insert transactions:
==========
32 ops per second (327 total)
21255 records per second (212550 total)
180.076453 ms mean duration
percentiles: [P95: 482]
650.000000 / 650.000000 / 650.000000 Batch size avg / min / max
[util %: 588.614554 -- report computed in 0]
2026-04-24 13:41:08.053 [pool-1-thread-1] INFO  o.s.loadsimrunner.report.Reporter:74 - 2026-04-24T17:41:08.053Z
Insert transactions:
==========
38 ops per second (384 total)
24960 records per second (249600 total)
152.247396 ms mean duration
percentiles: [P95: 190]
650.000000 / 650.000000 / 650.000000 Batch size avg / min / max
[util %: 584.337831 -- report computed in 0]
2026-04-24 13:41:18.058 [pool-1-thread-1] INFO  o.s.loadsimrunner.report.Reporter:74 - 2026-04-24T17:41:18.058Z
Insert transactions:
==========
36 ops per second (369 total)
23985 records per second (239850 total)
158.468835 ms mean duration
percentiles: [P95: 195]
650.000000 / 650.000000 / 650.000000 Batch size avg / min / max
[util %: 584.457771 -- report computed in 0]
2026-04-24 13:41:28.062 [pool-1-thread-1] INFO  o.s.loadsimrunner.report.Reporter:74 - 2026-04-24T17:41:28.062Z
Insert transactions:
==========
38 ops per second (382 total)
24830 records per second (248300 total)
153.790576 ms mean duration
percentiles: [P95: 191]
650.000000 / 650.000000 / 650.000000 Batch size avg / min / max
[util %: 587.245102 -- report computed in 0]
2026-04-24 13:41:38.064 [pool-1-thread-1] INFO  o.s.loadsimrunner.report.Reporter:74 - 2026-04-24T17:41:38.064Z
Insert transactions:
==========
38 ops per second (387 total)
25155 records per second (251550 total)
150.421189 ms mean duration
percentiles: [P95: 179]
650.000000 / 650.000000 / 650.000000 Batch size avg / min / max
[util %: 582.013597 -- report computed in 0]
2026-04-24 13:41:48.069 [pool-1-thread-1] INFO  o.s.loadsimrunner.report.Reporter:74 - 2026-04-24T17:41:48.069Z
Insert transactions:
==========
36 ops per second (370 total)
24050 records per second (240500 total)
157.410811 ms mean duration
percentiles: [P95: 197]
650.000000 / 650.000000 / 650.000000 Batch size avg / min / max
[util %: 582.128936 -- report computed in 0]
2026-04-24 13:41:58.074 [pool-1-thread-1] INFO  o.s.loadsimrunner.report.Reporter:74 - 2026-04-24T17:41:58.074Z
Insert transactions:
==========
36 ops per second (366 total)
23790 records per second (237900 total)
160.696721 ms mean duration
percentiles: [P95: 205]
650.000000 / 650.000000 / 650.000000 Batch size avg / min / max
[util %: 587.856072 -- report computed in 0]
2026-04-24 13:42:08.078 [pool-1-thread-1] INFO  o.s.loadsimrunner.report.Reporter:74 - 2026-04-24T17:42:08.077Z
Insert transactions:
==========
32 ops per second (322 total)
20930 records per second (209300 total)
182.767081 ms mean duration
percentiles: [P95: 510]
650.000000 / 650.000000 / 650.000000 Batch size avg / min / max
[util %: 588.333500 -- report computed in 0]
2026-04-24 13:42:18.082 [pool-1-thread-1] INFO  o.s.loadsimrunner.report.Reporter:74 - 2026-04-24T17:42:18.082Z
Insert transactions:
==========
38 ops per second (385 total)
25025 records per second (250250 total)
151.644156 ms mean duration
percentiles: [P95: 188]
650.000000 / 650.000000 / 650.000000 Batch size avg / min / max
[util %: 583.538231 -- report computed in 0]
2026-04-24 13:42:28.083 [pool-1-thread-1] INFO  o.s.loadsimrunner.report.Reporter:74 - 2026-04-24T17:42:28.083Z
Insert transactions:
==========
37 ops per second (375 total)
24375 records per second (243750 total)
156.392000 ms mean duration
percentiles: [P95: 227]
650.000000 / 650.000000 / 650.000000 Batch size avg / min / max
[util %: 586.411359 -- report computed in 0]
2026-04-24 13:42:38.090 [pool-1-thread-1] INFO  o.s.loadsimrunner.report.Reporter:74 - 2026-04-24T17:42:38.088Z
Insert transactions:
==========
37 ops per second (371 total)
24115 records per second (241150 total)
156.563342 ms mean duration
percentiles: [P95: 201]
650.000000 / 650.000000 / 650.000000 Batch size avg / min / max
[util %: 580.559720 -- report computed in 1]
2026-04-24 13:42:48.093 [pool-1-thread-1] INFO  o.s.loadsimrunner.report.Reporter:74 - 2026-04-24T17:42:48.093Z
Insert transactions:
==========
36 ops per second (363 total)
23595 records per second (235950 total)
162.019284 ms mean duration
percentiles: [P95: 199]
650.000000 / 650.000000 / 650.000000 Batch size avg / min / max
[util %: 587.836082 -- report computed in 0]
2026-04-24 13:42:58.099 [pool-1-thread-1] INFO  o.s.loadsimrunner.report.Reporter:74 - 2026-04-24T17:42:58.098Z
Insert transactions:
==========
36 ops per second (370 total)
24050 records per second (240500 total)
156.159459 ms mean duration
percentiles: [P95: 202]
650.000000 / 650.000000 / 650.000000 Batch size avg / min / max
[util %: 577.501249 -- report computed in 0]
2026-04-24 13:43:08.102 [pool-1-thread-1] INFO  o.s.loadsimrunner.report.Reporter:74 - 2026-04-24T17:43:08.102Z
Insert transactions:
==========
38 ops per second (387 total)
25155 records per second (251550 total)
153.413437 ms mean duration
percentiles: [P95: 192]
650.000000 / 650.000000 / 650.000000 Batch size avg / min / max
[util %: 593.472611 -- report computed in 0]
2026-04-24 13:43:18.107 [pool-1-thread-1] INFO  o.s.loadsimrunner.report.Reporter:74 - 2026-04-24T17:43:18.107Z
Insert transactions:
==========
30 ops per second (307 total)
19955 records per second (199550 total)
190.127036 ms mean duration
percentiles: [P95: 516]
650.000000 / 650.000000 / 650.000000 Batch size avg / min / max
[util %: 583.398301 -- report computed in 0]
2026-04-24 13:43:28.112 [pool-1-thread-1] INFO  o.s.loadsimrunner.report.Reporter:74 - 2026-04-24T17:43:28.112Z
Insert transactions:
==========
39 ops per second (392 total)
25480 records per second (254800 total)
149.352041 ms mean duration
percentiles: [P95: 199]
650.000000 / 650.000000 / 650.000000 Batch size avg / min / max
[util %: 585.167416 -- report computed in 0]
2026-04-24 13:43:38.114 [pool-1-thread-1] INFO  o.s.loadsimrunner.report.Reporter:74 - 2026-04-24T17:43:38.113Z
Insert transactions:
==========
37 ops per second (372 total)
24180 records per second (241800 total)
157.967742 ms mean duration
percentiles: [P95: 199]
650.000000 / 650.000000 / 650.000000 Batch size avg / min / max
[util %: 587.581242 -- report computed in 0]
2026-04-24 13:43:48.118 [pool-1-thread-1] INFO  o.s.loadsimrunner.report.Reporter:74 - 2026-04-24T17:43:48.118Z
Insert transactions:
==========
38 ops per second (383 total)
24895 records per second (248950 total)
151.668407 ms mean duration
percentiles: [P95: 189]
650.000000 / 650.000000 / 650.000000 Batch size avg / min / max
[util %: 580.599700 -- report computed in 0]
2026-04-24 13:43:58.122 [pool-1-thread-1] INFO  o.s.loadsimrunner.report.Reporter:74 - 2026-04-24T17:43:58.122Z
Insert transactions:
==========
36 ops per second (367 total)
23855 records per second (238550 total)
158.907357 ms mean duration
percentiles: [P95: 198]
650.000000 / 650.000000 / 650.000000 Batch size avg / min / max
[util %: 582.956817 -- report computed in 0]
2026-04-24 13:44:08.125 [pool-1-thread-1] INFO  o.s.loadsimrunner.report.Reporter:74 - 2026-04-24T17:44:08.124Z
Insert transactions:
==========
35 ops per second (351 total)
22815 records per second (228150 total)
167.401709 ms mean duration
percentiles: [P95: 226]
650.000000 / 650.000000 / 650.000000 Batch size avg / min / max
[util %: 587.462507 -- report computed in 0]
2026-04-24 13:44:18.129 [pool-1-thread-1] INFO  o.s.loadsimrunner.report.Reporter:74 - 2026-04-24T17:44:18.128Z
Insert transactions:
==========
35 ops per second (359 total)
23335 records per second (233350 total)
163.562674 ms mean duration
percentiles: [P95: 201]
650.000000 / 650.000000 / 650.000000 Batch size avg / min / max
[util %: 586.955218 -- report computed in 0]
2026-04-24 13:44:28.133 [pool-1-thread-1] INFO  o.s.loadsimrunner.report.Reporter:74 - 2026-04-24T17:44:28.133Z
Insert transactions:
==========
29 ops per second (300 total)
19500 records per second (195000 total)
196.126667 ms mean duration
percentiles: [P95: 545]
650.000000 / 650.000000 / 650.000000 Batch size avg / min / max
[util %: 588.085957 -- report computed in 0]
2026-04-24 13:44:38.138 [pool-1-thread-1] INFO  o.s.loadsimrunner.report.Reporter:74 - 2026-04-24T17:44:38.138Z
Insert transactions:
==========
38 ops per second (388 total)
25220 records per second (252200 total)
150.492268 ms mean duration
percentiles: [P95: 182]
650.000000 / 650.000000 / 650.000000 Batch size avg / min / max
[util %: 583.618191 -- report computed in 0]
2026-04-24 13:44:48.139 [pool-1-thread-1] INFO  o.s.loadsimrunner.report.Reporter:74 - 2026-04-24T17:44:48.139Z
Insert transactions:
==========
38 ops per second (383 total)
24895 records per second (248950 total)
152.778068 ms mean duration
percentiles: [P95: 203]
650.000000 / 650.000000 / 650.000000 Batch size avg / min / max
[util %: 585.081492 -- report computed in 0]
2026-04-24 13:44:58.142 [pool-1-thread-1] INFO  o.s.loadsimrunner.report.Reporter:74 - 2026-04-24T17:44:58.142Z
Insert transactions:
==========
33 ops per second (339 total)
22035 records per second (220350 total)
172.392330 ms mean duration
percentiles: [P95: 213]
650.000000 / 650.000000 / 650.000000 Batch size avg / min / max
[util %: 584.234730 -- report computed in 0]
2026-04-24 13:45:08.145 [pool-1-thread-1] INFO  o.s.loadsimrunner.report.Reporter:74 - 2026-04-24T17:45:08.145Z
Insert transactions:
==========
35 ops per second (358 total)
23270 records per second (232700 total)
163.815642 ms mean duration
percentiles: [P95: 212]
650.000000 / 650.000000 / 650.000000 Batch size avg / min / max
[util %: 586.284115 -- report computed in 0]
2026-04-24 13:45:18.150 [pool-1-thread-1] INFO  o.s.loadsimrunner.report.Reporter:74 - 2026-04-24T17:45:18.150Z
Insert transactions:
==========
37 ops per second (379 total)
24635 records per second (246350 total)
153.939314 ms mean duration
percentiles: [P95: 188]
650.000000 / 650.000000 / 650.000000 Batch size avg / min / max
[util %: 583.138431 -- report computed in 0]
2026-04-24 13:45:28.154 [pool-1-thread-1] INFO  o.s.loadsimrunner.report.Reporter:74 - 2026-04-24T17:45:28.153Z
Insert transactions:
==========
38 ops per second (383 total)
24895 records per second (248950 total)
153.530026 ms mean duration
percentiles: [P95: 200]
650.000000 / 650.000000 / 650.000000 Batch size avg / min / max
[util %: 587.843647 -- report computed in 1]
2026-04-24 13:45:38.160 [pool-1-thread-1] INFO  o.s.loadsimrunner.report.Reporter:74 - 2026-04-24T17:45:38.159Z
Insert transactions:
==========
27 ops per second (280 total)
18200 records per second (182000 total)
207.750000 ms mean duration
percentiles: [P95: 496]
650.000000 / 650.000000 / 650.000000 Batch size avg / min / max
[util %: 581.351189 -- report computed in 0]
2026-04-24 13:45:48.164 [pool-1-thread-1] INFO  o.s.loadsimrunner.report.Reporter:74 - 2026-04-24T17:45:48.164Z
Insert transactions:
==========
37 ops per second (376 total)
24440 records per second (244400 total)
156.569149 ms mean duration
percentiles: [P95: 208]
650.000000 / 650.000000 / 650.000000 Batch size avg / min / max
[util %: 588.405797 -- report computed in 0]
2026-04-24 13:45:58.169 [pool-1-thread-1] INFO  o.s.loadsimrunner.report.Reporter:74 - 2026-04-24T17:45:58.169Z
Insert transactions:
==========
35 ops per second (355 total)
23075 records per second (230750 total)
163.329577 ms mean duration
percentiles: [P95: 210]
650.000000 / 650.000000 / 650.000000 Batch size avg / min / max
[util %: 579.530235 -- report computed in 0]
2026-04-24 13:46:08.174 [pool-1-thread-1] INFO  o.s.loadsimrunner.report.Reporter:74 - 2026-04-24T17:46:08.173Z
Insert transactions:
==========
34 ops per second (341 total)
22165 records per second (221650 total)
173.196481 ms mean duration
percentiles: [P95: 223]
650.000000 / 650.000000 / 650.000000 Batch size avg / min / max
[util %: 590.363854 -- report computed in 0]
2026-04-24 13:46:18.179 [pool-1-thread-1] INFO  o.s.loadsimrunner.report.Reporter:74 - 2026-04-24T17:46:18.178Z
Insert transactions:
==========
36 ops per second (364 total)
23660 records per second (236600 total)
161.082418 ms mean duration
percentiles: [P95: 213]
650.000000 / 650.000000 / 650.000000 Batch size avg / min / max
[util %: 586.046977 -- report computed in 0]
2026-04-24 13:46:28.184 [pool-1-thread-1] INFO  o.s.loadsimrunner.report.Reporter:74 - 2026-04-24T17:46:28.183Z
Insert transactions:
==========
36 ops per second (368 total)
23920 records per second (239200 total)
159.184783 ms mean duration
percentiles: [P95: 217]
650.000000 / 650.000000 / 650.000000 Batch size avg / min / max
[util %: 585.507246 -- report computed in 1]
2026-04-24 13:46:38.189 [pool-1-thread-1] INFO  o.s.loadsimrunner.report.Reporter:74 - 2026-04-24T17:46:38.189Z
Insert transactions:
==========
35 ops per second (353 total)
22945 records per second (229450 total)
165.169972 ms mean duration
percentiles: [P95: 217]
650.000000 / 650.000000 / 650.000000 Batch size avg / min / max
[util %: 582.700380 -- report computed in 0]
2026-04-24 13:46:48.193 [pool-1-thread-1] INFO  o.s.loadsimrunner.report.Reporter:74 - 2026-04-24T17:46:48.193Z
Insert transactions:
==========
27 ops per second (279 total)
18135 records per second (181350 total)
211.569892 ms mean duration
percentiles: [P95: 584]
650.000000 / 650.000000 / 650.000000 Batch size avg / min / max
[util %: 590.043982 -- report computed in 0]
2026-04-24 13:46:58.198 [pool-1-thread-1] INFO  o.s.loadsimrunner.report.Reporter:74 - 2026-04-24T17:46:58.198Z
Insert transactions:
==========
36 ops per second (361 total)
23465 records per second (234650 total)
162.304709 ms mean duration
percentiles: [P95: 234]
650.000000 / 650.000000 / 650.000000 Batch size avg / min / max
[util %: 585.627186 -- report computed in 0]
2026-04-24 13:47:08.203 [pool-1-thread-1] INFO  o.s.loadsimrunner.report.Reporter:74 - 2026-04-24T17:47:08.203Z
Insert transactions:
==========
37 ops per second (371 total)
24115 records per second (241150 total)
157.460916 ms mean duration
percentiles: [P95: 197]
650.000000 / 650.000000 / 650.000000 Batch size avg / min / max
[util %: 583.888056 -- report computed in 0]
2026-04-24 13:47:18.207 [pool-1-thread-1] INFO  o.s.loadsimrunner.report.Reporter:74 - 2026-04-24T17:47:18.207Z
Insert transactions:
==========
34 ops per second (348 total)
22620 records per second (226200 total)
168.577586 ms mean duration
percentiles: [P95: 213]
650.000000 / 650.000000 / 650.000000 Batch size avg / min / max
[util %: 586.415434 -- report computed in 0]
2026-04-24 13:47:28.213 [pool-1-thread-1] INFO  o.s.loadsimrunner.report.Reporter:74 - 2026-04-24T17:47:28.212Z
Insert transactions:
==========
34 ops per second (350 total)
22750 records per second (227500 total)
165.077143 ms mean duration
percentiles: [P95: 229]
650.000000 / 650.000000 / 650.000000 Batch size avg / min / max
[util %: 577.481259 -- report computed in 0]
2026-04-24 13:47:38.219 [pool-1-thread-1] INFO  o.s.loadsimrunner.report.Reporter:74 - 2026-04-24T17:47:38.217Z
Insert transactions:
==========
34 ops per second (348 total)
22620 records per second (226200 total)
169.850575 ms mean duration
percentiles: [P95: 209]
650.000000 / 650.000000 / 650.000000 Batch size avg / min / max
[util %: 590.784608 -- report computed in 0]
2026-04-24 13:47:48.218 [pool-1-thread-1] INFO  o.s.loadsimrunner.report.Reporter:74 - 2026-04-24T17:47:48.218Z
Insert transactions:
==========
36 ops per second (361 total)
23465 records per second (234650 total)
160.745152 ms mean duration
percentiles: [P95: 193]
650.000000 / 650.000000 / 650.000000 Batch size avg / min / max
[util %: 580.231977 -- report computed in 0]
2026-04-24 13:47:58.222 [pool-1-thread-1] INFO  o.s.loadsimrunner.report.Reporter:74 - 2026-04-24T17:47:58.222Z
Insert transactions:
==========
29 ops per second (293 total)
19045 records per second (190450 total)
201.993174 ms mean duration
percentiles: [P95: 531]
650.000000 / 650.000000 / 650.000000 Batch size avg / min / max
[util %: 591.603359 -- report computed in 0]
2026-04-24 13:48:08.228 [pool-1-thread-1] INFO  o.s.loadsimrunner.report.Reporter:74 - 2026-04-24T17:48:08.227Z
Insert transactions:
==========
34 ops per second (341 total)
22165 records per second (221650 total)
170.721408 ms mean duration
percentiles: [P95: 288]
650.000000 / 650.000000 / 650.000000 Batch size avg / min / max
[util %: 581.869065 -- report computed in 0]
2026-04-24 13:48:18.232 [pool-1-thread-1] INFO  o.s.loadsimrunner.report.Reporter:74 - 2026-04-24T17:48:18.231Z
Insert transactions:
==========
35 ops per second (351 total)
22815 records per second (228150 total)
165.652422 ms mean duration
percentiles: [P95: 214]
650.000000 / 650.000000 / 650.000000 Batch size avg / min / max
[util %: 581.207517 -- report computed in 0]
2026-04-24 13:48:28.236 [pool-1-thread-1] INFO  o.s.loadsimrunner.report.Reporter:74 - 2026-04-24T17:48:28.235Z
Insert transactions:
==========
33 ops per second (332 total)
21580 records per second (215800 total)
176.813253 ms mean duration
percentiles: [P95: 264]
650.000000 / 650.000000 / 650.000000 Batch size avg / min / max
[util %: 586.785286 -- report computed in 1]
2026-04-24 13:48:38.237 [pool-1-thread-1] INFO  o.s.loadsimrunner.report.Reporter:74 - 2026-04-24T17:48:38.237Z
Insert transactions:
==========
37 ops per second (371 total)
24115 records per second (241150 total)
158.789757 ms mean duration
percentiles: [P95: 258]
650.000000 / 650.000000 / 650.000000 Batch size avg / min / max
[util %: 588.992202 -- report computed in 0]
2026-04-24 13:48:48.242 [pool-1-thread-1] INFO  o.s.loadsimrunner.report.Reporter:74 - 2026-04-24T17:48:48.242Z
Insert transactions:
==========
37 ops per second (376 total)
24440 records per second (244400 total)
154.718085 ms mean duration
percentiles: [P95: 193]
650.000000 / 650.000000 / 650.000000 Batch size avg / min / max
[util %: 581.449275 -- report computed in 0]
2026-04-24 13:48:58.247 [pool-1-thread-1] INFO  o.s.loadsimrunner.report.Reporter:74 - 2026-04-24T17:48:58.247Z
Insert transactions:
==========
34 ops per second (346 total)
22490 records per second (224900 total)
168.228324 ms mean duration
percentiles: [P95: 214]
650.000000 / 650.000000 / 650.000000 Batch size avg / min / max
[util %: 581.779110 -- report computed in 0]
2026-04-24 13:49:08.248 [pool-1-thread-1] INFO  o.s.loadsimrunner.report.Reporter:74 - 2026-04-24T17:49:08.247Z
Insert transactions:
==========
29 ops per second (298 total)
19370 records per second (193700 total)
198.738255 ms mean duration
percentiles: [P95: 502]
650.000000 / 650.000000 / 650.000000 Batch size avg / min / max
[util %: 592.240000 -- report computed in 0]
2026-04-24 13:49:18.252 [pool-1-thread-1] INFO  o.s.loadsimrunner.report.Reporter:74 - 2026-04-24T17:49:18.252Z
Insert transactions:
==========
35 ops per second (356 total)
23140 records per second (231400 total)
164.261236 ms mean duration
percentiles: [P95: 208]
650.000000 / 650.000000 / 650.000000 Batch size avg / min / max
[util %: 584.477761 -- report computed in 0]
2026-04-24 13:49:28.258 [pool-1-thread-1] INFO  o.s.loadsimrunner.report.Reporter:74 - 2026-04-24T17:49:28.257Z
Insert transactions:
==========
33 ops per second (332 total)
21580 records per second (215800 total)
174.831325 ms mean duration
percentiles: [P95: 229]
650.000000 / 650.000000 / 650.000000 Batch size avg / min / max
[util %: 580.149925 -- report computed in 1]
2026-04-24 13:49:38.260 [pool-1-thread-1] INFO  o.s.loadsimrunner.report.Reporter:74 - 2026-04-24T17:49:38.259Z
Insert transactions:
==========
36 ops per second (366 total)
23790 records per second (237900 total)
160.177596 ms mean duration
percentiles: [P95: 204]
650.000000 / 650.000000 / 650.000000 Batch size avg / min / max
[util %: 586.132773 -- report computed in 0]
2026-04-24 13:49:48.264 [pool-1-thread-1] INFO  o.s.loadsimrunner.report.Reporter:74 - 2026-04-24T17:49:48.264Z
Insert transactions:
==========
34 ops per second (349 total)
22685 records per second (226850 total)
166.667622 ms mean duration
percentiles: [P95: 209]
650.000000 / 650.000000 / 650.000000 Batch size avg / min / max
[util %: 581.379310 -- report computed in 0]
2026-04-24 13:49:58.268 [pool-1-thread-1] INFO  o.s.loadsimrunner.report.Reporter:74 - 2026-04-24T17:49:58.268Z
Insert transactions:
==========
35 ops per second (358 total)
23270 records per second (232700 total)
163.039106 ms mean duration
percentiles: [P95: 205]
650.000000 / 650.000000 / 650.000000 Batch size avg / min / max
[util %: 583.446621 -- report computed in 0]
2026-04-24 13:50:08.274 [pool-1-thread-1] INFO  o.s.loadsimrunner.report.Reporter:74 - 2026-04-24T17:50:08.273Z
Insert transactions:
==========
33 ops per second (332 total)
21580 records per second (215800 total)
175.554217 ms mean duration
percentiles: [P95: 298]
650.000000 / 650.000000 / 650.000000 Batch size avg / min / max
[util %: 582.548726 -- report computed in 0]
2026-04-24 13:50:18.278 [pool-1-thread-1] INFO  o.s.loadsimrunner.report.Reporter:74 - 2026-04-24T17:50:18.278Z
Insert transactions:
==========
35 ops per second (355 total)
23075 records per second (230750 total)
163.836620 ms mean duration
percentiles: [P95: 217]
650.000000 / 650.000000 / 650.000000 Batch size avg / min / max
[util %: 581.329335 -- report computed in 0]
2026-04-24 13:50:28.283 [pool-1-thread-1] INFO  o.s.loadsimrunner.report.Reporter:74 - 2026-04-24T17:50:28.283Z
Insert transactions:
==========
29 ops per second (295 total)
19175 records per second (191750 total)
199.125424 ms mean duration
percentiles: [P95: 501]
650.000000 / 650.000000 / 650.000000 Batch size avg / min / max
[util %: 587.126437 -- report computed in 0]
2026-04-24 13:50:38.288 [pool-1-thread-1] INFO  o.s.loadsimrunner.report.Reporter:74 - 2026-04-24T17:50:38.288Z
Insert transactions:
==========
37 ops per second (374 total)
24310 records per second (243100 total)
154.890374 ms mean duration
percentiles: [P95: 192]
650.000000 / 650.000000 / 650.000000 Batch size avg / min / max
[util %: 579.000500 -- report computed in 0]
2026-04-24 13:50:48.293 [pool-1-thread-1] INFO  o.s.loadsimrunner.report.Reporter:74 - 2026-04-24T17:50:48.292Z
Insert transactions:
==========
37 ops per second (379 total)
24635 records per second (246350 total)
156.055409 ms mean duration
percentiles: [P95: 205]
650.000000 / 650.000000 / 650.000000 Batch size avg / min / max
[util %: 591.213515 -- report computed in 0]
2026-04-24 13:50:58.297 [pool-1-thread-1] INFO  o.s.loadsimrunner.report.Reporter:74 - 2026-04-24T17:50:58.297Z
Insert transactions:
==========
35 ops per second (359 total)
23335 records per second (233350 total)
161.423398 ms mean duration
percentiles: [P95: 203]
650.000000 / 650.000000 / 650.000000 Batch size avg / min / max
[util %: 579.220390 -- report computed in 0]
2026-04-24 13:51:08.302 [pool-1-thread-1] INFO  o.s.loadsimrunner.report.Reporter:74 - 2026-04-24T17:51:08.302Z
Insert transactions:
==========
35 ops per second (352 total)
22880 records per second (228800 total)
166.849432 ms mean duration
percentiles: [P95: 227]
650.000000 / 650.000000 / 650.000000 Batch size avg / min / max
[util %: 587.016492 -- report computed in 0]
2026-04-24 13:51:18.307 [pool-1-thread-1] INFO  o.s.loadsimrunner.report.Reporter:74 - 2026-04-24T17:51:18.306Z
Insert transactions:
==========
32 ops per second (328 total)
21320 records per second (213200 total)
179.012195 ms mean duration
percentiles: [P95: 224]
650.000000 / 650.000000 / 650.000000 Batch size avg / min / max
[util %: 586.925230 -- report computed in 1]
2026-04-24 13:51:28.312 [pool-1-thread-1] INFO  o.s.loadsimrunner.report.Reporter:74 - 2026-04-24T17:51:28.311Z
Insert transactions:
==========
35 ops per second (360 total)
23400 records per second (234000 total)
161.544444 ms mean duration
percentiles: [P95: 340]
650.000000 / 650.000000 / 650.000000 Batch size avg / min / max
[util %: 581.269365 -- report computed in 0]
2026-04-24 13:51:38.313 [pool-1-thread-1] INFO  o.s.loadsimrunner.report.Reporter:74 - 2026-04-24T17:51:38.313Z
Insert transactions:
==========
28 ops per second (284 total)
18460 records per second (184600 total)
206.908451 ms mean duration
percentiles: [P95: 505]
650.000000 / 650.000000 / 650.000000 Batch size avg / min / max
[util %: 587.502500 -- report computed in 0]
2026-04-24 13:51:48.317 [pool-1-thread-1] INFO  o.s.loadsimrunner.report.Reporter:74 - 2026-04-24T17:51:48.316Z
Insert transactions:
==========
35 ops per second (352 total)
22880 records per second (228800 total)
166.116477 ms mean duration
percentiles: [P95: 232]
650.000000 / 650.000000 / 650.000000 Batch size avg / min / max
[util %: 584.554634 -- report computed in 1]
2026-04-24 13:51:58.321 [pool-1-thread-1] INFO  o.s.loadsimrunner.report.Reporter:74 - 2026-04-24T17:51:58.321Z
Insert transactions:
==========
37 ops per second (375 total)
24375 records per second (243750 total)
156.664000 ms mean duration
percentiles: [P95: 196]
650.000000 / 650.000000 / 650.000000 Batch size avg / min / max
[util %: 587.196402 -- report computed in 0]
2026-04-24 13:52:08.327 [pool-1-thread-1] INFO  o.s.loadsimrunner.report.Reporter:74 - 2026-04-24T17:52:08.326Z
Insert transactions:
==========
38 ops per second (388 total)
25220 records per second (252200 total)
151.046392 ms mean duration
percentiles: [P95: 209]
650.000000 / 650.000000 / 650.000000 Batch size avg / min / max
[util %: 585.767116 -- report computed in 0]
2026-04-24 13:52:18.330 [pool-1-thread-1] INFO  o.s.loadsimrunner.report.Reporter:74 - 2026-04-24T17:52:18.330Z
Insert transactions:
==========
33 ops per second (340 total)
22100 records per second (221000 total)
171.361765 ms mean duration
percentiles: [P95: 212]
650.000000 / 650.000000 / 650.000000 Batch size avg / min / max
[util %: 582.397041 -- report computed in 0]
2026-04-24 13:52:28.332 [pool-1-thread-1] INFO  o.s.loadsimrunner.report.Reporter:74 - 2026-04-24T17:52:28.332Z
Insert transactions:
==========
31 ops per second (314 total)
20410 records per second (204100 total)
185.589172 ms mean duration
percentiles: [P95: 281]
650.000000 / 650.000000 / 650.000000 Batch size avg / min / max
[util %: 582.633473 -- report computed in 0]
2026-04-24 13:52:32.594 [Thread-4] INFO  o.s.l.runner.AbstractRunner:84 - Workload Insert transactions stopping.
2026-04-24 13:52:38.333 [pool-1-thread-1] INFO  o.s.loadsimrunner.report.Reporter:74 - 2026-04-24T17:52:38.333Z
Insert transactions:
==========
32 ops per second (324 total)
21060 records per second (210600 total)
163.629630 ms mean duration
percentiles: [P95: 292]
650.000000 / 650.000000 / 650.000000 Batch size avg / min / max
[util %: 530.106989 -- report computed in 0]
2026-04-24 13:52:46.040 [Thread-3] INFO  o.s.l.runner.AbstractRunner:84 - Workload Insert transactions stopping.
2026-04-24 13:52:46.886 [Thread-1] INFO  o.s.l.runner.AbstractRunner:84 - Workload Insert transactions stopping.
2026-04-24 13:52:48.334 [pool-1-thread-1] INFO  o.s.loadsimrunner.report.Reporter:74 - 2026-04-24T17:52:48.334Z
Insert transactions:
==========
29 ops per second (297 total)
19305 records per second (193050 total)
152.612795 ms mean duration
percentiles: [P95: 211]
650.000000 / 650.000000 / 650.000000 Batch size avg / min / max
[util %: 453.214679 -- report computed in 0]
2026-04-24 13:52:50.774 [Thread-0] INFO  o.s.l.runner.AbstractRunner:84 - Workload Insert transactions stopping.
2026-04-24 13:52:51.507 [Thread-2] INFO  o.s.l.runner.AbstractRunner:84 - Workload Insert transactions stopping.
2026-04-24 13:52:57.283 [Thread-5] INFO  o.s.l.runner.AbstractRunner:84 - Workload Insert transactions stopping.
2026-04-24 13:52:58.338 [main] INFO  o.schambon.loadsimrunner.SimRunner:108 - All workloads have completed. Exiting.
2026-04-24 13:52:58.338 [pool-1-thread-1] INFO  o.s.loadsimrunner.report.Reporter:74 - 2026-04-24T17:52:58.338Z
Insert transactions:
==========
9 ops per second (98 total)
6370 records per second (63700 total)
144.510204 ms mean duration
percentiles: [P95: 177]
650.000000 / 650.000000 / 650.000000 Batch size avg / min / max
[util %: 141.563375 -- report computed in 0]
2026-04-24 14:03:54.896 [cluster-ClusterId{value='69ebb08ab58eb85e5d53bc17', description='null'}-srv-cluster0.7pd3e.mongodb.net] WARN  org.mongodb.driver.cluster:91 - Exception in monitor thread during notification of DNS resolution state change
com.mongodb.MongoInterruptedException: Interrupted waiting for lock
	at com.mongodb.internal.thread.InterruptionUtil.interruptAndCreateMongoInterruptedException(InterruptionUtil.java:41)
	at com.mongodb.internal.Locks.lockInterruptibly(Locks.java:76)
	at com.mongodb.internal.Locks.checkedWithInterruptibleLock(Locks.java:64)
	at com.mongodb.internal.Locks.withInterruptibleLock(Locks.java:59)
	at com.mongodb.internal.Locks.withInterruptibleLock(Locks.java:52)
	at com.mongodb.internal.connection.BaseCluster.withLock(BaseCluster.java:226)
	at com.mongodb.internal.connection.AbstractMultiServerCluster.withLock(AbstractMultiServerCluster.java:54)
	at com.mongodb.internal.connection.BaseCluster.updateDescription(BaseCluster.java:198)
	at com.mongodb.internal.connection.AbstractMultiServerCluster.updateDescription(AbstractMultiServerCluster.java:387)
	at com.mongodb.internal.connection.AbstractMultiServerCluster.lambda$initialize$0(AbstractMultiServerCluster.java:100)
	at com.mongodb.internal.Locks.lambda$withInterruptibleLock$1(Locks.java:53)
	at com.mongodb.internal.Locks.checkedWithInterruptibleLock(Locks.java:66)
	at com.mongodb.internal.Locks.withInterruptibleLock(Locks.java:59)
	at com.mongodb.internal.Locks.withInterruptibleLock(Locks.java:52)
	at com.mongodb.internal.connection.BaseCluster.withLock(BaseCluster.java:226)
	at com.mongodb.internal.connection.AbstractMultiServerCluster.withLock(AbstractMultiServerCluster.java:54)
	at com.mongodb.internal.connection.AbstractMultiServerCluster.initialize(AbstractMultiServerCluster.java:96)
	at com.mongodb.internal.connection.DnsMultiServerCluster$1.initialize(DnsMultiServerCluster.java:54)
	at com.mongodb.internal.connection.DefaultDnsSrvRecordMonitor$DnsSrvRecordMonitorRunnable.run(DefaultDnsSrvRecordMonitor.java:89)
	at java.base/java.lang.Thread.run(Thread.java:1474)
Caused by: java.lang.InterruptedException: null
	at java.base/java.util.concurrent.locks.ReentrantLock$Sync.lockInterruptibly(ReentrantLock.java:160)
	at java.base/java.util.concurrent.locks.ReentrantLock.lockInterruptibly(ReentrantLock.java:373)
	at com.mongodb.internal.Locks.lockInterruptibly(Locks.java:74)
	... 18 common frames omitted
2026-04-24 14:03:55.697 [main] INFO  o.s.loadsimrunner.report.Reporter:42 - INIT: Initializing template collections
2026-04-24 14:03:55.697 [main] INFO  o.s.loadsimrunner.report.Reporter:42 - INIT: Initializing collection mytest.collections
2026-04-24 14:03:56.044 [main] INFO  o.s.loadsimrunner.report.Reporter:42 - INIT: 	Created 0 indexes
2026-04-24 14:03:56.750 [main] INFO  o.s.loadsimrunner.report.Reporter:42 - INIT: Collection is already sharded; skipping sharding configuration
2026-04-24 14:03:56.751 [main] INFO  o.s.loadsimrunner.report.Reporter:42 - INIT: 	Loaded 0 dictionaries
2026-04-24 14:03:56.776 [main] INFO  o.s.loadsimrunner.report.Reporter:42 - INIT: Initializing template accounts
2026-04-24 14:03:56.776 [main] INFO  o.s.loadsimrunner.report.Reporter:42 - INIT: Initializing collection mytest.accounts
2026-04-24 14:03:57.243 [main] INFO  o.s.loadsimrunner.report.Reporter:42 - INIT: 	Loaded 0 existing keys for field: accountId (refer as #accountId)
2026-04-24 14:03:57.245 [main] INFO  o.s.loadsimrunner.report.Reporter:42 - INIT: 	Created 0 indexes
2026-04-24 14:03:57.360 [main] INFO  o.s.loadsimrunner.report.Reporter:42 - INIT: Collection is already sharded; skipping sharding configuration
2026-04-24 14:03:57.360 [main] INFO  o.s.loadsimrunner.report.Reporter:42 - INIT: 	Loaded 0 dictionaries
2026-04-24 14:03:57.374 [main] INFO  o.s.loadsimrunner.report.Reporter:42 - INIT: Initializing template transactions
2026-04-24 14:03:57.374 [main] INFO  o.s.loadsimrunner.report.Reporter:42 - INIT: Initializing collection mytest.transactions
2026-04-24 14:03:57.428 [main] INFO  o.s.loadsimrunner.report.Reporter:42 - INIT: 	Created 0 indexes
2026-04-24 14:03:57.535 [main] INFO  o.s.loadsimrunner.report.Reporter:42 - INIT: Collection is already sharded; skipping sharding configuration
2026-04-24 14:03:57.537 [main] INFO  o.s.loadsimrunner.report.Reporter:42 - INIT: 	Loaded 0 dictionaries
2026-04-24 14:03:57.541 [main] INFO  o.s.loadsimrunner.WorkloadManager:169 - Starting workload Insert accounts
2026-04-24 14:04:07.566 [pool-1-thread-1] INFO  o.s.loadsimrunner.report.Reporter:74 - 2026-04-24T18:04:07.554Z
Insert accounts:
==========
70 ops per second (704 total)
7040 records per second (70400 total)
83.035511 ms mean duration
percentiles: [P95: 117]
100.000000 / 100.000000 / 100.000000 Batch size avg / min / max
[util %: 583.811046 -- report computed in 9]
2026-04-24 14:04:17.564 [pool-1-thread-1] INFO  o.s.loadsimrunner.report.Reporter:74 - 2026-04-24T18:04:17.561Z
Insert accounts:
==========
76 ops per second (769 total)
7690 records per second (76900 total)
76.648895 ms mean duration
percentiles: [P95: 90]
100.000000 / 100.000000 / 100.000000 Batch size avg / min / max
[util %: 589.017688 -- report computed in 1]
2026-04-24 14:04:27.564 [pool-1-thread-1] INFO  o.s.loadsimrunner.report.Reporter:74 - 2026-04-24T18:04:27.563Z
Insert accounts:
==========
75 ops per second (756 total)
7560 records per second (75600 total)
77.671958 ms mean duration
percentiles: [P95: 88]
100.000000 / 100.000000 / 100.000000 Batch size avg / min / max
[util %: 587.082583 -- report computed in 1]
2026-04-24 14:04:37.568 [pool-1-thread-1] INFO  o.s.loadsimrunner.report.Reporter:74 - 2026-04-24T18:04:37.566Z
Insert accounts:
==========
75 ops per second (756 total)
7560 records per second (75600 total)
77.939153 ms mean duration
percentiles: [P95: 94]
100.000000 / 100.000000 / 100.000000 Batch size avg / min / max
[util %: 589.043287 -- report computed in 1]
2026-04-24 14:04:41.480 [Thread-3] INFO  o.s.l.runner.AbstractRunner:84 - Workload Insert accounts stopping.
2026-04-24 14:04:41.899 [Thread-4] INFO  o.s.l.runner.AbstractRunner:84 - Workload Insert accounts stopping.
2026-04-24 14:04:42.101 [Thread-2] INFO  o.s.l.runner.AbstractRunner:84 - Workload Insert accounts stopping.
2026-04-24 14:04:42.552 [Thread-1] INFO  o.s.l.runner.AbstractRunner:84 - Workload Insert accounts stopping.
2026-04-24 14:04:42.680 [Thread-0] INFO  o.s.l.runner.AbstractRunner:84 - Workload Insert accounts stopping.
2026-04-24 14:04:42.762 [Thread-5] INFO  o.s.l.runner.AbstractRunner:84 - Workload Insert accounts stopping.
2026-04-24 14:04:47.570 [main] INFO  o.schambon.loadsimrunner.SimRunner:108 - All workloads have completed. Exiting.
2026-04-24 14:04:47.571 [pool-1-thread-1] INFO  o.s.loadsimrunner.report.Reporter:74 - 2026-04-24T18:04:47.570Z
Insert accounts:
==========
35 ops per second (351 total)
3510 records per second (35100 total)
78.766382 ms mean duration
percentiles: [P95: 92]
100.000000 / 100.000000 / 100.000000 Batch size avg / min / max
[util %: 276.359456 -- report computed in 0]
2026-04-24 14:04:49.058 [main] INFO  o.s.loadsimrunner.report.Reporter:42 - INIT: Initializing template collections
2026-04-24 14:04:49.068 [main] INFO  o.s.loadsimrunner.report.Reporter:42 - INIT: Initializing collection mytest.collections
2026-04-24 14:04:49.150 [main] INFO  o.s.loadsimrunner.report.Reporter:42 - INIT: 	Created 0 indexes
2026-04-24 14:04:49.792 [main] INFO  o.s.loadsimrunner.report.Reporter:42 - INIT: Collection is already sharded; skipping sharding configuration
2026-04-24 14:04:49.793 [main] INFO  o.s.loadsimrunner.report.Reporter:42 - INIT: 	Loaded 0 dictionaries
2026-04-24 14:04:49.814 [main] INFO  o.s.loadsimrunner.report.Reporter:42 - INIT: Initializing template accounts
2026-04-24 14:04:49.815 [main] INFO  o.s.loadsimrunner.report.Reporter:42 - INIT: Initializing collection mytest.accounts
2026-04-24 14:04:52.767 [main] INFO  o.s.loadsimrunner.report.Reporter:42 - INIT: 	Loaded 333600 existing keys for field: accountId (refer as #accountId)
2026-04-24 14:04:52.767 [main] INFO  o.s.loadsimrunner.report.Reporter:42 - INIT: 	Created 0 indexes
2026-04-24 14:04:53.109 [main] INFO  o.s.loadsimrunner.report.Reporter:42 - INIT: Collection is already sharded; skipping sharding configuration
2026-04-24 14:04:53.110 [main] INFO  o.s.loadsimrunner.report.Reporter:42 - INIT: 	Loaded 0 dictionaries
2026-04-24 14:04:53.130 [main] INFO  o.s.loadsimrunner.report.Reporter:42 - INIT: Initializing template transactions
2026-04-24 14:04:53.131 [main] INFO  o.s.loadsimrunner.report.Reporter:42 - INIT: Initializing collection mytest.transactions
2026-04-24 14:04:53.191 [main] INFO  o.s.loadsimrunner.report.Reporter:42 - INIT: 	Created 0 indexes
2026-04-24 14:04:54.703 [main] INFO  o.s.loadsimrunner.report.Reporter:42 - INIT: Collection is already sharded; skipping sharding configuration
2026-04-24 14:04:54.704 [main] INFO  o.s.loadsimrunner.report.Reporter:42 - INIT: 	Loaded 0 dictionaries
2026-04-24 14:04:54.708 [main] INFO  o.s.loadsimrunner.WorkloadManager:169 - Starting workload Insert transactions
2026-04-24 14:04:54.711 [main] INFO  o.s.loadsimrunner.WorkloadManager:169 - Starting workload Insert collections
2026-04-24 14:05:04.723 [pool-1-thread-1] INFO  o.s.loadsimrunner.report.Reporter:74 - 2026-04-24T18:05:04.717Z
Insert transactions:
==========
23 ops per second (234 total)
15210 records per second (152100 total)
122.452991 ms mean duration
percentiles: [P95: 368]
650.000000 / 650.000000 / 650.000000 Batch size avg / min / max
[util %: 286.282346 -- report computed in 5]
2026-04-24 14:05:14.723 [pool-1-thread-1] INFO  o.s.loadsimrunner.report.Reporter:74 - 2026-04-24T18:05:14.722Z
Insert collections:
==========
15 ops per second (154 total)
107 records per second (1078 total)
64.584416 ms mean duration
percentiles: [P95: 70]
7.000000 / 7.000000 / 7.000000 Batch size avg / min / max
[util %: 99.410295 -- report computed in 1]
Insert transactions:
==========
47 ops per second (472 total)
30680 records per second (306800 total)
123.544492 ms mean duration
percentiles: [P95: 340]
650.000000 / 650.000000 / 650.000000 Batch size avg / min / max
[util %: 582.838581 -- report computed in 0]
2026-04-24 14:05:24.728 [pool-1-thread-1] INFO  o.s.loadsimrunner.report.Reporter:74 - 2026-04-24T18:05:24.727Z
Insert collections:
==========
14 ops per second (147 total)
102 records per second (1029 total)
68.006803 ms mean duration
percentiles: [P95: 74]
7.000000 / 7.000000 / 7.000000 Batch size avg / min / max
[util %: 99.920040 -- report computed in 0]
Insert transactions:
==========
45 ops per second (460 total)
29900 records per second (299000 total)
128.226087 ms mean duration
percentiles: [P95: 307]
650.000000 / 650.000000 / 650.000000 Batch size avg / min / max
[util %: 589.545227 -- report computed in 1]
2026-04-24 14:05:34.733 [pool-1-thread-1] INFO  o.s.loadsimrunner.report.Reporter:74 - 2026-04-24T18:05:34.732Z
Insert collections:
==========
15 ops per second (152 total)
106 records per second (1064 total)
65.940789 ms mean duration
percentiles: [P95: 136]
7.000000 / 7.000000 / 7.000000 Batch size avg / min / max
[util %: 100.179910 -- report computed in 0]
Insert transactions:
==========
47 ops per second (476 total)
30940 records per second (309400 total)
123.567227 ms mean duration
percentiles: [P95: 318]
650.000000 / 650.000000 / 650.000000 Batch size avg / min / max
[util %: 587.886057 -- report computed in 0]
2026-04-24 14:13:58.818 [cluster-ClusterId{value='69ebb2e69da14c2d5c9ab44b', description='null'}-srv-cluster0.7pd3e.mongodb.net] WARN  org.mongodb.driver.cluster:91 - Exception in monitor thread during notification of DNS resolution state change
com.mongodb.MongoInterruptedException: Interrupted waiting for lock
	at com.mongodb.internal.thread.InterruptionUtil.interruptAndCreateMongoInterruptedException(InterruptionUtil.java:41)
	at com.mongodb.internal.Locks.lockInterruptibly(Locks.java:76)
	at com.mongodb.internal.Locks.checkedWithInterruptibleLock(Locks.java:64)
	at com.mongodb.internal.Locks.withInterruptibleLock(Locks.java:59)
	at com.mongodb.internal.Locks.withInterruptibleLock(Locks.java:52)
	at com.mongodb.internal.connection.BaseCluster.withLock(BaseCluster.java:226)
	at com.mongodb.internal.connection.AbstractMultiServerCluster.withLock(AbstractMultiServerCluster.java:54)
	at com.mongodb.internal.connection.AbstractMultiServerCluster.initialize(AbstractMultiServerCluster.java:96)
	at com.mongodb.internal.connection.DnsMultiServerCluster$1.initialize(DnsMultiServerCluster.java:54)
	at com.mongodb.internal.connection.DefaultDnsSrvRecordMonitor$DnsSrvRecordMonitorRunnable.run(DefaultDnsSrvRecordMonitor.java:89)
	at java.base/java.lang.Thread.run(Thread.java:1474)
Caused by: java.lang.InterruptedException: null
	at java.base/java.util.concurrent.locks.ReentrantLock$Sync.lockInterruptibly(ReentrantLock.java:160)
	at java.base/java.util.concurrent.locks.ReentrantLock.lockInterruptibly(ReentrantLock.java:373)
	at com.mongodb.internal.Locks.lockInterruptibly(Locks.java:74)
	... 9 common frames omitted
2026-04-24 14:13:59.623 [main] INFO  o.s.loadsimrunner.report.Reporter:42 - INIT: Initializing template collections
2026-04-24 14:13:59.624 [main] INFO  o.s.loadsimrunner.report.Reporter:42 - INIT: Initializing collection mytest.collections
2026-04-24 14:13:59.687 [main] INFO  o.s.loadsimrunner.report.Reporter:42 - INIT: 	Created 0 indexes
2026-04-24 14:14:00.333 [main] INFO  o.s.loadsimrunner.report.Reporter:42 - INIT: Collection is already sharded; skipping sharding configuration
2026-04-24 14:14:00.333 [main] INFO  o.s.loadsimrunner.report.Reporter:42 - INIT: 	Loaded 0 dictionaries
2026-04-24 14:14:00.349 [main] INFO  o.s.loadsimrunner.report.Reporter:42 - INIT: Initializing template accounts
2026-04-24 14:14:00.349 [main] INFO  o.s.loadsimrunner.report.Reporter:42 - INIT: Initializing collection mytest.accounts
2026-04-24 14:14:01.818 [main] INFO  o.s.loadsimrunner.report.Reporter:42 - INIT: 	Loaded 0 existing keys for field: accountId (refer as #accountId)
2026-04-24 14:14:01.820 [main] INFO  o.s.loadsimrunner.report.Reporter:42 - INIT: 	Created 0 indexes
2026-04-24 14:14:02.237 [main] INFO  o.s.loadsimrunner.report.Reporter:42 - INIT: Collection is already sharded; skipping sharding configuration
2026-04-24 14:14:02.239 [main] INFO  o.s.loadsimrunner.report.Reporter:42 - INIT: 	Loaded 0 dictionaries
2026-04-24 14:14:02.256 [main] INFO  o.s.loadsimrunner.report.Reporter:42 - INIT: Initializing template transactions
2026-04-24 14:14:02.257 [main] INFO  o.s.loadsimrunner.report.Reporter:42 - INIT: Initializing collection mytest.transactions
2026-04-24 14:14:02.457 [main] INFO  o.s.loadsimrunner.report.Reporter:42 - INIT: 	Created 0 indexes
2026-04-24 14:14:03.001 [main] INFO  o.s.loadsimrunner.report.Reporter:42 - INIT: Collection is already sharded; skipping sharding configuration
2026-04-24 14:14:03.003 [main] INFO  o.s.loadsimrunner.report.Reporter:42 - INIT: 	Loaded 0 dictionaries
2026-04-24 14:14:03.008 [main] INFO  o.s.loadsimrunner.WorkloadManager:169 - Starting workload Insert accounts
2026-04-24 14:14:13.036 [pool-1-thread-1] INFO  o.s.loadsimrunner.report.Reporter:74 - 2026-04-24T18:14:13.020Z
Insert accounts:
==========
64 ops per second (647 total)
6470 records per second (64700 total)
90.483771 ms mean duration
percentiles: [P95: 251]
100.000000 / 100.000000 / 100.000000 Batch size avg / min / max
[util %: 584.728326 -- report computed in 11]
2026-04-24 14:14:23.025 [pool-1-thread-1] INFO  o.s.loadsimrunner.report.Reporter:74 - 2026-04-24T18:14:23.024Z
Insert accounts:
==========
74 ops per second (750 total)
7500 records per second (75000 total)
78.710667 ms mean duration
percentiles: [P95: 89]
100.000000 / 100.000000 / 100.000000 Batch size avg / min / max
[util %: 590.093962 -- report computed in 0]
2026-04-24 14:14:33.029 [pool-1-thread-1] INFO  o.s.loadsimrunner.report.Reporter:74 - 2026-04-24T18:14:33.028Z
Insert accounts:
==========
75 ops per second (755 total)
7550 records per second (75500 total)
77.921854 ms mean duration
percentiles: [P95: 89]
100.000000 / 100.000000 / 100.000000 Batch size avg / min / max
[util %: 588.074770 -- report computed in 1]
2026-04-24 14:14:43.033 [pool-1-thread-1] INFO  o.s.loadsimrunner.report.Reporter:74 - 2026-04-24T18:14:43.032Z
Insert accounts:
==========
77 ops per second (772 total)
7720 records per second (77200 total)
76.042746 ms mean duration
percentiles: [P95: 87]
100.000000 / 100.000000 / 100.000000 Batch size avg / min / max
[util %: 586.815274 -- report computed in 1]
2026-04-24 14:14:47.805 [Thread-1] INFO  o.s.l.runner.AbstractRunner:84 - Workload Insert accounts stopping.
2026-04-24 14:14:47.967 [Thread-3] INFO  o.s.l.runner.AbstractRunner:84 - Workload Insert accounts stopping.
2026-04-24 14:14:48.226 [Thread-2] INFO  o.s.l.runner.AbstractRunner:84 - Workload Insert accounts stopping.
2026-04-24 14:14:48.656 [Thread-5] INFO  o.s.l.runner.AbstractRunner:84 - Workload Insert accounts stopping.
2026-04-24 14:14:49.339 [Thread-4] INFO  o.s.l.runner.AbstractRunner:84 - Workload Insert accounts stopping.
2026-04-24 14:14:49.477 [Thread-0] INFO  o.s.l.runner.AbstractRunner:84 - Workload Insert accounts stopping.
2026-04-24 14:14:53.037 [main] INFO  o.schambon.loadsimrunner.SimRunner:108 - All workloads have completed. Exiting.
2026-04-24 14:14:53.038 [pool-1-thread-1] INFO  o.s.loadsimrunner.report.Reporter:74 - 2026-04-24T18:14:53.037Z
Insert accounts:
==========
41 ops per second (412 total)
4120 records per second (41200 total)
79.485437 ms mean duration
percentiles: [P95: 91]
100.000000 / 100.000000 / 100.000000 Batch size avg / min / max
[util %: 327.316342 -- report computed in 1]
2026-04-24 14:14:54.531 [main] INFO  o.s.loadsimrunner.report.Reporter:42 - INIT: Initializing template collections
2026-04-24 14:14:54.539 [main] INFO  o.s.loadsimrunner.report.Reporter:42 - INIT: Initializing collection mytest.collections
2026-04-24 14:14:54.881 [main] INFO  o.s.loadsimrunner.report.Reporter:42 - INIT: 	Created 0 indexes
2026-04-24 14:14:54.987 [main] INFO  o.s.loadsimrunner.report.Reporter:42 - INIT: Collection is already sharded; skipping sharding configuration
2026-04-24 14:14:54.987 [main] INFO  o.s.loadsimrunner.report.Reporter:42 - INIT: 	Loaded 0 dictionaries
2026-04-24 14:14:55.005 [main] INFO  o.s.loadsimrunner.report.Reporter:42 - INIT: Initializing template accounts
2026-04-24 14:14:55.006 [main] INFO  o.s.loadsimrunner.report.Reporter:42 - INIT: Initializing collection mytest.accounts
2026-04-24 14:14:57.704 [main] INFO  o.s.loadsimrunner.report.Reporter:42 - INIT: 	Loaded 333600 existing keys for field: accountId (refer as #accountId)
2026-04-24 14:14:57.704 [main] INFO  o.s.loadsimrunner.report.Reporter:42 - INIT: 	Created 0 indexes
2026-04-24 14:14:58.041 [main] INFO  o.s.loadsimrunner.report.Reporter:42 - INIT: Collection is already sharded; skipping sharding configuration
2026-04-24 14:14:58.043 [main] INFO  o.s.loadsimrunner.report.Reporter:42 - INIT: 	Loaded 0 dictionaries
2026-04-24 14:14:58.059 [main] INFO  o.s.loadsimrunner.report.Reporter:42 - INIT: Initializing template transactions
2026-04-24 14:14:58.060 [main] INFO  o.s.loadsimrunner.report.Reporter:42 - INIT: Initializing collection mytest.transactions
2026-04-24 14:14:58.111 [main] INFO  o.s.loadsimrunner.report.Reporter:42 - INIT: 	Created 0 indexes
2026-04-24 14:14:58.221 [main] INFO  o.s.loadsimrunner.report.Reporter:42 - INIT: Collection is already sharded; skipping sharding configuration
2026-04-24 14:14:58.222 [main] INFO  o.s.loadsimrunner.report.Reporter:42 - INIT: 	Loaded 0 dictionaries
2026-04-24 14:14:58.226 [main] INFO  o.s.loadsimrunner.WorkloadManager:169 - Starting workload Insert transactions
2026-04-24 14:14:58.231 [main] INFO  o.s.loadsimrunner.WorkloadManager:169 - Starting workload Insert collections
2026-04-24 14:15:08.254 [pool-1-thread-1] INFO  o.s.loadsimrunner.report.Reporter:74 - 2026-04-24T18:15:08.247Z
Insert transactions:
==========
20 ops per second (206 total)
13390 records per second (133900 total)
137.800971 ms mean duration
percentiles: [P95: 376]
650.000000 / 650.000000 / 650.000000 Batch size avg / min / max
[util %: 283.275122 -- report computed in 5]
2026-04-24 14:15:18.253 [pool-1-thread-1] INFO  o.s.loadsimrunner.report.Reporter:74 - 2026-04-24T18:15:18.252Z
Insert collections:
==========
15 ops per second (151 total)
105 records per second (1057 total)
65.814570 ms mean duration
percentiles: [P95: 97]
7.000000 / 7.000000 / 7.000000 Batch size avg / min / max
[util %: 99.330335 -- report computed in 0]
Insert transactions:
==========
49 ops per second (495 total)
32175 records per second (321750 total)
118.678788 ms mean duration
percentiles: [P95: 227]
650.000000 / 650.000000 / 650.000000 Batch size avg / min / max
[util %: 587.166417 -- report computed in 1]
2026-04-24 14:18:55.838 [main] INFO  o.s.loadsimrunner.report.Reporter:42 - INIT: Initializing template collections
2026-04-24 14:18:55.848 [main] INFO  o.s.loadsimrunner.report.Reporter:42 - INIT: Initializing collection mytest.collections
2026-04-24 14:18:56.172 [main] INFO  o.s.loadsimrunner.report.Reporter:42 - INIT: 	Created 0 indexes
2026-04-24 14:18:56.173 [main] INFO  o.s.loadsimrunner.report.Reporter:42 - INIT: 	Loaded 0 dictionaries
2026-04-24 14:18:56.191 [main] INFO  o.s.loadsimrunner.report.Reporter:42 - INIT: Initializing template accounts
2026-04-24 14:18:56.191 [main] INFO  o.s.loadsimrunner.report.Reporter:42 - INIT: Initializing collection mytest.accounts
2026-04-24 14:18:56.475 [main] INFO  o.s.loadsimrunner.report.Reporter:42 - INIT: 	Created 0 indexes
2026-04-24 14:18:56.475 [main] INFO  o.s.loadsimrunner.report.Reporter:42 - INIT: 	Loaded 0 dictionaries
2026-04-24 14:18:56.485 [main] INFO  o.s.loadsimrunner.report.Reporter:42 - INIT: Initializing template transactions
2026-04-24 14:18:56.485 [main] INFO  o.s.loadsimrunner.report.Reporter:42 - INIT: Initializing collection mytest.transactions
2026-04-24 14:18:56.827 [main] INFO  o.s.loadsimrunner.report.Reporter:42 - INIT: 	Created 0 indexes
2026-04-24 14:18:56.829 [main] INFO  o.s.loadsimrunner.report.Reporter:42 - INIT: 	Loaded 0 dictionaries
2026-04-24 14:18:56.833 [main] INFO  o.s.loadsimrunner.WorkloadManager:169 - Starting workload Insert accounts
2026-04-24 14:19:06.857 [pool-1-thread-1] INFO  o.s.loadsimrunner.report.Reporter:74 - 2026-04-24T18:19:06.845Z
Insert accounts:
==========
70 ops per second (702 total)
7020 records per second (70200 total)
83.377493 ms mean duration
percentiles: [P95: 117]
100.000000 / 100.000000 / 100.000000 Batch size avg / min / max
[util %: 584.608470 -- report computed in 10]
2026-04-24 14:19:16.849 [pool-1-thread-1] INFO  o.s.loadsimrunner.report.Reporter:74 - 2026-04-24T18:19:16.849Z
Insert accounts:
==========
73 ops per second (738 total)
7380 records per second (73800 total)
79.693767 ms mean duration
percentiles: [P95: 92]
100.000000 / 100.000000 / 100.000000 Batch size avg / min / max
[util %: 587.904838 -- report computed in 0]
2026-04-24 14:19:26.856 [pool-1-thread-1] INFO  o.s.loadsimrunner.report.Reporter:74 - 2026-04-24T18:19:26.854Z
Insert accounts:
==========
73 ops per second (734 total)
7340 records per second (73400 total)
80.001362 ms mean duration
percentiles: [P95: 100]
100.000000 / 100.000000 / 100.000000 Batch size avg / min / max
[util %: 586.916542 -- report computed in 1]
2026-04-24 14:19:36.858 [pool-1-thread-1] INFO  o.s.loadsimrunner.report.Reporter:74 - 2026-04-24T18:19:36.857Z
Insert accounts:
==========
74 ops per second (741 total)
7410 records per second (74100 total)
79.684211 ms mean duration
percentiles: [P95: 96]
100.000000 / 100.000000 / 100.000000 Batch size avg / min / max
[util %: 590.282915 -- report computed in 1]
2026-04-24 14:19:42.027 [Thread-0] INFO  o.s.l.runner.AbstractRunner:84 - Workload Insert accounts stopping.
2026-04-24 14:19:42.037 [Thread-4] INFO  o.s.l.runner.AbstractRunner:84 - Workload Insert accounts stopping.
2026-04-24 14:19:42.277 [Thread-1] INFO  o.s.l.runner.AbstractRunner:84 - Workload Insert accounts stopping.
2026-04-24 14:19:42.356 [Thread-3] INFO  o.s.l.runner.AbstractRunner:84 - Workload Insert accounts stopping.
2026-04-24 14:19:42.812 [Thread-5] INFO  o.s.l.runner.AbstractRunner:84 - Workload Insert accounts stopping.
2026-04-24 14:19:43.178 [Thread-2] INFO  o.s.l.runner.AbstractRunner:84 - Workload Insert accounts stopping.
2026-04-24 14:19:46.860 [main] INFO  o.schambon.loadsimrunner.SimRunner:108 - All workloads have completed. Exiting.
2026-04-24 14:19:46.862 [pool-1-thread-1] INFO  o.s.loadsimrunner.report.Reporter:74 - 2026-04-24T18:19:46.860Z
Insert accounts:
==========
42 ops per second (421 total)
4210 records per second (42100 total)
78.648456 ms mean duration
percentiles: [P95: 105]
100.000000 / 100.000000 / 100.000000 Batch size avg / min / max
[util %: 331.010697 -- report computed in 1]
2026-04-24 14:19:48.233 [main] INFO  o.s.loadsimrunner.report.Reporter:42 - INIT: Initializing template collections
2026-04-24 14:19:48.243 [main] INFO  o.s.loadsimrunner.report.Reporter:42 - INIT: Initializing collection mytest.collections
2026-04-24 14:19:48.532 [main] INFO  o.s.loadsimrunner.report.Reporter:42 - INIT: 	Created 0 indexes
2026-04-24 14:19:48.532 [main] INFO  o.s.loadsimrunner.report.Reporter:42 - INIT: 	Loaded 0 dictionaries
2026-04-24 14:19:48.548 [main] INFO  o.s.loadsimrunner.report.Reporter:42 - INIT: Initializing template accounts
2026-04-24 14:19:48.548 [main] INFO  o.s.loadsimrunner.report.Reporter:42 - INIT: Initializing collection mytest.accounts
2026-04-24 14:19:48.868 [main] INFO  o.s.loadsimrunner.report.Reporter:42 - INIT: 	Created 0 indexes
2026-04-24 14:19:48.869 [main] INFO  o.s.loadsimrunner.report.Reporter:42 - INIT: 	Loaded 0 dictionaries
2026-04-24 14:19:48.878 [main] INFO  o.s.loadsimrunner.report.Reporter:42 - INIT: Initializing template transactions
2026-04-24 14:19:48.878 [main] INFO  o.s.loadsimrunner.report.Reporter:42 - INIT: Initializing collection mytest.transactions
2026-04-24 14:19:49.273 [main] INFO  o.s.loadsimrunner.report.Reporter:42 - INIT: 	Created 0 indexes
2026-04-24 14:19:49.274 [main] INFO  o.s.loadsimrunner.report.Reporter:42 - INIT: 	Loaded 0 dictionaries
2026-04-24 14:19:49.281 [main] INFO  o.s.loadsimrunner.WorkloadManager:169 - Starting workload Insert transactions
2026-04-24 14:19:49.288 [main] INFO  o.s.loadsimrunner.WorkloadManager:169 - Starting workload Insert collections
2026-04-24 14:19:59.303 [pool-1-thread-1] INFO  o.s.loadsimrunner.report.Reporter:74 - 2026-04-24T18:19:59.295Z
Insert transactions:
==========
25 ops per second (254 total)
16510 records per second (165100 total)
113.043307 ms mean duration
percentiles: [P95: 354]
650.000000 / 650.000000 / 650.000000 Batch size avg / min / max
[util %: 286.728580 -- report computed in 6]
2026-04-24 14:25:47.324 [cluster-ClusterId{value='69ebb5abd9b77132fd4c6987', description='null'}-srv-cluster0.7pd3e.mongodb.net] WARN  org.mongodb.driver.cluster:91 - Exception in monitor thread during notification of DNS resolution state change
com.mongodb.MongoInterruptedException: Interrupted waiting for lock
	at com.mongodb.internal.thread.InterruptionUtil.interruptAndCreateMongoInterruptedException(InterruptionUtil.java:41)
	at com.mongodb.internal.Locks.lockInterruptibly(Locks.java:76)
	at com.mongodb.internal.Locks.checkedWithInterruptibleLock(Locks.java:64)
	at com.mongodb.internal.Locks.withInterruptibleLock(Locks.java:59)
	at com.mongodb.internal.Locks.withInterruptibleLock(Locks.java:52)
	at com.mongodb.internal.connection.BaseCluster.withLock(BaseCluster.java:226)
	at com.mongodb.internal.connection.AbstractMultiServerCluster.withLock(AbstractMultiServerCluster.java:54)
	at com.mongodb.internal.connection.BaseCluster.updateDescription(BaseCluster.java:198)
	at com.mongodb.internal.connection.AbstractMultiServerCluster.updateDescription(AbstractMultiServerCluster.java:387)
	at com.mongodb.internal.connection.AbstractMultiServerCluster.lambda$initialize$0(AbstractMultiServerCluster.java:100)
	at com.mongodb.internal.Locks.lambda$withInterruptibleLock$1(Locks.java:53)
	at com.mongodb.internal.Locks.checkedWithInterruptibleLock(Locks.java:66)
	at com.mongodb.internal.Locks.withInterruptibleLock(Locks.java:59)
	at com.mongodb.internal.Locks.withInterruptibleLock(Locks.java:52)
	at com.mongodb.internal.connection.BaseCluster.withLock(BaseCluster.java:226)
	at com.mongodb.internal.connection.AbstractMultiServerCluster.withLock(AbstractMultiServerCluster.java:54)
	at com.mongodb.internal.connection.AbstractMultiServerCluster.initialize(AbstractMultiServerCluster.java:96)
	at com.mongodb.internal.connection.DnsMultiServerCluster$1.initialize(DnsMultiServerCluster.java:54)
	at com.mongodb.internal.connection.DefaultDnsSrvRecordMonitor$DnsSrvRecordMonitorRunnable.run(DefaultDnsSrvRecordMonitor.java:89)
	at java.base/java.lang.Thread.run(Thread.java:1474)
Caused by: java.lang.InterruptedException: null
	at java.base/java.util.concurrent.locks.ReentrantLock$Sync.lockInterruptibly(ReentrantLock.java:160)
	at java.base/java.util.concurrent.locks.ReentrantLock.lockInterruptibly(ReentrantLock.java:373)
	at com.mongodb.internal.Locks.lockInterruptibly(Locks.java:74)
	... 18 common frames omitted
2026-04-24 14:25:48.087 [main] INFO  o.s.loadsimrunner.report.Reporter:42 - INIT: Initializing template collections
2026-04-24 14:25:48.087 [main] INFO  o.s.loadsimrunner.report.Reporter:42 - INIT: Initializing collection mytest.collections
2026-04-24 14:25:48.458 [main] INFO  o.s.loadsimrunner.report.Reporter:42 - INIT: 	Created 0 indexes
2026-04-24 14:25:48.865 [main] INFO  o.s.loadsimrunner.TemplateManager:407 - Loaded 0 entries into dictionary from namespace simrunner.accounts
2026-04-24 14:25:48.868 [main] INFO  o.s.loadsimrunner.report.Reporter:42 - INIT: 	Loaded 1 dictionaries
2026-04-24 14:25:48.895 [main] INFO  o.s.loadsimrunner.report.Reporter:42 - INIT: Initializing template accounts
2026-04-24 14:25:48.895 [main] INFO  o.s.loadsimrunner.report.Reporter:42 - INIT: Initializing collection mytest.accounts
2026-04-24 14:25:48.950 [main] INFO  o.s.loadsimrunner.report.Reporter:42 - INIT: 	Created 0 indexes
2026-04-24 14:25:48.951 [main] INFO  o.s.loadsimrunner.report.Reporter:42 - INIT: 	Loaded 0 dictionaries
2026-04-24 14:25:48.962 [main] INFO  o.s.loadsimrunner.report.Reporter:42 - INIT: Initializing template transactions
2026-04-24 14:25:48.963 [main] INFO  o.s.loadsimrunner.report.Reporter:42 - INIT: Initializing collection mytest.transactions
2026-04-24 14:25:49.325 [main] INFO  o.s.loadsimrunner.report.Reporter:42 - INIT: 	Created 0 indexes
2026-04-24 14:25:49.396 [main] INFO  o.s.loadsimrunner.TemplateManager:407 - Loaded 0 entries into dictionary from namespace simrunner.accounts
2026-04-24 14:25:49.397 [main] INFO  o.s.loadsimrunner.report.Reporter:42 - INIT: 	Loaded 1 dictionaries
2026-04-24 14:25:49.402 [main] INFO  o.s.loadsimrunner.WorkloadManager:169 - Starting workload Insert accounts
2026-04-24 14:25:59.427 [pool-1-thread-1] INFO  o.s.loadsimrunner.report.Reporter:74 - 2026-04-24T18:25:59.412Z
Insert accounts:
==========
72 ops per second (722 total)
7220 records per second (72200 total)
80.757618 ms mean duration
percentiles: [P95: 105]
100.000000 / 100.000000 / 100.000000 Batch size avg / min / max
[util %: 582.487512 -- report computed in 12]
2026-04-24 14:26:09.414 [pool-1-thread-1] INFO  o.s.loadsimrunner.report.Reporter:74 - 2026-04-24T18:26:09.413Z
Insert accounts:
==========
75 ops per second (755 total)
7550 records per second (75500 total)
78.298013 ms mean duration
percentiles: [P95: 88]
100.000000 / 100.000000 / 100.000000 Batch size avg / min / max
[util %: 591.090891 -- report computed in 1]
2026-04-24 14:26:19.419 [pool-1-thread-1] INFO  o.s.loadsimrunner.report.Reporter:74 - 2026-04-24T18:26:19.418Z
Insert accounts:
==========
76 ops per second (761 total)
7610 records per second (76100 total)
77.386334 ms mean duration
percentiles: [P95: 91]
100.000000 / 100.000000 / 100.000000 Batch size avg / min / max
[util %: 588.615692 -- report computed in 1]
2026-04-24 14:26:29.424 [pool-1-thread-1] INFO  o.s.loadsimrunner.report.Reporter:74 - 2026-04-24T18:26:29.423Z
Insert accounts:
==========
75 ops per second (752 total)
7520 records per second (75200 total)
78.152926 ms mean duration
percentiles: [P95: 93]
100.000000 / 100.000000 / 100.000000 Batch size avg / min / max
[util %: 587.416292 -- report computed in 1]
2026-04-24 14:26:32.762 [Thread-2] INFO  o.s.l.runner.AbstractRunner:84 - Workload Insert accounts stopping.
2026-04-24 14:26:33.550 [Thread-4] INFO  o.s.l.runner.AbstractRunner:84 - Workload Insert accounts stopping.
2026-04-24 14:26:34.049 [Thread-3] INFO  o.s.l.runner.AbstractRunner:84 - Workload Insert accounts stopping.
2026-04-24 14:26:34.136 [Thread-5] INFO  o.s.l.runner.AbstractRunner:84 - Workload Insert accounts stopping.
2026-04-24 14:26:34.345 [Thread-0] INFO  o.s.l.runner.AbstractRunner:84 - Workload Insert accounts stopping.
2026-04-24 14:26:34.367 [Thread-1] INFO  o.s.l.runner.AbstractRunner:84 - Workload Insert accounts stopping.
2026-04-24 14:26:39.428 [main] INFO  o.schambon.loadsimrunner.SimRunner:108 - All workloads have completed. Exiting.
2026-04-24 14:26:39.430 [pool-1-thread-1] INFO  o.s.loadsimrunner.report.Reporter:74 - 2026-04-24T18:26:39.428Z
Insert accounts:
==========
34 ops per second (346 total)
3460 records per second (34600 total)
76.482659 ms mean duration
percentiles: [P95: 93]
100.000000 / 100.000000 / 100.000000 Batch size avg / min / max
[util %: 264.497751 -- report computed in 1]
2026-04-24 14:26:40.905 [main] INFO  o.s.loadsimrunner.report.Reporter:42 - INIT: Initializing template collections
2026-04-24 14:26:40.914 [main] INFO  o.s.loadsimrunner.report.Reporter:42 - INIT: Initializing collection mytest.collections
2026-04-24 14:26:41.232 [main] INFO  o.s.loadsimrunner.report.Reporter:42 - INIT: 	Created 0 indexes
2026-04-24 14:26:41.585 [main] INFO  o.s.loadsimrunner.TemplateManager:407 - Loaded 0 entries into dictionary from namespace simrunner.accounts
2026-04-24 14:26:41.586 [main] INFO  o.s.loadsimrunner.report.Reporter:42 - INIT: 	Loaded 1 dictionaries
2026-04-24 14:26:41.603 [main] INFO  o.s.loadsimrunner.report.Reporter:42 - INIT: Initializing template accounts
2026-04-24 14:26:41.604 [main] INFO  o.s.loadsimrunner.report.Reporter:42 - INIT: Initializing collection mytest.accounts
2026-04-24 14:26:41.932 [main] INFO  o.s.loadsimrunner.report.Reporter:42 - INIT: 	Created 0 indexes
2026-04-24 14:26:41.934 [main] INFO  o.s.loadsimrunner.report.Reporter:42 - INIT: 	Loaded 0 dictionaries
2026-04-24 14:26:41.952 [main] INFO  o.s.loadsimrunner.report.Reporter:42 - INIT: Initializing template transactions
2026-04-24 14:26:41.953 [main] INFO  o.s.loadsimrunner.report.Reporter:42 - INIT: Initializing collection mytest.transactions
2026-04-24 14:26:42.231 [main] INFO  o.s.loadsimrunner.report.Reporter:42 - INIT: 	Created 0 indexes
2026-04-24 14:26:42.294 [main] INFO  o.s.loadsimrunner.TemplateManager:407 - Loaded 0 entries into dictionary from namespace simrunner.accounts
2026-04-24 14:26:42.295 [main] INFO  o.s.loadsimrunner.report.Reporter:42 - INIT: 	Loaded 1 dictionaries
2026-04-24 14:26:42.301 [main] INFO  o.s.loadsimrunner.WorkloadManager:169 - Starting workload Insert transactions
2026-04-24 14:26:42.304 [main] INFO  o.s.loadsimrunner.WorkloadManager:169 - Starting workload Insert collections
2026-04-24 14:26:52.315 [pool-1-thread-1] INFO  o.s.loadsimrunner.report.Reporter:74 - 2026-04-24T18:26:52.308Z
Insert transactions:
==========
25 ops per second (258 total)
16770 records per second (167700 total)
110.410853 ms mean duration
percentiles: [P95: 212]
650.000000 / 650.000000 / 650.000000 Batch size avg / min / max
[util %: 284.660737 -- report computed in 5]
2026-04-24 14:27:02.310 [pool-1-thread-1] INFO  o.s.loadsimrunner.report.Reporter:74 - 2026-04-24T18:27:02.309Z
Insert collections:
==========
14 ops per second (142 total)
99 records per second (994 total)
70.035211 ms mean duration
percentiles: [P95: 77]
7.000000 / 7.000000 / 7.000000 Batch size avg / min / max
[util %: 99.440056 -- report computed in 0]
Insert transactions:
==========
49 ops per second (499 total)
32435 records per second (324350 total)
115.581162 ms mean duration
percentiles: [P95: 180]
650.000000 / 650.000000 / 650.000000 Batch size avg / min / max
[util %: 576.692331 -- report computed in 0]
2026-04-24 14:38:37.627 [main] INFO  o.s.loadsimrunner.report.Reporter:42 - INIT: Initializing template collections
2026-04-24 14:38:37.636 [main] INFO  o.s.loadsimrunner.report.Reporter:42 - INIT: Initializing collection mytest.collections
2026-04-24 14:38:38.030 [main] INFO  o.s.loadsimrunner.report.Reporter:42 - INIT: 	Created 0 indexes
2026-04-24 14:38:38.031 [main] INFO  o.s.loadsimrunner.report.Reporter:42 - INIT: 	Loaded 0 dictionaries
2026-04-24 14:38:38.048 [main] INFO  o.s.loadsimrunner.report.Reporter:42 - INIT: Initializing template accounts
2026-04-24 14:38:38.049 [main] INFO  o.s.loadsimrunner.report.Reporter:42 - INIT: Initializing collection mytest.accounts
2026-04-24 14:38:38.102 [main] INFO  o.s.loadsimrunner.report.Reporter:42 - INIT: 	Created 0 indexes
2026-04-24 14:38:38.102 [main] INFO  o.s.loadsimrunner.report.Reporter:42 - INIT: 	Loaded 0 dictionaries
2026-04-24 14:38:38.111 [main] INFO  o.s.loadsimrunner.report.Reporter:42 - INIT: Initializing template transactions
2026-04-24 14:38:38.112 [main] INFO  o.s.loadsimrunner.report.Reporter:42 - INIT: Initializing collection mytest.transactions
2026-04-24 14:38:38.487 [main] INFO  o.s.loadsimrunner.report.Reporter:42 - INIT: 	Created 0 indexes
2026-04-24 14:38:38.487 [main] INFO  o.s.loadsimrunner.report.Reporter:42 - INIT: 	Loaded 0 dictionaries
2026-04-24 14:38:38.489 [main] INFO  o.s.loadsimrunner.WorkloadManager:169 - Starting workload Insert accounts
2026-04-24 14:38:48.509 [pool-1-thread-1] INFO  o.s.loadsimrunner.report.Reporter:74 - 2026-04-24T18:38:48.498Z
Insert accounts:
==========
65 ops per second (651 total)
6510 records per second (65100 total)
89.703533 ms mean duration
percentiles: [P95: 138]
100.000000 / 100.000000 / 100.000000 Batch size avg / min / max
[util %: 583.444900 -- report computed in 9]
2026-04-24 14:38:58.503 [pool-1-thread-1] INFO  o.s.loadsimrunner.report.Reporter:74 - 2026-04-24T18:38:58.503Z
Insert accounts:
==========
76 ops per second (769 total)
7690 records per second (76900 total)
77.019506 ms mean duration
percentiles: [P95: 90]
100.000000 / 100.000000 / 100.000000 Batch size avg / min / max
[util %: 591.984008 -- report computed in 0]
2026-04-24 14:39:08.510 [pool-1-thread-1] INFO  o.s.loadsimrunner.report.Reporter:74 - 2026-04-24T18:39:08.508Z
Insert accounts:
==========
73 ops per second (740 total)
7400 records per second (74000 total)
79.956757 ms mean duration
percentiles: [P95: 95]
100.000000 / 100.000000 / 100.000000 Batch size avg / min / max
[util %: 591.384308 -- report computed in 1]
2026-04-24 14:39:18.514 [pool-1-thread-1] INFO  o.s.loadsimrunner.report.Reporter:74 - 2026-04-24T18:39:18.513Z
Insert accounts:
==========
74 ops per second (743 total)
7430 records per second (74300 total)
79.453567 ms mean duration
percentiles: [P95: 87]
100.000000 / 100.000000 / 100.000000 Batch size avg / min / max
[util %: 590.044978 -- report computed in 1]
2026-04-24 14:39:23.792 [Thread-4] INFO  o.s.l.runner.AbstractRunner:84 - Workload Insert accounts stopping.
2026-04-24 14:39:24.058 [Thread-3] INFO  o.s.l.runner.AbstractRunner:84 - Workload Insert accounts stopping.
2026-04-24 14:39:24.061 [Thread-1] INFO  o.s.l.runner.AbstractRunner:84 - Workload Insert accounts stopping.
2026-04-24 14:39:24.479 [Thread-0] INFO  o.s.l.runner.AbstractRunner:84 - Workload Insert accounts stopping.
2026-04-24 14:39:24.576 [Thread-5] INFO  o.s.l.runner.AbstractRunner:84 - Workload Insert accounts stopping.
2026-04-24 14:39:25.318 [Thread-2] INFO  o.s.l.runner.AbstractRunner:84 - Workload Insert accounts stopping.
2026-04-24 14:39:28.516 [main] INFO  o.schambon.loadsimrunner.SimRunner:108 - All workloads have completed. Exiting.
2026-04-24 14:39:28.517 [pool-1-thread-1] INFO  o.s.loadsimrunner.report.Reporter:74 - 2026-04-24T18:39:28.516Z
Insert accounts:
==========
43 ops per second (433 total)
4330 records per second (43300 total)
80.103926 ms mean duration
percentiles: [P95: 89]
100.000000 / 100.000000 / 100.000000 Batch size avg / min / max
[util %: 346.745976 -- report computed in 1]
2026-04-24 14:39:29.982 [main] INFO  o.s.loadsimrunner.report.Reporter:42 - INIT: Initializing template collections
2026-04-24 14:39:29.990 [main] INFO  o.s.loadsimrunner.report.Reporter:42 - INIT: Initializing collection mytest.collections
2026-04-24 14:39:30.276 [main] INFO  o.s.loadsimrunner.report.Reporter:42 - INIT: 	Created 0 indexes
2026-04-24 14:39:30.276 [main] INFO  o.s.loadsimrunner.report.Reporter:42 - INIT: 	Loaded 0 dictionaries
2026-04-24 14:39:30.288 [main] INFO  o.s.loadsimrunner.report.Reporter:42 - INIT: Initializing template accounts
2026-04-24 14:39:30.288 [main] INFO  o.s.loadsimrunner.report.Reporter:42 - INIT: Initializing collection mytest.accounts
2026-04-24 14:39:30.346 [main] INFO  o.s.loadsimrunner.report.Reporter:42 - INIT: 	Created 0 indexes
2026-04-24 14:39:30.346 [main] INFO  o.s.loadsimrunner.report.Reporter:42 - INIT: 	Loaded 0 dictionaries
2026-04-24 14:39:30.354 [main] INFO  o.s.loadsimrunner.report.Reporter:42 - INIT: Initializing template transactions
2026-04-24 14:39:30.355 [main] INFO  o.s.loadsimrunner.report.Reporter:42 - INIT: Initializing collection mytest.transactions
2026-04-24 14:39:30.638 [main] INFO  o.s.loadsimrunner.report.Reporter:42 - INIT: 	Created 0 indexes
2026-04-24 14:39:30.640 [main] INFO  o.s.loadsimrunner.report.Reporter:42 - INIT: 	Loaded 0 dictionaries
2026-04-24 14:39:30.645 [main] INFO  o.s.loadsimrunner.WorkloadManager:169 - Starting workload Insert transactions
2026-04-24 14:39:30.650 [main] INFO  o.s.loadsimrunner.WorkloadManager:169 - Starting workload Insert collections
2026-04-24 14:39:40.667 [pool-1-thread-1] INFO  o.s.loadsimrunner.report.Reporter:74 - 2026-04-24T18:39:40.656Z
Insert transactions:
==========
23 ops per second (235 total)
15275 records per second (152750 total)
121.689362 ms mean duration
percentiles: [P95: 394]
650.000000 / 650.000000 / 650.000000 Batch size avg / min / max
[util %: 285.655779 -- report computed in 9]
2026-04-24 14:46:25.152 [main] INFO  o.s.loadsimrunner.report.Reporter:42 - INIT: Initializing template collections
2026-04-24 14:46:25.161 [main] INFO  o.s.loadsimrunner.report.Reporter:42 - INIT: Initializing collection mytest.collections
2026-04-24 14:46:25.512 [main] INFO  o.s.loadsimrunner.report.Reporter:42 - INIT: 	Created 0 indexes
2026-04-24 14:46:25.807 [main] INFO  o.s.loadsimrunner.TemplateManager:407 - Loaded 0 entries into dictionary from namespace mytest.accounts
2026-04-24 14:46:25.807 [main] INFO  o.s.loadsimrunner.report.Reporter:42 - INIT: 	Loaded 1 dictionaries
2026-04-24 14:46:25.829 [main] INFO  o.s.loadsimrunner.report.Reporter:42 - INIT: Initializing template accounts
2026-04-24 14:46:25.829 [main] INFO  o.s.loadsimrunner.report.Reporter:42 - INIT: Initializing collection mytest.accounts
2026-04-24 14:46:26.166 [main] INFO  o.s.loadsimrunner.report.Reporter:42 - INIT: 	Created 0 indexes
2026-04-24 14:46:26.168 [main] INFO  o.s.loadsimrunner.report.Reporter:42 - INIT: 	Loaded 0 dictionaries
2026-04-24 14:46:26.187 [main] INFO  o.s.loadsimrunner.report.Reporter:42 - INIT: Initializing template transactions
2026-04-24 14:46:26.187 [main] INFO  o.s.loadsimrunner.report.Reporter:42 - INIT: Initializing collection mytest.transactions
2026-04-24 14:46:26.241 [main] INFO  o.s.loadsimrunner.report.Reporter:42 - INIT: 	Created 0 indexes
2026-04-24 14:46:26.293 [main] INFO  o.s.loadsimrunner.TemplateManager:407 - Loaded 0 entries into dictionary from namespace mytest.accounts
2026-04-24 14:46:26.294 [main] INFO  o.s.loadsimrunner.report.Reporter:42 - INIT: 	Loaded 1 dictionaries
2026-04-24 14:46:26.296 [main] INFO  o.s.loadsimrunner.WorkloadManager:169 - Starting workload Insert accounts
2026-04-24 14:46:36.316 [pool-1-thread-1] INFO  o.s.loadsimrunner.report.Reporter:74 - 2026-04-24T18:46:36.303Z
Insert accounts:
==========
70 ops per second (704 total)
7040 records per second (70400 total)
83.259943 ms mean duration
percentiles: [P95: 122]
100.000000 / 100.000000 / 100.000000 Batch size avg / min / max
[util %: 585.739982 -- report computed in 10]
2026-04-24 14:46:46.311 [pool-1-thread-1] INFO  o.s.loadsimrunner.report.Reporter:74 - 2026-04-24T18:46:46.309Z
Insert accounts:
==========
74 ops per second (744 total)
7440 records per second (74400 total)
78.971774 ms mean duration
percentiles: [P95: 95]
100.000000 / 100.000000 / 100.000000 Batch size avg / min / max
[util %: 587.197681 -- report computed in 1]
2026-04-24 14:46:56.311 [pool-1-thread-1] INFO  o.s.loadsimrunner.report.Reporter:74 - 2026-04-24T18:46:56.310Z
Insert accounts:
==========
73 ops per second (737 total)
7370 records per second (73700 total)
79.995929 ms mean duration
percentiles: [P95: 95]
100.000000 / 100.000000 / 100.000000 Batch size avg / min / max
[util %: 589.511049 -- report computed in 0]
2026-04-24 14:47:06.315 [pool-1-thread-1] INFO  o.s.loadsimrunner.report.Reporter:74 - 2026-04-24T18:47:06.313Z
Insert accounts:
==========
75 ops per second (754 total)
7540 records per second (75400 total)
78.539788 ms mean duration
percentiles: [P95: 93]
100.000000 / 100.000000 / 100.000000 Batch size avg / min / max
[util %: 592.012396 -- report computed in 1]
2026-04-24 14:47:11.262 [Thread-1] INFO  o.s.l.runner.AbstractRunner:84 - Workload Insert accounts stopping.
2026-04-24 14:47:11.508 [Thread-3] INFO  o.s.l.runner.AbstractRunner:84 - Workload Insert accounts stopping.
2026-04-24 14:47:11.515 [Thread-2] INFO  o.s.l.runner.AbstractRunner:84 - Workload Insert accounts stopping.
2026-04-24 14:47:11.803 [Thread-5] INFO  o.s.l.runner.AbstractRunner:84 - Workload Insert accounts stopping.
2026-04-24 14:47:11.897 [Thread-0] INFO  o.s.l.runner.AbstractRunner:84 - Workload Insert accounts stopping.
2026-04-24 14:47:11.903 [Thread-4] INFO  o.s.l.runner.AbstractRunner:84 - Workload Insert accounts stopping.
2026-04-24 14:47:16.314 [main] INFO  o.schambon.loadsimrunner.SimRunner:108 - All workloads have completed. Exiting.
2026-04-24 14:47:16.315 [pool-1-thread-1] INFO  o.s.loadsimrunner.report.Reporter:74 - 2026-04-24T18:47:16.314Z
Insert accounts:
==========
39 ops per second (397 total)
3970 records per second (39700 total)
79.400504 ms mean duration
percentiles: [P95: 97]
100.000000 / 100.000000 / 100.000000 Batch size avg / min / max
[util %: 315.188481 -- report computed in 1]
2026-04-24 14:47:17.638 [main] INFO  o.s.loadsimrunner.report.Reporter:42 - INIT: Initializing template collections
2026-04-24 14:47:17.647 [main] INFO  o.s.loadsimrunner.report.Reporter:42 - INIT: Initializing collection mytest.collections
2026-04-24 14:47:17.926 [main] INFO  o.s.loadsimrunner.report.Reporter:42 - INIT: 	Created 0 indexes
2026-04-24 14:47:21.075 [main] INFO  o.s.loadsimrunner.TemplateManager:407 - Loaded 333334 entries into dictionary from namespace mytest.accounts
2026-04-24 14:47:21.076 [main] INFO  o.s.loadsimrunner.report.Reporter:42 - INIT: 	Loaded 1 dictionaries
2026-04-24 14:47:21.078 [main] INFO  o.s.loadsimrunner.report.Reporter:42 - INIT: Initializing template accounts
2026-04-24 14:47:21.078 [main] INFO  o.s.loadsimrunner.report.Reporter:42 - INIT: Initializing collection mytest.accounts
2026-04-24 14:47:21.415 [main] INFO  o.s.loadsimrunner.report.Reporter:42 - INIT: 	Created 0 indexes
2026-04-24 14:47:21.417 [main] INFO  o.s.loadsimrunner.report.Reporter:42 - INIT: 	Loaded 0 dictionaries
2026-04-24 14:47:21.433 [main] INFO  o.s.loadsimrunner.report.Reporter:42 - INIT: Initializing template transactions
2026-04-24 14:47:21.434 [main] INFO  o.s.loadsimrunner.report.Reporter:42 - INIT: Initializing collection mytest.transactions
2026-04-24 14:47:21.487 [main] INFO  o.s.loadsimrunner.report.Reporter:42 - INIT: 	Created 0 indexes
2026-04-24 14:47:24.271 [main] INFO  o.s.loadsimrunner.TemplateManager:407 - Loaded 333334 entries into dictionary from namespace mytest.accounts
2026-04-24 14:47:24.272 [main] INFO  o.s.loadsimrunner.report.Reporter:42 - INIT: 	Loaded 1 dictionaries
2026-04-24 14:47:24.273 [main] INFO  o.s.loadsimrunner.WorkloadManager:169 - Starting workload Insert transactions
2026-04-24 14:47:24.274 [main] INFO  o.s.loadsimrunner.WorkloadManager:169 - Starting workload Insert collections
2026-04-24 14:47:34.288 [pool-1-thread-1] INFO  o.s.loadsimrunner.report.Reporter:74 - 2026-04-24T18:47:34.282Z
Insert transactions:
==========
23 ops per second (233 total)
15145 records per second (151450 total)
122.103004 ms mean duration
percentiles: [P95: 313]
650.000000 / 650.000000 / 650.000000 Batch size avg / min / max
[util %: 284.244180 -- report computed in 4]
2026-04-24 14:47:44.289 [pool-1-thread-1] INFO  o.s.loadsimrunner.report.Reporter:74 - 2026-04-24T18:47:44.288Z
Insert collections:
==========
15 ops per second (151 total)
105 records per second (1057 total)
65.854305 ms mean duration
percentiles: [P95: 74]
7.000000 / 7.000000 / 7.000000 Batch size avg / min / max
[util %: 99.380372 -- report computed in 0]
Insert transactions:
==========
55 ops per second (551 total)
35815 records per second (358150 total)
106.185118 ms mean duration
percentiles: [P95: 126]
650.000000 / 650.000000 / 650.000000 Batch size avg / min / max
[util %: 584.729163 -- report computed in 1]
2026-04-24 14:47:54.293 [pool-1-thread-1] INFO  o.s.loadsimrunner.report.Reporter:74 - 2026-04-24T18:47:54.293Z
Insert collections:
==========
16 ops per second (164 total)
114 records per second (1148 total)
60.871951 ms mean duration
percentiles: [P95: 73]
7.000000 / 7.000000 / 7.000000 Batch size avg / min / max
[util %: 99.780110 -- report computed in 0]
Insert transactions:
==========
47 ops per second (480 total)
31200 records per second (312000 total)
121.539583 ms mean duration
percentiles: [P95: 186]
650.000000 / 650.000000 / 650.000000 Batch size avg / min / max
[util %: 583.098451 -- report computed in 0]
2026-04-24 14:48:04.300 [pool-1-thread-1] INFO  o.s.loadsimrunner.report.Reporter:74 - 2026-04-24T18:48:04.300Z
Insert collections:
==========
16 ops per second (165 total)
115 records per second (1155 total)
60.618182 ms mean duration
percentiles: [P95: 72]
7.000000 / 7.000000 / 7.000000 Batch size avg / min / max
[util %: 99.950035 -- report computed in 0]
Insert transactions:
==========
49 ops per second (498 total)
32370 records per second (323700 total)
117.957831 ms mean duration
percentiles: [P95: 162]
650.000000 / 650.000000 / 650.000000 Batch size avg / min / max
[util %: 587.019087 -- report computed in 0]
2026-04-24 14:48:14.304 [pool-1-thread-1] INFO  o.s.loadsimrunner.report.Reporter:74 - 2026-04-24T18:48:14.303Z
Insert collections:
==========
14 ops per second (150 total)
105 records per second (1050 total)
66.540000 ms mean duration
percentiles: [P95: 86]
7.000000 / 7.000000 / 7.000000 Batch size avg / min / max
[util %: 99.780066 -- report computed in 0]
Insert transactions:
==========
48 ops per second (486 total)
31590 records per second (315900 total)
119.555556 ms mean duration
percentiles: [P95: 175]
650.000000 / 650.000000 / 650.000000 Batch size avg / min / max
[util %: 580.865740 -- report computed in 0]
2026-04-24 14:48:24.308 [pool-1-thread-1] INFO  o.s.loadsimrunner.report.Reporter:74 - 2026-04-24T18:48:24.308Z
Insert collections:
==========
16 ops per second (163 total)
114 records per second (1141 total)
61.552147 ms mean duration
percentiles: [P95: 79]
7.000000 / 7.000000 / 7.000000 Batch size avg / min / max
[util %: 100.279860 -- report computed in 0]
Insert transactions:
==========
48 ops per second (490 total)
31850 records per second (318500 total)
119.861224 ms mean duration
percentiles: [P95: 178]
650.000000 / 650.000000 / 650.000000 Batch size avg / min / max
[util %: 587.026487 -- report computed in 0]
2026-04-24 14:48:34.313 [pool-1-thread-1] INFO  o.s.loadsimrunner.report.Reporter:74 - 2026-04-24T18:48:34.313Z
Insert collections:
==========
14 ops per second (149 total)
104 records per second (1043 total)
66.342282 ms mean duration
percentiles: [P95: 82]
7.000000 / 7.000000 / 7.000000 Batch size avg / min / max
[util %: 98.800600 -- report computed in 0]
Insert transactions:
==========
45 ops per second (457 total)
29705 records per second (297050 total)
127.632385 ms mean duration
percentiles: [P95: 197]
650.000000 / 650.000000 / 650.000000 Batch size avg / min / max
[util %: 582.988506 -- report computed in 0]
2026-04-24 14:48:44.318 [pool-1-thread-1] INFO  o.s.loadsimrunner.report.Reporter:74 - 2026-04-24T18:48:44.318Z
Insert collections:
==========
14 ops per second (144 total)
100 records per second (1008 total)
69.826389 ms mean duration
percentiles: [P95: 83]
7.000000 / 7.000000 / 7.000000 Batch size avg / min / max
[util %: 100.499750 -- report computed in 0]
Insert transactions:
==========
43 ops per second (431 total)
28015 records per second (280150 total)
135.201856 ms mean duration
percentiles: [P95: 309]
650.000000 / 650.000000 / 650.000000 Batch size avg / min / max
[util %: 582.428786 -- report computed in 0]
2026-04-24 14:48:54.323 [pool-1-thread-1] INFO  o.s.loadsimrunner.report.Reporter:74 - 2026-04-24T18:48:54.323Z
Insert collections:
==========
15 ops per second (154 total)
107 records per second (1078 total)
64.818182 ms mean duration
percentiles: [P95: 109]
7.000000 / 7.000000 / 7.000000 Batch size avg / min / max
[util %: 99.770115 -- report computed in 0]
Insert transactions:
==========
46 ops per second (466 total)
30290 records per second (302900 total)
125.158798 ms mean duration
percentiles: [P95: 262]
650.000000 / 650.000000 / 650.000000 Batch size avg / min / max
[util %: 582.948526 -- report computed in 0]
2026-04-24 14:49:04.328 [pool-1-thread-1] INFO  o.s.loadsimrunner.report.Reporter:74 - 2026-04-24T18:49:04.328Z
Insert collections:
==========
15 ops per second (155 total)
108 records per second (1085 total)
64.754839 ms mean duration
percentiles: [P95: 82]
7.000000 / 7.000000 / 7.000000 Batch size avg / min / max
[util %: 100.319840 -- report computed in 0]
Insert transactions:
==========
47 ops per second (471 total)
30615 records per second (306150 total)
124.598726 ms mean duration
percentiles: [P95: 315]
650.000000 / 650.000000 / 650.000000 Batch size avg / min / max
[util %: 586.566717 -- report computed in 0]
2026-04-24 14:49:14.333 [pool-1-thread-1] INFO  o.s.loadsimrunner.report.Reporter:74 - 2026-04-24T18:49:14.333Z
Insert collections:
==========
14 ops per second (146 total)
102 records per second (1022 total)
68.315068 ms mean duration
percentiles: [P95: 94]
7.000000 / 7.000000 / 7.000000 Batch size avg / min / max
[util %: 99.690155 -- report computed in 0]
Insert transactions:
==========
41 ops per second (414 total)
26910 records per second (269100 total)
140.538647 ms mean duration
percentiles: [P95: 324]
650.000000 / 650.000000 / 650.000000 Batch size avg / min / max
[util %: 581.539230 -- report computed in 0]
2026-04-24 14:49:22.935 [Thread-6] INFO  o.s.l.runner.AbstractRunner:84 - Workload Insert collections stopping.
2026-04-24 14:49:24.334 [pool-1-thread-1] INFO  o.s.loadsimrunner.report.Reporter:74 - 2026-04-24T18:49:24.334Z
Insert collections:
==========
12 ops per second (126 total)
88 records per second (882 total)
68.238095 ms mean duration
percentiles: [P95: 92]
7.000000 / 7.000000 / 7.000000 Batch size avg / min / max
[util %: 85.971403 -- report computed in 0]
Insert transactions:
==========
44 ops per second (443 total)
28795 records per second (287950 total)
132.740406 ms mean duration
percentiles: [P95: 277]
650.000000 / 650.000000 / 650.000000 Batch size avg / min / max
[util %: 587.981202 -- report computed in 0]
2026-04-24 14:49:34.339 [pool-1-thread-1] INFO  o.s.loadsimrunner.report.Reporter:74 - 2026-04-24T18:49:34.338Z
Insert transactions:
==========
43 ops per second (433 total)
28145 records per second (281450 total)
134.321016 ms mean duration
percentiles: [P95: 224]
650.000000 / 650.000000 / 650.000000 Batch size avg / min / max
[util %: 581.377449 -- report computed in 1]
2026-04-24 14:49:44.344 [pool-1-thread-1] INFO  o.s.loadsimrunner.report.Reporter:74 - 2026-04-24T18:49:44.343Z
Insert transactions:
==========
44 ops per second (442 total)
28730 records per second (287300 total)
131.350679 ms mean duration
percentiles: [P95: 198]
650.000000 / 650.000000 / 650.000000 Batch size avg / min / max
[util %: 580.279860 -- report computed in 1]
2026-04-24 14:49:54.349 [pool-1-thread-1] INFO  o.s.loadsimrunner.report.Reporter:74 - 2026-04-24T18:49:54.348Z
Insert transactions:
==========
44 ops per second (446 total)
28990 records per second (289900 total)
130.284753 ms mean duration
percentiles: [P95: 193]
650.000000 / 650.000000 / 650.000000 Batch size avg / min / max
[util %: 580.779610 -- report computed in 1]
2026-04-24 14:50:04.354 [pool-1-thread-1] INFO  o.s.loadsimrunner.report.Reporter:74 - 2026-04-24T18:50:04.353Z
Insert transactions:
==========
43 ops per second (438 total)
28470 records per second (284700 total)
133.931507 ms mean duration
percentiles: [P95: 278]
650.000000 / 650.000000 / 650.000000 Batch size avg / min / max
[util %: 586.326837 -- report computed in 1]
2026-04-24 14:50:14.358 [pool-1-thread-1] INFO  o.s.loadsimrunner.report.Reporter:74 - 2026-04-24T18:50:14.357Z
Insert transactions:
==========
41 ops per second (412 total)
26780 records per second (267800 total)
142.087379 ms mean duration
percentiles: [P95: 409]
650.000000 / 650.000000 / 650.000000 Batch size avg / min / max
[util %: 585.165934 -- report computed in 0]
2026-04-24 14:50:24.363 [pool-1-thread-1] INFO  o.s.loadsimrunner.report.Reporter:74 - 2026-04-24T18:50:24.362Z
Insert transactions:
==========
42 ops per second (424 total)
27560 records per second (275600 total)
137.976415 ms mean duration
percentiles: [P95: 216]
650.000000 / 650.000000 / 650.000000 Batch size avg / min / max
[util %: 584.727636 -- report computed in 0]
2026-04-24 14:50:34.365 [pool-1-thread-1] INFO  o.s.loadsimrunner.report.Reporter:74 - 2026-04-24T18:50:34.364Z
Insert transactions:
==========
40 ops per second (406 total)
26390 records per second (263900 total)
144.275862 ms mean duration
percentiles: [P95: 319]
650.000000 / 650.000000 / 650.000000 Batch size avg / min / max
[util %: 585.642871 -- report computed in 0]
2026-04-24 14:50:44.370 [pool-1-thread-1] INFO  o.s.loadsimrunner.report.Reporter:74 - 2026-04-24T18:50:44.369Z
Insert transactions:
==========
41 ops per second (417 total)
27105 records per second (271050 total)
140.175060 ms mean duration
percentiles: [P95: 282]
650.000000 / 650.000000 / 650.000000 Batch size avg / min / max
[util %: 584.237881 -- report computed in 1]
2026-04-24 14:50:54.372 [pool-1-thread-1] INFO  o.s.loadsimrunner.report.Reporter:74 - 2026-04-24T18:50:54.371Z
Insert transactions:
==========
28 ops per second (285 total)
18525 records per second (185250 total)
204.354386 ms mean duration
percentiles: [P95: 385]
650.000000 / 650.000000 / 650.000000 Batch size avg / min / max
[util %: 582.293541 -- report computed in 0]
2026-04-24 14:51:04.376 [pool-1-thread-1] INFO  o.s.loadsimrunner.report.Reporter:74 - 2026-04-24T18:51:04.375Z
Insert transactions:
==========
31 ops per second (317 total)
20605 records per second (206050 total)
182.309148 ms mean duration
percentiles: [P95: 320]
650.000000 / 650.000000 / 650.000000 Batch size avg / min / max
[util %: 577.688924 -- report computed in 0]
2026-04-24 14:51:14.379 [pool-1-thread-1] INFO  o.s.loadsimrunner.report.Reporter:74 - 2026-04-24T18:51:14.378Z
Insert transactions:
==========
30 ops per second (303 total)
19695 records per second (196950 total)
189.834983 ms mean duration
percentiles: [P95: 374]
650.000000 / 650.000000 / 650.000000 Batch size avg / min / max
[util %: 575.027492 -- report computed in 0]
2026-04-24 14:51:24.381 [pool-1-thread-1] INFO  o.s.loadsimrunner.report.Reporter:74 - 2026-04-24T18:51:24.381Z
Insert transactions:
==========
36 ops per second (362 total)
23530 records per second (235300 total)
162.790055 ms mean duration
percentiles: [P95: 278]
650.000000 / 650.000000 / 650.000000 Batch size avg / min / max
[util %: 589.123263 -- report computed in 0]
2026-04-24 14:51:34.386 [pool-1-thread-1] INFO  o.s.loadsimrunner.report.Reporter:74 - 2026-04-24T18:51:34.385Z
Insert transactions:
==========
39 ops per second (394 total)
25610 records per second (256100 total)
147.218274 ms mean duration
percentiles: [P95: 259]
650.000000 / 650.000000 / 650.000000 Batch size avg / min / max
[util %: 579.808077 -- report computed in 0]
2026-04-24 14:51:44.391 [pool-1-thread-1] INFO  o.s.loadsimrunner.report.Reporter:74 - 2026-04-24T18:51:44.390Z
Insert transactions:
==========
40 ops per second (409 total)
26585 records per second (265850 total)
143.266504 ms mean duration
percentiles: [P95: 247]
650.000000 / 650.000000 / 650.000000 Batch size avg / min / max
[util %: 585.667166 -- report computed in 1]
2026-04-24 14:51:54.392 [pool-1-thread-1] INFO  o.s.loadsimrunner.report.Reporter:74 - 2026-04-24T18:51:54.392Z
Insert transactions:
==========
42 ops per second (428 total)
27820 records per second (278200 total)
136.822430 ms mean duration
percentiles: [P95: 191]
650.000000 / 650.000000 / 650.000000 Batch size avg / min / max
[util %: 585.482903 -- report computed in 0]
2026-04-24 14:52:04.396 [pool-1-thread-1] INFO  o.s.loadsimrunner.report.Reporter:74 - 2026-04-24T18:52:04.395Z
Insert transactions:
==========
37 ops per second (377 total)
24505 records per second (245050 total)
155.517241 ms mean duration
percentiles: [P95: 231]
650.000000 / 650.000000 / 650.000000 Batch size avg / min / max
[util %: 586.124163 -- report computed in 1]
2026-04-24 14:52:14.479 [pool-1-thread-1] INFO  o.s.loadsimrunner.report.Reporter:74 - 2026-04-24T18:52:14.479Z
Insert transactions:
==========
37 ops per second (383 total)
24895 records per second (248950 total)
153.253264 ms mean duration
percentiles: [P95: 230]
650.000000 / 650.000000 / 650.000000 Batch size avg / min / max
[util %: 582.070607 -- report computed in 0]
2026-04-24 14:52:24.485 [pool-1-thread-1] INFO  o.s.loadsimrunner.report.Reporter:74 - 2026-04-24T18:52:24.484Z
Insert transactions:
==========
40 ops per second (405 total)
26325 records per second (263250 total)
143.382716 ms mean duration
percentiles: [P95: 188]
650.000000 / 650.000000 / 650.000000 Batch size avg / min / max
[util %: 580.409795 -- report computed in 0]
2026-04-24 14:52:34.490 [pool-1-thread-1] INFO  o.s.loadsimrunner.report.Reporter:74 - 2026-04-24T18:52:34.489Z
Insert transactions:
==========
39 ops per second (397 total)
25805 records per second (258050 total)
147.528967 ms mean duration
percentiles: [P95: 211]
650.000000 / 650.000000 / 650.000000 Batch size avg / min / max
[util %: 585.397301 -- report computed in 0]
2026-04-24 14:52:44.495 [pool-1-thread-1] INFO  o.s.loadsimrunner.report.Reporter:74 - 2026-04-24T18:52:44.494Z
Insert transactions:
==========
36 ops per second (361 total)
23465 records per second (234650 total)
162.088643 ms mean duration
percentiles: [P95: 223]
650.000000 / 650.000000 / 650.000000 Batch size avg / min / max
[util %: 584.847576 -- report computed in 1]
2026-04-24 14:52:54.500 [pool-1-thread-1] INFO  o.s.loadsimrunner.report.Reporter:74 - 2026-04-24T18:52:54.500Z
Insert transactions:
==========
40 ops per second (406 total)
26390 records per second (263900 total)
143.384236 ms mean duration
percentiles: [P95: 186]
650.000000 / 650.000000 / 650.000000 Batch size avg / min / max
[util %: 581.790925 -- report computed in 0]
2026-04-24 14:53:04.505 [pool-1-thread-1] INFO  o.s.loadsimrunner.report.Reporter:74 - 2026-04-24T18:53:04.505Z
Insert transactions:
==========
39 ops per second (398 total)
25870 records per second (258700 total)
147.266332 ms mean duration
percentiles: [P95: 205]
650.000000 / 650.000000 / 650.000000 Batch size avg / min / max
[util %: 585.827086 -- report computed in 0]
2026-04-24 14:53:14.511 [pool-1-thread-1] INFO  o.s.loadsimrunner.report.Reporter:74 - 2026-04-24T18:53:14.510Z
Insert transactions:
==========
38 ops per second (387 total)
25155 records per second (251550 total)
150.511628 ms mean duration
percentiles: [P95: 203]
650.000000 / 650.000000 / 650.000000 Batch size avg / min / max
[util %: 582.188906 -- report computed in 0]
2026-04-24 14:53:24.512 [pool-1-thread-1] INFO  o.s.loadsimrunner.report.Reporter:74 - 2026-04-24T18:53:24.511Z
Insert transactions:
==========
33 ops per second (332 total)
21580 records per second (215800 total)
175.448795 ms mean duration
percentiles: [P95: 231]
650.000000 / 650.000000 / 650.000000 Batch size avg / min / max
[util %: 582.431757 -- report computed in 1]
2026-04-24 14:53:34.515 [pool-1-thread-1] INFO  o.s.loadsimrunner.report.Reporter:74 - 2026-04-24T18:53:34.515Z
Insert transactions:
==========
34 ops per second (349 total)
22685 records per second (226850 total)
169.120344 ms mean duration
percentiles: [P95: 266]
650.000000 / 650.000000 / 650.000000 Batch size avg / min / max
[util %: 589.994002 -- report computed in 0]
2026-04-24 14:53:44.521 [pool-1-thread-1] INFO  o.s.loadsimrunner.report.Reporter:74 - 2026-04-24T18:53:44.520Z
Insert transactions:
==========
32 ops per second (329 total)
21385 records per second (213850 total)
177.255319 ms mean duration
percentiles: [P95: 240]
650.000000 / 650.000000 / 650.000000 Batch size avg / min / max
[util %: 582.878561 -- report computed in 0]
2026-04-24 14:53:54.527 [pool-1-thread-1] INFO  o.s.loadsimrunner.report.Reporter:74 - 2026-04-24T18:53:54.525Z
Insert transactions:
==========
32 ops per second (322 total)
20930 records per second (209300 total)
180.816770 ms mean duration
percentiles: [P95: 242]
650.000000 / 650.000000 / 650.000000 Batch size avg / min / max
[util %: 581.939030 -- report computed in 0]
2026-04-24 14:54:04.532 [pool-1-thread-1] INFO  o.s.loadsimrunner.report.Reporter:74 - 2026-04-24T18:54:04.530Z
Insert transactions:
==========
38 ops per second (387 total)
25155 records per second (251550 total)
151.217054 ms mean duration
percentiles: [P95: 226]
650.000000 / 650.000000 / 650.000000 Batch size avg / min / max
[util %: 584.917541 -- report computed in 1]
2026-04-24 14:54:14.534 [pool-1-thread-1] INFO  o.s.loadsimrunner.report.Reporter:74 - 2026-04-24T18:54:14.533Z
Insert transactions:
==========
41 ops per second (416 total)
27040 records per second (270400 total)
141.026442 ms mean duration
percentiles: [P95: 190]
650.000000 / 650.000000 / 650.000000 Batch size avg / min / max
[util %: 586.494052 -- report computed in 1]
2026-04-24 14:54:24.539 [pool-1-thread-1] INFO  o.s.loadsimrunner.report.Reporter:74 - 2026-04-24T18:54:24.539Z
Insert transactions:
==========
36 ops per second (367 total)
23855 records per second (238550 total)
159.299728 ms mean duration
percentiles: [P95: 217]
650.000000 / 650.000000 / 650.000000 Batch size avg / min / max
[util %: 584.279432 -- report computed in 0]
2026-04-24 14:54:34.544 [pool-1-thread-1] INFO  o.s.loadsimrunner.report.Reporter:74 - 2026-04-24T18:54:34.544Z
Insert transactions:
==========
30 ops per second (310 total)
20150 records per second (201500 total)
187.561290 ms mean duration
percentiles: [P95: 274]
650.000000 / 650.000000 / 650.000000 Batch size avg / min / max
[util %: 581.149425 -- report computed in 0]
2026-04-24 14:54:44.549 [pool-1-thread-1] INFO  o.s.loadsimrunner.report.Reporter:74 - 2026-04-24T18:54:44.549Z
Insert transactions:
==========
34 ops per second (349 total)
22685 records per second (226850 total)
168.724928 ms mean duration
percentiles: [P95: 210]
650.000000 / 650.000000 / 650.000000 Batch size avg / min / max
[util %: 588.555722 -- report computed in 0]
2026-04-24 14:54:54.555 [pool-1-thread-1] INFO  o.s.loadsimrunner.report.Reporter:74 - 2026-04-24T18:54:54.555Z
Insert transactions:
==========
34 ops per second (341 total)
22165 records per second (221650 total)
171.354839 ms mean duration
percentiles: [P95: 220]
650.000000 / 650.000000 / 650.000000 Batch size avg / min / max
[util %: 583.969618 -- report computed in 0]
2026-04-24 14:55:04.559 [pool-1-thread-1] INFO  o.s.loadsimrunner.report.Reporter:74 - 2026-04-24T18:55:04.559Z
Insert transactions:
==========
33 ops per second (336 total)
21840 records per second (218400 total)
174.517857 ms mean duration
percentiles: [P95: 232]
650.000000 / 650.000000 / 650.000000 Batch size avg / min / max
[util %: 586.145542 -- report computed in 0]
2026-04-24 14:55:14.565 [pool-1-thread-1] INFO  o.s.loadsimrunner.report.Reporter:74 - 2026-04-24T18:55:14.564Z
Insert transactions:
==========
30 ops per second (308 total)
20020 records per second (200200 total)
189.711039 ms mean duration
percentiles: [P95: 260]
650.000000 / 650.000000 / 650.000000 Batch size avg / min / max
[util %: 584.017991 -- report computed in 0]
2026-04-24 14:55:24.566 [pool-1-thread-1] INFO  o.s.loadsimrunner.report.Reporter:74 - 2026-04-24T18:55:24.565Z
Insert transactions:
==========
33 ops per second (335 total)
21775 records per second (217750 total)
173.979104 ms mean duration
percentiles: [P95: 235]
650.000000 / 650.000000 / 650.000000 Batch size avg / min / max
[util %: 582.771723 -- report computed in 0]
2026-04-24 14:55:34.570 [pool-1-thread-1] INFO  o.s.loadsimrunner.report.Reporter:74 - 2026-04-24T18:55:34.569Z
Insert transactions:
==========
33 ops per second (339 total)
22035 records per second (220350 total)
173.678466 ms mean duration
percentiles: [P95: 234]
650.000000 / 650.000000 / 650.000000 Batch size avg / min / max
[util %: 588.534586 -- report computed in 0]
2026-04-24 14:55:44.570 [pool-1-thread-1] INFO  o.s.loadsimrunner.report.Reporter:74 - 2026-04-24T18:55:44.570Z
Insert transactions:
==========
33 ops per second (331 total)
21515 records per second (215150 total)
177.244713 ms mean duration
percentiles: [P95: 230]
650.000000 / 650.000000 / 650.000000 Batch size avg / min / max
[util %: 586.621338 -- report computed in 0]
2026-04-24 14:55:54.575 [pool-1-thread-1] INFO  o.s.loadsimrunner.report.Reporter:74 - 2026-04-24T18:55:54.575Z
Insert transactions:
==========
34 ops per second (346 total)
22490 records per second (224900 total)
170.372832 ms mean duration
percentiles: [P95: 239]
650.000000 / 650.000000 / 650.000000 Batch size avg / min / max
[util %: 589.195402 -- report computed in 0]
2026-04-24 14:56:04.581 [pool-1-thread-1] INFO  o.s.loadsimrunner.report.Reporter:74 - 2026-04-24T18:56:04.580Z
Insert transactions:
==========
34 ops per second (345 total)
22425 records per second (224250 total)
168.840580 ms mean duration
percentiles: [P95: 209]
650.000000 / 650.000000 / 650.000000 Batch size avg / min / max
[util %: 582.208896 -- report computed in 1]
2026-04-24 14:56:14.586 [pool-1-thread-1] INFO  o.s.loadsimrunner.report.Reporter:74 - 2026-04-24T18:56:14.586Z
Insert transactions:
==========
35 ops per second (357 total)
23205 records per second (232050 total)
163.109244 ms mean duration
percentiles: [P95: 213]
650.000000 / 650.000000 / 650.000000 Batch size avg / min / max
[util %: 581.950830 -- report computed in 0]
2026-04-24 14:56:24.588 [pool-1-thread-1] INFO  o.s.loadsimrunner.report.Reporter:74 - 2026-04-24T18:56:24.587Z
Insert transactions:
==========
30 ops per second (304 total)
19760 records per second (197600 total)
195.023026 ms mean duration
percentiles: [P95: 240]
650.000000 / 650.000000 / 650.000000 Batch size avg / min / max
[util %: 592.810719 -- report computed in 0]
2026-04-24 14:56:34.593 [pool-1-thread-1] INFO  o.s.loadsimrunner.report.Reporter:74 - 2026-04-24T18:56:34.592Z
Insert transactions:
==========
34 ops per second (343 total)
22295 records per second (222950 total)
170.696793 ms mean duration
percentiles: [P95: 216]
650.000000 / 650.000000 / 650.000000 Batch size avg / min / max
[util %: 585.197401 -- report computed in 0]
2026-04-24 14:56:44.598 [pool-1-thread-1] INFO  o.s.loadsimrunner.report.Reporter:74 - 2026-04-24T18:56:44.597Z
Insert transactions:
==========
33 ops per second (337 total)
21905 records per second (219050 total)
173.581602 ms mean duration
percentiles: [P95: 228]
650.000000 / 650.000000 / 650.000000 Batch size avg / min / max
[util %: 584.677661 -- report computed in 1]
2026-04-24 14:56:54.603 [pool-1-thread-1] INFO  o.s.loadsimrunner.report.Reporter:74 - 2026-04-24T18:56:54.603Z
Insert transactions:
==========
33 ops per second (336 total)
21840 records per second (218400 total)
174.500000 ms mean duration
percentiles: [P95: 223]
650.000000 / 650.000000 / 650.000000 Batch size avg / min / max
[util %: 585.968419 -- report computed in 0]
2026-04-24 14:57:04.608 [pool-1-thread-1] INFO  o.s.loadsimrunner.report.Reporter:74 - 2026-04-24T18:57:04.608Z
Insert transactions:
==========
35 ops per second (356 total)
23140 records per second (231400 total)
164.089888 ms mean duration
percentiles: [P95: 213]
650.000000 / 650.000000 / 650.000000 Batch size avg / min / max
[util %: 583.868066 -- report computed in 0]
2026-04-24 14:57:14.609 [pool-1-thread-1] INFO  o.s.loadsimrunner.report.Reporter:74 - 2026-04-24T18:57:14.609Z
Insert transactions:
==========
34 ops per second (349 total)
22685 records per second (226850 total)
167.487106 ms mean duration
percentiles: [P95: 232]
650.000000 / 650.000000 / 650.000000 Batch size avg / min / max
[util %: 584.471553 -- report computed in 0]
2026-04-24 14:57:24.614 [pool-1-thread-1] INFO  o.s.loadsimrunner.report.Reporter:74 - 2026-04-24T18:57:24.614Z
Insert transactions:
==========
35 ops per second (351 total)
22815 records per second (228150 total)
167.293447 ms mean duration
percentiles: [P95: 245]
650.000000 / 650.000000 / 650.000000 Batch size avg / min / max
[util %: 586.906547 -- report computed in 0]
2026-04-24 14:57:34.620 [pool-1-thread-1] INFO  o.s.loadsimrunner.report.Reporter:74 - 2026-04-24T18:57:34.619Z
Insert transactions:
==========
31 ops per second (316 total)
20540 records per second (205400 total)
184.117089 ms mean duration
percentiles: [P95: 277]
650.000000 / 650.000000 / 650.000000 Batch size avg / min / max
[util %: 581.519240 -- report computed in 0]
2026-04-24 14:57:44.624 [pool-1-thread-1] INFO  o.s.loadsimrunner.report.Reporter:74 - 2026-04-24T18:57:44.624Z
Insert transactions:
==========
31 ops per second (313 total)
20345 records per second (203450 total)
188.706070 ms mean duration
percentiles: [P95: 274]
650.000000 / 650.000000 / 650.000000 Batch size avg / min / max
[util %: 590.354823 -- report computed in 0]
2026-04-24 14:57:54.629 [pool-1-thread-1] INFO  o.s.loadsimrunner.report.Reporter:74 - 2026-04-24T18:57:54.629Z
Insert transactions:
==========
31 ops per second (319 total)
20735 records per second (207350 total)
182.802508 ms mean duration
percentiles: [P95: 261]
650.000000 / 650.000000 / 650.000000 Batch size avg / min / max
[util %: 582.848576 -- report computed in 0]
2026-04-24 14:58:04.635 [pool-1-thread-1] INFO  o.s.loadsimrunner.report.Reporter:74 - 2026-04-24T18:58:04.634Z
Insert transactions:
==========
36 ops per second (361 total)
23465 records per second (234650 total)
163.011080 ms mean duration
percentiles: [P95: 219]
650.000000 / 650.000000 / 650.000000 Batch size avg / min / max
[util %: 588.175912 -- report computed in 0]
2026-04-24 14:58:14.639 [pool-1-thread-1] INFO  o.s.loadsimrunner.report.Reporter:74 - 2026-04-24T18:58:14.638Z
Insert transactions:
==========
37 ops per second (373 total)
24245 records per second (242450 total)
157.522788 ms mean duration
percentiles: [P95: 208]
650.000000 / 650.000000 / 650.000000 Batch size avg / min / max
[util %: 587.325070 -- report computed in 1]
2026-04-24 14:58:24.644 [pool-1-thread-1] INFO  o.s.loadsimrunner.report.Reporter:74 - 2026-04-24T18:58:24.644Z
Insert transactions:
==========
35 ops per second (352 total)
22880 records per second (228800 total)
166.744318 ms mean duration
percentiles: [P95: 216]
650.000000 / 650.000000 / 650.000000 Batch size avg / min / max
[util %: 586.588047 -- report computed in 0]
2026-04-24 14:58:34.649 [pool-1-thread-1] INFO  o.s.loadsimrunner.report.Reporter:74 - 2026-04-24T18:58:34.649Z
Insert transactions:
==========
36 ops per second (367 total)
23855 records per second (238550 total)
158.694823 ms mean duration
percentiles: [P95: 202]
650.000000 / 650.000000 / 650.000000 Batch size avg / min / max
[util %: 582.118941 -- report computed in 0]
2026-04-24 14:58:44.655 [pool-1-thread-1] INFO  o.s.loadsimrunner.report.Reporter:74 - 2026-04-24T18:58:44.654Z
Insert transactions:
==========
35 ops per second (351 total)
22815 records per second (228150 total)
164.849003 ms mean duration
percentiles: [P95: 253]
650.000000 / 650.000000 / 650.000000 Batch size avg / min / max
[util %: 578.330835 -- report computed in 0]
2026-04-24 14:58:54.659 [pool-1-thread-1] INFO  o.s.loadsimrunner.report.Reporter:74 - 2026-04-24T18:58:54.658Z
Insert transactions:
==========
35 ops per second (355 total)
23075 records per second (230750 total)
166.729577 ms mean duration
percentiles: [P95: 220]
650.000000 / 650.000000 / 650.000000 Batch size avg / min / max
[util %: 591.653339 -- report computed in 1]
2026-04-24 14:59:04.664 [pool-1-thread-1] INFO  o.s.loadsimrunner.report.Reporter:74 - 2026-04-24T18:59:04.664Z
Insert transactions:
==========
35 ops per second (352 total)
22880 records per second (228800 total)
166.278409 ms mean duration
percentiles: [P95: 267]
650.000000 / 650.000000 / 650.000000 Batch size avg / min / max
[util %: 584.949031 -- report computed in 0]
2026-04-24 14:59:14.668 [pool-1-thread-1] INFO  o.s.loadsimrunner.report.Reporter:74 - 2026-04-24T18:59:14.667Z
Insert transactions:
==========
35 ops per second (355 total)
23075 records per second (230750 total)
165.025352 ms mean duration
percentiles: [P95: 235]
650.000000 / 650.000000 / 650.000000 Batch size avg / min / max
[util %: 585.664301 -- report computed in 1]
2026-04-24 14:59:24.673 [pool-1-thread-1] INFO  o.s.loadsimrunner.report.Reporter:74 - 2026-04-24T18:59:24.673Z
Insert transactions:
==========
33 ops per second (332 total)
21580 records per second (215800 total)
174.596386 ms mean duration
percentiles: [P95: 216]
650.000000 / 650.000000 / 650.000000 Batch size avg / min / max
[util %: 579.312413 -- report computed in 0]
2026-04-24 14:59:34.677 [pool-1-thread-1] INFO  o.s.loadsimrunner.report.Reporter:74 - 2026-04-24T18:59:34.677Z
Insert transactions:
==========
34 ops per second (341 total)
22165 records per second (221650 total)
172.434018 ms mean duration
percentiles: [P95: 221]
650.000000 / 650.000000 / 650.000000 Batch size avg / min / max
[util %: 587.764894 -- report computed in 0]
2026-04-24 14:59:44.678 [pool-1-thread-1] INFO  o.s.loadsimrunner.report.Reporter:74 - 2026-04-24T18:59:44.677Z
Insert transactions:
==========
34 ops per second (342 total)
22230 records per second (222300 total)
172.236842 ms mean duration
percentiles: [P95: 225]
650.000000 / 650.000000 / 650.000000 Batch size avg / min / max
[util %: 589.050000 -- report computed in 0]
2026-04-24 14:59:54.684 [pool-1-thread-1] INFO  o.s.loadsimrunner.report.Reporter:74 - 2026-04-24T18:59:54.683Z
Insert transactions:
==========
19 ops per second (196 total)
12740 records per second (127400 total)
298.576531 ms mean duration
percentiles: [P95: 523]
650.000000 / 650.000000 / 650.000000 Batch size avg / min / max
[util %: 584.859085 -- report computed in 1]
2026-04-24 15:00:04.693 [pool-1-thread-1] INFO  o.s.loadsimrunner.report.Reporter:74 - 2026-04-24T19:00:04.693Z
Insert transactions:
==========
29 ops per second (299 total)
19435 records per second (194350 total)
195.511706 ms mean duration
percentiles: [P95: 358]
650.000000 / 650.000000 / 650.000000 Batch size avg / min / max
[util %: 583.996004 -- report computed in 0]
2026-04-24 15:00:14.703 [pool-1-thread-1] INFO  o.s.loadsimrunner.report.Reporter:74 - 2026-04-24T19:00:14.703Z
Insert transactions:
==========
31 ops per second (320 total)
20800 records per second (208000 total)
182.603125 ms mean duration
percentiles: [P95: 279]
650.000000 / 650.000000 / 650.000000 Batch size avg / min / max
[util %: 583.746254 -- report computed in 0]
2026-04-24 15:00:24.713 [pool-1-thread-1] INFO  o.s.loadsimrunner.report.Reporter:74 - 2026-04-24T19:00:24.713Z
Insert transactions:
==========
31 ops per second (312 total)
20280 records per second (202800 total)
187.596154 ms mean duration
percentiles: [P95: 296]
650.000000 / 650.000000 / 650.000000 Batch size avg / min / max
[util %: 584.715285 -- report computed in 0]
2026-04-24 15:00:34.725 [pool-1-thread-1] INFO  o.s.loadsimrunner.report.Reporter:74 - 2026-04-24T19:00:34.723Z
Insert transactions:
==========
24 ops per second (245 total)
15925 records per second (159250 total)
234.661224 ms mean duration
percentiles: [P95: 347]
650.000000 / 650.000000 / 650.000000 Batch size avg / min / max
[util %: 574.345654 -- report computed in 0]
2026-04-24 15:00:44.730 [pool-1-thread-1] INFO  o.s.loadsimrunner.report.Reporter:74 - 2026-04-24T19:00:44.727Z
Insert transactions:
==========
25 ops per second (255 total)
16575 records per second (165750 total)
231.525490 ms mean duration
percentiles: [P95: 434]
650.000000 / 650.000000 / 650.000000 Batch size avg / min / max
[util %: 590.153938 -- report computed in 1]
2026-04-24 15:00:54.736 [pool-1-thread-1] INFO  o.s.loadsimrunner.report.Reporter:74 - 2026-04-24T19:00:54.736Z
Insert transactions:
==========
30 ops per second (301 total)
19565 records per second (195650 total)
193.594684 ms mean duration
percentiles: [P95: 317]
650.000000 / 650.000000 / 650.000000 Batch size avg / min / max
[util %: 582.196024 -- report computed in 0]
2026-04-24 15:01:04.741 [pool-1-thread-1] INFO  o.s.loadsimrunner.report.Reporter:74 - 2026-04-24T19:01:04.741Z
Insert transactions:
==========
29 ops per second (292 total)
18980 records per second (189800 total)
200.811644 ms mean duration
percentiles: [P95: 323]
650.000000 / 650.000000 / 650.000000 Batch size avg / min / max
[util %: 586.076962 -- report computed in 0]
2026-04-24 15:01:14.752 [pool-1-thread-1] INFO  o.s.loadsimrunner.report.Reporter:74 - 2026-04-24T19:01:14.751Z
Insert transactions:
==========
29 ops per second (292 total)
18980 records per second (189800 total)
198.794521 ms mean duration
percentiles: [P95: 309]
650.000000 / 650.000000 / 650.000000 Batch size avg / min / max
[util %: 579.900100 -- report computed in 0]
2026-04-24 15:01:24.754 [pool-1-thread-1] INFO  o.s.loadsimrunner.report.Reporter:74 - 2026-04-24T19:01:24.754Z
Insert transactions:
==========
29 ops per second (293 total)
19045 records per second (190450 total)
201.037543 ms mean duration
percentiles: [P95: 325]
650.000000 / 650.000000 / 650.000000 Batch size avg / min / max
[util %: 588.863341 -- report computed in 0]
2026-04-24 15:01:34.757 [pool-1-thread-1] INFO  o.s.loadsimrunner.report.Reporter:74 - 2026-04-24T19:01:34.756Z
Insert transactions:
==========
27 ops per second (273 total)
17745 records per second (177450 total)
211.175824 ms mean duration
percentiles: [P95: 329]
650.000000 / 650.000000 / 650.000000 Batch size avg / min / max
[util %: 576.394721 -- report computed in 0]
2026-04-24 15:01:44.767 [pool-1-thread-1] INFO  o.s.loadsimrunner.report.Reporter:74 - 2026-04-24T19:01:44.766Z
Insert transactions:
==========
29 ops per second (291 total)
18915 records per second (189150 total)
198.573883 ms mean duration
percentiles: [P95: 322]
650.000000 / 650.000000 / 650.000000 Batch size avg / min / max
[util %: 577.272727 -- report computed in 0]
2026-04-24 15:01:54.767 [pool-1-thread-1] INFO  o.s.loadsimrunner.report.Reporter:74 - 2026-04-24T19:01:54.766Z
Insert transactions:
==========
29 ops per second (290 total)
18850 records per second (188500 total)
203.972414 ms mean duration
percentiles: [P95: 340]
650.000000 / 650.000000 / 650.000000 Batch size avg / min / max
[util %: 591.520000 -- report computed in 1]
2026-04-24 15:02:04.771 [pool-1-thread-1] INFO  o.s.loadsimrunner.report.Reporter:74 - 2026-04-24T19:02:04.770Z
Insert transactions:
==========
27 ops per second (279 total)
18135 records per second (181350 total)
207.465950 ms mean duration
percentiles: [P95: 375]
650.000000 / 650.000000 / 650.000000 Batch size avg / min / max
[util %: 578.598561 -- report computed in 1]
2026-04-24 15:02:14.778 [pool-1-thread-1] INFO  o.s.loadsimrunner.report.Reporter:74 - 2026-04-24T19:02:14.777Z
Insert transactions:
==========
28 ops per second (286 total)
18590 records per second (185900 total)
204.087413 ms mean duration
percentiles: [P95: 375]
650.000000 / 650.000000 / 650.000000 Batch size avg / min / max
[util %: 583.281703 -- report computed in 0]
2026-04-24 15:02:24.788 [pool-1-thread-1] INFO  o.s.loadsimrunner.report.Reporter:74 - 2026-04-24T19:02:24.787Z
Insert transactions:
==========
26 ops per second (269 total)
17485 records per second (174850 total)
218.074349 ms mean duration
percentiles: [P95: 389]
650.000000 / 650.000000 / 650.000000 Batch size avg / min / max
[util %: 586.033966 -- report computed in 1]
2026-04-24 15:02:34.794 [pool-1-thread-1] INFO  o.s.loadsimrunner.report.Reporter:74 - 2026-04-24T19:02:34.794Z
Insert transactions:
==========
28 ops per second (284 total)
18460 records per second (184600 total)
204.686620 ms mean duration
percentiles: [P95: 339]
650.000000 / 650.000000 / 650.000000 Batch size avg / min / max
[util %: 580.903368 -- report computed in 0]
2026-04-24 15:02:44.803 [pool-1-thread-1] INFO  o.s.loadsimrunner.report.Reporter:74 - 2026-04-24T19:02:44.802Z
Insert transactions:
==========
26 ops per second (269 total)
17485 records per second (174850 total)
216.122677 ms mean duration
percentiles: [P95: 332]
650.000000 / 650.000000 / 650.000000 Batch size avg / min / max
[util %: 580.905276 -- report computed in 0]
2026-04-24 15:02:54.804 [pool-1-thread-1] INFO  o.s.loadsimrunner.report.Reporter:74 - 2026-04-24T19:02:54.803Z
Insert transactions:
==========
27 ops per second (274 total)
17810 records per second (178100 total)
213.138686 ms mean duration
percentiles: [P95: 316]
650.000000 / 650.000000 / 650.000000 Batch size avg / min / max
[util %: 583.941606 -- report computed in 0]
2026-04-24 15:03:04.810 [pool-1-thread-1] INFO  o.s.loadsimrunner.report.Reporter:74 - 2026-04-24T19:03:04.810Z
Insert transactions:
==========
28 ops per second (288 total)
18720 records per second (187200 total)
205.767361 ms mean duration
percentiles: [P95: 319]
650.000000 / 650.000000 / 650.000000 Batch size avg / min / max
[util %: 592.195463 -- report computed in 0]
2026-04-24 15:03:14.821 [pool-1-thread-1] INFO  o.s.loadsimrunner.report.Reporter:74 - 2026-04-24T19:03:14.820Z
Insert transactions:
==========
25 ops per second (260 total)
16900 records per second (169000 total)
223.238462 ms mean duration
percentiles: [P95: 330]
650.000000 / 650.000000 / 650.000000 Batch size avg / min / max
[util %: 579.840160 -- report computed in 1]
2026-04-24 15:03:24.826 [pool-1-thread-1] INFO  o.s.loadsimrunner.report.Reporter:74 - 2026-04-24T19:03:24.825Z
Insert transactions:
==========
20 ops per second (205 total)
13325 records per second (133250 total)
279.975610 ms mean duration
percentiles: [P95: 518]
650.000000 / 650.000000 / 650.000000 Batch size avg / min / max
[util %: 573.663168 -- report computed in 0]
2026-04-24 15:03:34.831 [pool-1-thread-1] INFO  o.s.loadsimrunner.report.Reporter:74 - 2026-04-24T19:03:34.830Z
Insert transactions:
==========
26 ops per second (270 total)
17550 records per second (175500 total)
221.285185 ms mean duration
percentiles: [P95: 510]
650.000000 / 650.000000 / 650.000000 Batch size avg / min / max
[util %: 597.171414 -- report computed in 0]
2026-04-24 15:03:44.841 [pool-1-thread-1] INFO  o.s.loadsimrunner.report.Reporter:74 - 2026-04-24T19:03:44.840Z
Insert transactions:
==========
26 ops per second (263 total)
17095 records per second (170950 total)
222.433460 ms mean duration
percentiles: [P95: 331]
650.000000 / 650.000000 / 650.000000 Batch size avg / min / max
[util %: 584.415584 -- report computed in 1]
2026-04-24 15:03:54.847 [pool-1-thread-1] INFO  o.s.loadsimrunner.report.Reporter:74 - 2026-04-24T19:03:54.846Z
Insert transactions:
==========
26 ops per second (266 total)
17290 records per second (172900 total)
218.255639 ms mean duration
percentiles: [P95: 324]
650.000000 / 650.000000 / 650.000000 Batch size avg / min / max
[util %: 580.211873 -- report computed in 0]
2026-04-24 15:04:04.857 [pool-1-thread-1] INFO  o.s.loadsimrunner.report.Reporter:74 - 2026-04-24T19:04:04.856Z
Insert transactions:
==========
25 ops per second (258 total)
16770 records per second (167700 total)
226.813953 ms mean duration
percentiles: [P95: 356]
650.000000 / 650.000000 / 650.000000 Batch size avg / min / max
[util %: 584.595405 -- report computed in 0]
2026-04-24 15:04:14.866 [pool-1-thread-1] INFO  o.s.loadsimrunner.report.Reporter:74 - 2026-04-24T19:04:14.865Z
Insert transactions:
==========
26 ops per second (266 total)
17290 records per second (172900 total)
221.890977 ms mean duration
percentiles: [P95: 386]
650.000000 / 650.000000 / 650.000000 Batch size avg / min / max
[util %: 589.699271 -- report computed in 0]
2026-04-24 15:04:24.873 [pool-1-thread-1] INFO  o.s.loadsimrunner.report.Reporter:74 - 2026-04-24T19:04:24.872Z
Insert transactions:
==========
26 ops per second (268 total)
17420 records per second (174200 total)
217.869403 ms mean duration
percentiles: [P95: 370]
650.000000 / 650.000000 / 650.000000 Batch size avg / min / max
[util %: 583.481563 -- report computed in 0]
2026-04-24 15:04:34.880 [pool-1-thread-1] INFO  o.s.loadsimrunner.report.Reporter:74 - 2026-04-24T19:04:34.879Z
Insert transactions:
==========
25 ops per second (252 total)
16380 records per second (163800 total)
232.500000 ms mean duration
percentiles: [P95: 392]
650.000000 / 650.000000 / 650.000000 Batch size avg / min / max
[util %: 585.490157 -- report computed in 0]
2026-04-24 15:04:44.889 [pool-1-thread-1] INFO  o.s.loadsimrunner.report.Reporter:74 - 2026-04-24T19:04:44.889Z
Insert transactions:
==========
21 ops per second (219 total)
14235 records per second (142350 total)
269.780822 ms mean duration
percentiles: [P95: 406]
650.000000 / 650.000000 / 650.000000 Batch size avg / min / max
[util %: 590.229770 -- report computed in 0]
2026-04-24 15:04:54.897 [pool-1-thread-1] INFO  o.s.loadsimrunner.report.Reporter:74 - 2026-04-24T19:04:54.896Z
Insert transactions:
==========
25 ops per second (257 total)
16705 records per second (167050 total)
227.315175 ms mean duration
percentiles: [P95: 360]
650.000000 / 650.000000 / 650.000000 Batch size avg / min / max
[util %: 583.791346 -- report computed in 0]
2026-04-24 15:05:04.904 [pool-1-thread-1] INFO  o.s.loadsimrunner.report.Reporter:74 - 2026-04-24T19:05:04.904Z
Insert transactions:
==========
24 ops per second (249 total)
16185 records per second (161850 total)
236.618474 ms mean duration
percentiles: [P95: 427]
650.000000 / 650.000000 / 650.000000 Batch size avg / min / max
[util %: 588.709033 -- report computed in 0]
2026-04-24 15:05:14.914 [pool-1-thread-1] INFO  o.s.loadsimrunner.report.Reporter:74 - 2026-04-24T19:05:14.913Z
Insert transactions:
==========
24 ops per second (246 total)
15990 records per second (159900 total)
236.739837 ms mean duration
percentiles: [P95: 516]
650.000000 / 650.000000 / 650.000000 Batch size avg / min / max
[util %: 581.856329 -- report computed in 0]
2026-04-24 15:05:24.918 [pool-1-thread-1] INFO  o.s.loadsimrunner.report.Reporter:74 - 2026-04-24T19:05:24.917Z
Insert transactions:
==========
22 ops per second (229 total)
14885 records per second (148850 total)
258.510917 ms mean duration
percentiles: [P95: 432]
650.000000 / 650.000000 / 650.000000 Batch size avg / min / max
[util %: 591.753299 -- report computed in 0]
2026-04-24 15:05:34.927 [pool-1-thread-1] INFO  o.s.loadsimrunner.report.Reporter:74 - 2026-04-24T19:05:34.926Z
Insert transactions:
==========
21 ops per second (218 total)
14170 records per second (141700 total)
269.426606 ms mean duration
percentiles: [P95: 453]
650.000000 / 650.000000 / 650.000000 Batch size avg / min / max
[util %: 586.821860 -- report computed in 0]
2026-04-24 15:05:44.935 [pool-1-thread-1] INFO  o.s.loadsimrunner.report.Reporter:74 - 2026-04-24T19:05:44.935Z
Insert transactions:
==========
34 ops per second (349 total)
22685 records per second (226850 total)
168.785100 ms mean duration
percentiles: [P95: 277]
650.000000 / 650.000000 / 650.000000 Batch size avg / min / max
[util %: 588.530323 -- report computed in 0]
2026-04-24 15:05:54.945 [pool-1-thread-1] INFO  o.s.loadsimrunner.report.Reporter:74 - 2026-04-24T19:05:54.945Z
Insert transactions:
==========
39 ops per second (400 total)
26000 records per second (260000 total)
146.597500 ms mean duration
percentiles: [P95: 180]
650.000000 / 650.000000 / 650.000000 Batch size avg / min / max
[util %: 585.804196 -- report computed in 0]
2026-04-24 15:06:04.955 [pool-1-thread-1] INFO  o.s.loadsimrunner.report.Reporter:74 - 2026-04-24T19:06:04.955Z
Insert transactions:
==========
40 ops per second (404 total)
26260 records per second (262600 total)
145.056931 ms mean duration
percentiles: [P95: 175]
650.000000 / 650.000000 / 650.000000 Batch size avg / min / max
[util %: 585.444555 -- report computed in 0]
2026-04-24 15:06:14.965 [pool-1-thread-1] INFO  o.s.loadsimrunner.report.Reporter:74 - 2026-04-24T19:06:14.964Z
Insert transactions:
==========
40 ops per second (407 total)
26455 records per second (264550 total)
144.213759 ms mean duration
percentiles: [P95: 182]
650.000000 / 650.000000 / 650.000000 Batch size avg / min / max
[util %: 586.422220 -- report computed in 0]
2026-04-24 15:06:24.972 [pool-1-thread-1] INFO  o.s.loadsimrunner.report.Reporter:74 - 2026-04-24T19:06:24.972Z
Insert transactions:
==========
38 ops per second (384 total)
24960 records per second (249600 total)
152.744792 ms mean duration
percentiles: [P95: 189]
650.000000 / 650.000000 / 650.000000 Batch size avg / min / max
[util %: 586.071143 -- report computed in 0]
2026-04-24 15:06:34.974 [pool-1-thread-1] INFO  o.s.loadsimrunner.report.Reporter:74 - 2026-04-24T19:06:34.974Z
Insert transactions:
==========
34 ops per second (346 total)
22490 records per second (224900 total)
170.895954 ms mean duration
percentiles: [P95: 288]
650.000000 / 650.000000 / 650.000000 Batch size avg / min / max
[util %: 591.181764 -- report computed in 0]
2026-04-24 15:06:44.979 [pool-1-thread-1] INFO  o.s.loadsimrunner.report.Reporter:74 - 2026-04-24T19:06:44.979Z
Insert transactions:
==========
34 ops per second (345 total)
22425 records per second (224250 total)
171.089855 ms mean duration
percentiles: [P95: 321]
650.000000 / 650.000000 / 650.000000 Batch size avg / min / max
[util %: 589.965017 -- report computed in 0]
2026-04-24 15:06:54.989 [pool-1-thread-1] INFO  o.s.loadsimrunner.report.Reporter:74 - 2026-04-24T19:06:54.989Z
Insert transactions:
==========
36 ops per second (364 total)
23660 records per second (236600 total)
161.607143 ms mean duration
percentiles: [P95: 347]
650.000000 / 650.000000 / 650.000000 Batch size avg / min / max
[util %: 587.662338 -- report computed in 0]
2026-04-24 15:07:04.999 [pool-1-thread-1] INFO  o.s.loadsimrunner.report.Reporter:74 - 2026-04-24T19:07:04.999Z
Insert transactions:
==========
37 ops per second (371 total)
24115 records per second (241150 total)
158.447439 ms mean duration
percentiles: [P95: 230]
650.000000 / 650.000000 / 650.000000 Batch size avg / min / max
[util %: 587.252747 -- report computed in 0]
2026-04-24 15:07:15.010 [pool-1-thread-1] INFO  o.s.loadsimrunner.report.Reporter:74 - 2026-04-24T19:07:15.010Z
Insert transactions:
==========
36 ops per second (368 total)
23920 records per second (239200 total)
160.519022 ms mean duration
percentiles: [P95: 230]
650.000000 / 650.000000 / 650.000000 Batch size avg / min / max
[util %: 590.060933 -- report computed in 0]
2026-04-24 15:07:25.020 [pool-1-thread-1] INFO  o.s.loadsimrunner.report.Reporter:74 - 2026-04-24T19:07:25.020Z
Insert transactions:
==========
35 ops per second (358 total)
23270 records per second (232700 total)
163.960894 ms mean duration
percentiles: [P95: 377]
650.000000 / 650.000000 / 650.000000 Batch size avg / min / max
[util %: 586.393606 -- report computed in 0]
2026-04-24 15:07:35.026 [pool-1-thread-1] INFO  o.s.loadsimrunner.report.Reporter:74 - 2026-04-24T19:07:35.026Z
Insert transactions:
==========
34 ops per second (342 total)
22230 records per second (222300 total)
173.198830 ms mean duration
percentiles: [P95: 354]
650.000000 / 650.000000 / 650.000000 Batch size avg / min / max
[util %: 591.984809 -- report computed in 0]
2026-04-24 15:07:45.029 [pool-1-thread-1] INFO  o.s.loadsimrunner.report.Reporter:74 - 2026-04-24T19:07:45.029Z
Insert transactions:
==========
29 ops per second (299 total)
19435 records per second (194350 total)
196.936455 ms mean duration
percentiles: [P95: 435]
650.000000 / 650.000000 / 650.000000 Batch size avg / min / max
[util %: 588.663401 -- report computed in 0]
2026-04-24 15:07:55.040 [pool-1-thread-1] INFO  o.s.loadsimrunner.report.Reporter:74 - 2026-04-24T19:07:55.040Z
Insert transactions:
==========
25 ops per second (253 total)
16445 records per second (164450 total)
230.256917 ms mean duration
percentiles: [P95: 450]
650.000000 / 650.000000 / 650.000000 Batch size avg / min / max
[util %: 581.909899 -- report computed in 0]
2026-04-24 15:08:05.041 [pool-1-thread-1] INFO  o.s.loadsimrunner.report.Reporter:74 - 2026-04-24T19:08:05.041Z
Insert transactions:
==========
25 ops per second (251 total)
16315 records per second (163150 total)
239.482072 ms mean duration
percentiles: [P95: 471]
650.000000 / 650.000000 / 650.000000 Batch size avg / min / max
[util %: 601.039896 -- report computed in 0]
2026-04-24 15:08:15.051 [pool-1-thread-1] INFO  o.s.loadsimrunner.report.Reporter:74 - 2026-04-24T19:08:15.051Z
Insert transactions:
==========
24 ops per second (246 total)
15990 records per second (159900 total)
239.256098 ms mean duration
percentiles: [P95: 458]
650.000000 / 650.000000 / 650.000000 Batch size avg / min / max
[util %: 587.982018 -- report computed in 0]
2026-04-24 15:08:25.053 [pool-1-thread-1] INFO  o.s.loadsimrunner.report.Reporter:74 - 2026-04-24T19:08:25.052Z
Insert transactions:
==========
33 ops per second (332 total)
21580 records per second (215800 total)
178.936747 ms mean duration
percentiles: [P95: 311]
650.000000 / 650.000000 / 650.000000 Batch size avg / min / max
[util %: 594.010599 -- report computed in 0]
2026-04-24 15:08:35.063 [pool-1-thread-1] INFO  o.s.loadsimrunner.report.Reporter:74 - 2026-04-24T19:08:35.063Z
Insert transactions:
==========
33 ops per second (335 total)
21775 records per second (217750 total)
175.020896 ms mean duration
percentiles: [P95: 305]
650.000000 / 650.000000 / 650.000000 Batch size avg / min / max
[util %: 585.675757 -- report computed in 0]
2026-04-24 15:08:45.069 [pool-1-thread-1] INFO  o.s.loadsimrunner.report.Reporter:74 - 2026-04-24T19:08:45.069Z
Insert transactions:
==========
34 ops per second (349 total)
22685 records per second (226850 total)
169.507163 ms mean duration
percentiles: [P95: 325]
650.000000 / 650.000000 / 650.000000 Batch size avg / min / max
[util %: 591.225265 -- report computed in 0]
2026-04-24 15:08:55.079 [pool-1-thread-1] INFO  o.s.loadsimrunner.report.Reporter:74 - 2026-04-24T19:08:55.079Z
Insert transactions:
==========
33 ops per second (335 total)
21775 records per second (217750 total)
174.746269 ms mean duration
percentiles: [P95: 260]
650.000000 / 650.000000 / 650.000000 Batch size avg / min / max
[util %: 584.815185 -- report computed in 0]
2026-04-24 15:09:05.086 [pool-1-thread-1] INFO  o.s.loadsimrunner.report.Reporter:74 - 2026-04-24T19:09:05.086Z
Insert transactions:
==========
34 ops per second (343 total)
22295 records per second (222950 total)
172.813411 ms mean duration
percentiles: [P95: 347]
650.000000 / 650.000000 / 650.000000 Batch size avg / min / max
[util %: 592.335365 -- report computed in 0]
2026-04-24 15:09:15.089 [pool-1-thread-1] INFO  o.s.loadsimrunner.report.Reporter:74 - 2026-04-24T19:09:15.089Z
Insert transactions:
==========
32 ops per second (322 total)
20930 records per second (209300 total)
184.059006 ms mean duration
percentiles: [P95: 274]
650.000000 / 650.000000 / 650.000000 Batch size avg / min / max
[util %: 592.492252 -- report computed in 0]
2026-04-24 15:09:25.095 [pool-1-thread-1] INFO  o.s.loadsimrunner.report.Reporter:74 - 2026-04-24T19:09:25.095Z
Insert transactions:
==========
32 ops per second (330 total)
21450 records per second (214500 total)
177.318182 ms mean duration
percentiles: [P95: 250]
650.000000 / 650.000000 / 650.000000 Batch size avg / min / max
[util %: 584.799121 -- report computed in 0]
2026-04-24 15:09:35.100 [pool-1-thread-1] INFO  o.s.loadsimrunner.report.Reporter:74 - 2026-04-24T19:09:35.100Z
Insert transactions:
==========
31 ops per second (320 total)
20800 records per second (208000 total)
185.009375 ms mean duration
percentiles: [P95: 263]
650.000000 / 650.000000 / 650.000000 Batch size avg / min / max
[util %: 591.734133 -- report computed in 0]
2026-04-24 15:09:45.107 [pool-1-thread-1] INFO  o.s.loadsimrunner.report.Reporter:74 - 2026-04-24T19:09:45.107Z
Insert transactions:
==========
20 ops per second (210 total)
13650 records per second (136500 total)
282.271429 ms mean duration
percentiles: [P95: 520]
650.000000 / 650.000000 / 650.000000 Batch size avg / min / max
[util %: 592.355351 -- report computed in 0]
2026-04-24 15:09:55.116 [pool-1-thread-1] INFO  o.s.loadsimrunner.report.Reporter:74 - 2026-04-24T19:09:55.115Z
Insert transactions:
==========
30 ops per second (302 total)
19630 records per second (196300 total)
194.274834 ms mean duration
percentiles: [P95: 294]
650.000000 / 650.000000 / 650.000000 Batch size avg / min / max
[util %: 586.241007 -- report computed in 1]
2026-04-24 15:10:05.126 [pool-1-thread-1] INFO  o.s.loadsimrunner.report.Reporter:74 - 2026-04-24T19:10:05.126Z
Insert transactions:
==========
30 ops per second (305 total)
19825 records per second (198250 total)
193.442623 ms mean duration
percentiles: [P95: 306]
650.000000 / 650.000000 / 650.000000 Batch size avg / min / max
[util %: 589.351713 -- report computed in 0]
2026-04-24 15:10:15.135 [pool-1-thread-1] INFO  o.s.loadsimrunner.report.Reporter:74 - 2026-04-24T19:10:15.135Z
Insert transactions:
==========
25 ops per second (251 total)
16315 records per second (163150 total)
232.892430 ms mean duration
percentiles: [P95: 322]
650.000000 / 650.000000 / 650.000000 Batch size avg / min / max
[util %: 584.034369 -- report computed in 0]
2026-04-24 15:10:25.140 [pool-1-thread-1] INFO  o.s.loadsimrunner.report.Reporter:74 - 2026-04-24T19:10:25.139Z
Insert transactions:
==========
24 ops per second (246 total)
15990 records per second (159900 total)
239.321138 ms mean duration
percentiles: [P95: 326]
650.000000 / 650.000000 / 650.000000 Batch size avg / min / max
[util %: 588.494602 -- report computed in 1]
2026-04-24 15:10:35.147 [pool-1-thread-1] INFO  o.s.loadsimrunner.report.Reporter:74 - 2026-04-24T19:10:35.146Z
Insert transactions:
==========
23 ops per second (239 total)
15535 records per second (155350 total)
244.004184 ms mean duration
percentiles: [P95: 348]
650.000000 / 650.000000 / 650.000000 Batch size avg / min / max
[util %: 582.762067 -- report computed in 1]
2026-04-24 15:10:45.153 [pool-1-thread-1] INFO  o.s.loadsimrunner.report.Reporter:74 - 2026-04-24T19:10:45.153Z
Insert transactions:
==========
23 ops per second (237 total)
15405 records per second (154050 total)
251.911392 ms mean duration
percentiles: [P95: 513]
650.000000 / 650.000000 / 650.000000 Batch size avg / min / max
[util %: 596.612371 -- report computed in 0]
2026-04-24 15:10:55.164 [pool-1-thread-1] INFO  o.s.loadsimrunner.report.Reporter:74 - 2026-04-24T19:10:55.163Z
Insert transactions:
==========
24 ops per second (241 total)
15665 records per second (156650 total)
242.182573 ms mean duration
percentiles: [P95: 380]
650.000000 / 650.000000 / 650.000000 Batch size avg / min / max
[util %: 583.076923 -- report computed in 1]
2026-04-24 15:11:05.175 [pool-1-thread-1] INFO  o.s.loadsimrunner.report.Reporter:74 - 2026-04-24T19:11:05.174Z
Insert transactions:
==========
24 ops per second (241 total)
15665 records per second (156650 total)
242.838174 ms mean duration
percentiles: [P95: 338]
650.000000 / 650.000000 / 650.000000 Batch size avg / min / max
[util %: 584.596943 -- report computed in 0]
2026-04-24 15:11:15.178 [pool-1-thread-1] INFO  o.s.loadsimrunner.report.Reporter:74 - 2026-04-24T19:11:15.178Z
Insert transactions:
==========
23 ops per second (239 total)
15535 records per second (155350 total)
241.623431 ms mean duration
percentiles: [P95: 439]
650.000000 / 650.000000 / 650.000000 Batch size avg / min / max
[util %: 577.249100 -- report computed in 0]
2026-04-24 15:11:25.186 [pool-1-thread-1] INFO  o.s.loadsimrunner.report.Reporter:74 - 2026-04-24T19:11:25.186Z
Insert transactions:
==========
23 ops per second (233 total)
15145 records per second (151450 total)
254.776824 ms mean duration
percentiles: [P95: 441]
650.000000 / 650.000000 / 650.000000 Batch size avg / min / max
[util %: 593.155476 -- report computed in 0]
2026-04-24 15:11:35.196 [pool-1-thread-1] INFO  o.s.loadsimrunner.report.Reporter:74 - 2026-04-24T19:11:35.195Z
Insert transactions:
==========
23 ops per second (237 total)
15405 records per second (154050 total)
250.502110 ms mean duration
percentiles: [P95: 346]
650.000000 / 650.000000 / 650.000000 Batch size avg / min / max
[util %: 593.156159 -- report computed in 0]
2026-04-24 15:11:45.204 [pool-1-thread-1] INFO  o.s.loadsimrunner.report.Reporter:74 - 2026-04-24T19:11:45.204Z
Insert transactions:
==========
24 ops per second (246 total)
15990 records per second (159900 total)
237.455285 ms mean duration
percentiles: [P95: 324]
650.000000 / 650.000000 / 650.000000 Batch size avg / min / max
[util %: 583.614747 -- report computed in 0]
2026-04-24 15:11:55.206 [pool-1-thread-1] INFO  o.s.loadsimrunner.report.Reporter:74 - 2026-04-24T19:11:55.206Z
Insert transactions:
==========
24 ops per second (247 total)
16055 records per second (160550 total)
236.834008 ms mean duration
percentiles: [P95: 321]
650.000000 / 650.000000 / 650.000000 Batch size avg / min / max
[util %: 584.863027 -- report computed in 0]
2026-04-24 15:12:05.212 [pool-1-thread-1] INFO  o.s.loadsimrunner.report.Reporter:74 - 2026-04-24T19:12:05.212Z
Insert transactions:
==========
24 ops per second (241 total)
15665 records per second (156650 total)
240.190871 ms mean duration
percentiles: [P95: 323]
650.000000 / 650.000000 / 650.000000 Batch size avg / min / max
[util %: 578.512892 -- report computed in 0]
2026-04-24 15:12:15.217 [pool-1-thread-1] INFO  o.s.loadsimrunner.report.Reporter:74 - 2026-04-24T19:12:15.216Z
Insert transactions:
==========
22 ops per second (228 total)
14820 records per second (148200 total)
260.030702 ms mean duration
percentiles: [P95: 400]
650.000000 / 650.000000 / 650.000000 Batch size avg / min / max
[util %: 592.632947 -- report computed in 0]
2026-04-24 15:12:25.219 [pool-1-thread-1] INFO  o.s.loadsimrunner.report.Reporter:74 - 2026-04-24T19:12:25.218Z
Insert transactions:
==========
24 ops per second (242 total)
15730 records per second (157300 total)
240.367769 ms mean duration
percentiles: [P95: 330]
650.000000 / 650.000000 / 650.000000 Batch size avg / min / max
[util %: 581.573685 -- report computed in 1]
2026-04-24 15:12:35.228 [pool-1-thread-1] INFO  o.s.loadsimrunner.report.Reporter:74 - 2026-04-24T19:12:35.228Z
Insert transactions:
==========
24 ops per second (242 total)
15730 records per second (157300 total)
245.942149 ms mean duration
percentiles: [P95: 337]
650.000000 / 650.000000 / 650.000000 Batch size avg / min / max
[util %: 594.585415 -- report computed in 0]
2026-04-24 15:12:45.230 [pool-1-thread-1] INFO  o.s.loadsimrunner.report.Reporter:74 - 2026-04-24T19:12:45.230Z
Insert transactions:
==========
24 ops per second (241 total)
15665 records per second (156650 total)
243.037344 ms mean duration
percentiles: [P95: 354]
650.000000 / 650.000000 / 650.000000 Batch size avg / min / max
[util %: 585.602879 -- report computed in 0]
2026-04-24 15:12:55.234 [pool-1-thread-1] INFO  o.s.loadsimrunner.report.Reporter:74 - 2026-04-24T19:12:55.233Z
Insert transactions:
==========
24 ops per second (243 total)
15795 records per second (157950 total)
240.452675 ms mean duration
percentiles: [P95: 325]
650.000000 / 650.000000 / 650.000000 Batch size avg / min / max
[util %: 584.124763 -- report computed in 0]
2026-04-24 15:13:05.244 [pool-1-thread-1] INFO  o.s.loadsimrunner.report.Reporter:74 - 2026-04-24T19:13:05.244Z
Insert transactions:
==========
22 ops per second (228 total)
14820 records per second (148200 total)
256.342105 ms mean duration
percentiles: [P95: 421]
650.000000 / 650.000000 / 650.000000 Batch size avg / min / max
[util %: 583.817800 -- report computed in 0]
2026-04-24 15:13:15.245 [pool-1-thread-1] INFO  o.s.loadsimrunner.report.Reporter:74 - 2026-04-24T19:13:15.244Z
Insert transactions:
==========
23 ops per second (233 total)
15145 records per second (151450 total)
250.875536 ms mean duration
percentiles: [P95: 434]
650.000000 / 650.000000 / 650.000000 Batch size avg / min / max
[util %: 584.540000 -- report computed in 1]
2026-04-24 15:13:25.253 [pool-1-thread-1] INFO  o.s.loadsimrunner.report.Reporter:74 - 2026-04-24T19:13:25.252Z
Insert transactions:
==========
24 ops per second (243 total)
15795 records per second (157950 total)
243.411523 ms mean duration
percentiles: [P95: 313]
650.000000 / 650.000000 / 650.000000 Batch size avg / min / max
[util %: 591.017186 -- report computed in 0]
2026-04-24 15:13:35.263 [pool-1-thread-1] INFO  o.s.loadsimrunner.report.Reporter:74 - 2026-04-24T19:13:35.262Z
Insert transactions:
==========
24 ops per second (247 total)
16055 records per second (160550 total)
238.453441 ms mean duration
percentiles: [P95: 319]
650.000000 / 650.000000 / 650.000000 Batch size avg / min / max
[util %: 588.391608 -- report computed in 0]
2026-04-24 15:13:45.264 [pool-1-thread-1] INFO  o.s.loadsimrunner.report.Reporter:74 - 2026-04-24T19:13:45.264Z
Insert transactions:
==========
25 ops per second (254 total)
16510 records per second (165100 total)
229.377953 ms mean duration
percentiles: [P95: 323]
650.000000 / 650.000000 / 650.000000 Batch size avg / min / max
[util %: 582.503499 -- report computed in 0]
2026-04-24 15:13:55.272 [pool-1-thread-1] INFO  o.s.loadsimrunner.report.Reporter:74 - 2026-04-24T19:13:55.272Z
Insert transactions:
==========
25 ops per second (255 total)
16575 records per second (165750 total)
230.200000 ms mean duration
percentiles: [P95: 331]
650.000000 / 650.000000 / 650.000000 Batch size avg / min / max
[util %: 586.540767 -- report computed in 0]
2026-04-24 15:14:05.279 [pool-1-thread-1] INFO  o.s.loadsimrunner.report.Reporter:74 - 2026-04-24T19:14:05.278Z
Insert transactions:
==========
24 ops per second (246 total)
15990 records per second (159900 total)
239.032520 ms mean duration
percentiles: [P95: 345]
650.000000 / 650.000000 / 650.000000 Batch size avg / min / max
[util %: 587.667400 -- report computed in 0]
2026-04-24 15:14:15.279 [pool-1-thread-1] INFO  o.s.loadsimrunner.report.Reporter:74 - 2026-04-24T19:14:15.279Z
Insert transactions:
==========
23 ops per second (238 total)
15470 records per second (154700 total)
245.310924 ms mean duration
percentiles: [P95: 370]
650.000000 / 650.000000 / 650.000000 Batch size avg / min / max
[util %: 583.781622 -- report computed in 0]
2026-04-24 15:14:25.290 [pool-1-thread-1] INFO  o.s.loadsimrunner.report.Reporter:74 - 2026-04-24T19:14:25.289Z
Insert transactions:
==========
23 ops per second (234 total)
15210 records per second (152100 total)
250.974359 ms mean duration
percentiles: [P95: 326]
650.000000 / 650.000000 / 650.000000 Batch size avg / min / max
[util %: 586.693307 -- report computed in 1]
2026-04-24 15:14:35.296 [pool-1-thread-1] INFO  o.s.loadsimrunner.report.Reporter:74 - 2026-04-24T19:14:35.295Z
Insert transactions:
==========
24 ops per second (249 total)
16185 records per second (161850 total)
233.602410 ms mean duration
percentiles: [P95: 329]
650.000000 / 650.000000 / 650.000000 Batch size avg / min / max
[util %: 581.321207 -- report computed in 1]
2026-04-24 15:14:45.306 [pool-1-thread-1] INFO  o.s.loadsimrunner.report.Reporter:74 - 2026-04-24T19:14:45.306Z
Insert transactions:
==========
24 ops per second (248 total)
16120 records per second (161200 total)
239.375000 ms mean duration
percentiles: [P95: 333]
650.000000 / 650.000000 / 650.000000 Batch size avg / min / max
[util %: 592.997703 -- report computed in 0]
2026-04-24 15:14:55.307 [pool-1-thread-1] INFO  o.s.loadsimrunner.report.Reporter:74 - 2026-04-24T19:14:55.307Z
Insert transactions:
==========
23 ops per second (235 total)
15275 records per second (152750 total)
250.285106 ms mean duration
percentiles: [P95: 390]
650.000000 / 650.000000 / 650.000000 Batch size avg / min / max
[util %: 588.111189 -- report computed in 0]
2026-04-24 15:15:05.320 [pool-1-thread-1] INFO  o.s.loadsimrunner.report.Reporter:74 - 2026-04-24T19:15:05.318Z
Insert transactions:
==========
24 ops per second (241 total)
15665 records per second (156650 total)
241.518672 ms mean duration
percentiles: [P95: 333]
650.000000 / 650.000000 / 650.000000 Batch size avg / min / max
[util %: 581.420438 -- report computed in 0]
2026-04-24 15:15:15.329 [pool-1-thread-1] INFO  o.s.loadsimrunner.report.Reporter:74 - 2026-04-24T19:15:15.328Z
Insert transactions:
==========
24 ops per second (244 total)
15860 records per second (158600 total)
237.590164 ms mean duration
percentiles: [P95: 324]
650.000000 / 650.000000 / 650.000000 Batch size avg / min / max
[util %: 579.140859 -- report computed in 0]
2026-04-24 15:15:25.336 [pool-1-thread-1] INFO  o.s.loadsimrunner.report.Reporter:74 - 2026-04-24T19:15:25.335Z
Insert transactions:
==========
25 ops per second (255 total)
16575 records per second (165750 total)
233.631373 ms mean duration
percentiles: [P95: 328]
650.000000 / 650.000000 / 650.000000 Batch size avg / min / max
[util %: 595.343260 -- report computed in 1]
2026-04-24 15:15:35.346 [pool-1-thread-1] INFO  o.s.loadsimrunner.report.Reporter:74 - 2026-04-24T19:15:35.346Z
Insert transactions:
==========
24 ops per second (249 total)
16185 records per second (161850 total)
237.008032 ms mean duration
percentiles: [P95: 326]
650.000000 / 650.000000 / 650.000000 Batch size avg / min / max
[util %: 589.501548 -- report computed in 0]
2026-04-24 15:15:45.353 [pool-1-thread-1] INFO  o.s.loadsimrunner.report.Reporter:74 - 2026-04-24T19:15:45.353Z
Insert transactions:
==========
22 ops per second (230 total)
14950 records per second (149500 total)
254.065217 ms mean duration
percentiles: [P95: 361]
650.000000 / 650.000000 / 650.000000 Batch size avg / min / max
[util %: 583.941241 -- report computed in 0]
2026-04-24 15:15:55.356 [pool-1-thread-1] INFO  o.s.loadsimrunner.report.Reporter:74 - 2026-04-24T19:15:55.356Z
Insert transactions:
==========
24 ops per second (244 total)
15860 records per second (158600 total)
238.602459 ms mean duration
percentiles: [P95: 329]
650.000000 / 650.000000 / 650.000000 Batch size avg / min / max
[util %: 582.015395 -- report computed in 0]
2026-04-24 15:16:05.357 [pool-1-thread-1] INFO  o.s.loadsimrunner.report.Reporter:74 - 2026-04-24T19:16:05.356Z
Insert transactions:
==========
25 ops per second (257 total)
16705 records per second (167050 total)
229.101167 ms mean duration
percentiles: [P95: 326]
650.000000 / 650.000000 / 650.000000 Batch size avg / min / max
[util %: 588.790000 -- report computed in 0]
2026-04-24 15:16:15.367 [pool-1-thread-1] INFO  o.s.loadsimrunner.report.Reporter:74 - 2026-04-24T19:16:15.367Z
Insert transactions:
==========
22 ops per second (221 total)
14365 records per second (143650 total)
262.321267 ms mean duration
percentiles: [P95: 454]
650.000000 / 650.000000 / 650.000000 Batch size avg / min / max
[util %: 579.092998 -- report computed in 0]
2026-04-24 15:16:25.369 [pool-1-thread-1] INFO  o.s.loadsimrunner.report.Reporter:74 - 2026-04-24T19:16:25.368Z
Insert transactions:
==========
21 ops per second (220 total)
14300 records per second (143000 total)
269.681818 ms mean duration
percentiles: [P95: 408]
650.000000 / 650.000000 / 650.000000 Batch size avg / min / max
[util %: 593.240676 -- report computed in 0]
2026-04-24 15:16:35.376 [pool-1-thread-1] INFO  o.s.loadsimrunner.report.Reporter:74 - 2026-04-24T19:16:35.376Z
Insert transactions:
==========
21 ops per second (220 total)
14300 records per second (143000 total)
269.736364 ms mean duration
percentiles: [P95: 437]
650.000000 / 650.000000 / 650.000000 Batch size avg / min / max
[util %: 592.945643 -- report computed in 0]
2026-04-24 15:16:45.380 [pool-1-thread-1] INFO  o.s.loadsimrunner.report.Reporter:74 - 2026-04-24T19:16:45.380Z
Insert transactions:
==========
26 ops per second (261 total)
16965 records per second (169650 total)
225.134100 ms mean duration
percentiles: [P95: 389]
650.000000 / 650.000000 / 650.000000 Batch size avg / min / max
[util %: 587.365054 -- report computed in 0]
2026-04-24 15:16:55.391 [pool-1-thread-1] INFO  o.s.loadsimrunner.report.Reporter:74 - 2026-04-24T19:16:55.391Z
Insert transactions:
==========
26 ops per second (265 total)
17225 records per second (172250 total)
220.830189 ms mean duration
percentiles: [P95: 400]
650.000000 / 650.000000 / 650.000000 Batch size avg / min / max
[util %: 584.556987 -- report computed in 0]
2026-04-24 15:17:05.392 [pool-1-thread-1] INFO  o.s.loadsimrunner.report.Reporter:74 - 2026-04-24T19:17:05.392Z
Insert transactions:
==========
26 ops per second (268 total)
17420 records per second (174200 total)
220.768657 ms mean duration
percentiles: [P95: 410]
650.000000 / 650.000000 / 650.000000 Batch size avg / min / max
[util %: 591.600840 -- report computed in 0]
2026-04-24 15:17:15.401 [pool-1-thread-1] INFO  o.s.loadsimrunner.report.Reporter:74 - 2026-04-24T19:17:15.401Z
Insert transactions:
==========
25 ops per second (257 total)
16705 records per second (167050 total)
228.046693 ms mean duration
percentiles: [P95: 322]
650.000000 / 650.000000 / 650.000000 Batch size avg / min / max
[util %: 585.553002 -- report computed in 0]
2026-04-24 15:17:25.403 [pool-1-thread-1] INFO  o.s.loadsimrunner.report.Reporter:74 - 2026-04-24T19:17:25.403Z
Insert transactions:
==========
25 ops per second (256 total)
16640 records per second (166400 total)
229.082031 ms mean duration
percentiles: [P95: 301]
650.000000 / 650.000000 / 650.000000 Batch size avg / min / max
[util %: 586.332733 -- report computed in 0]
2026-04-24 15:17:35.413 [pool-1-thread-1] INFO  o.s.loadsimrunner.report.Reporter:74 - 2026-04-24T19:17:35.413Z
Insert transactions:
==========
25 ops per second (252 total)
16380 records per second (163800 total)
233.857143 ms mean duration
percentiles: [P95: 329]
650.000000 / 650.000000 / 650.000000 Batch size avg / min / max
[util %: 588.731269 -- report computed in 0]
2026-04-24 15:17:45.420 [pool-1-thread-1] INFO  o.s.loadsimrunner.report.Reporter:74 - 2026-04-24T19:17:45.420Z
Insert transactions:
==========
25 ops per second (254 total)
16510 records per second (165100 total)
231.704724 ms mean duration
percentiles: [P95: 327]
650.000000 / 650.000000 / 650.000000 Batch size avg / min / max
[util %: 588.118317 -- report computed in 0]
2026-04-24 15:17:55.423 [pool-1-thread-1] INFO  o.s.loadsimrunner.report.Reporter:74 - 2026-04-24T19:17:55.423Z
Insert transactions:
==========
25 ops per second (257 total)
16705 records per second (167050 total)
229.750973 ms mean duration
percentiles: [P95: 303]
650.000000 / 650.000000 / 650.000000 Batch size avg / min / max
[util %: 590.282915 -- report computed in 0]
2026-04-24 15:18:05.434 [pool-1-thread-1] INFO  o.s.loadsimrunner.report.Reporter:74 - 2026-04-24T19:18:05.433Z
Insert transactions:
==========
25 ops per second (253 total)
16445 records per second (164450 total)
231.470356 ms mean duration
percentiles: [P95: 351]
650.000000 / 650.000000 / 650.000000 Batch size avg / min / max
[util %: 585.034965 -- report computed in 0]
2026-04-24 15:18:15.440 [pool-1-thread-1] INFO  o.s.loadsimrunner.report.Reporter:74 - 2026-04-24T19:18:15.439Z
Insert transactions:
==========
25 ops per second (255 total)
16575 records per second (165750 total)
231.133333 ms mean duration
percentiles: [P95: 309]
650.000000 / 650.000000 / 650.000000 Batch size avg / min / max
[util %: 589.036578 -- report computed in 0]
2026-04-24 15:18:25.450 [pool-1-thread-1] INFO  o.s.loadsimrunner.report.Reporter:74 - 2026-04-24T19:18:25.450Z
Insert transactions:
==========
24 ops per second (250 total)
16250 records per second (162500 total)
234.620000 ms mean duration
percentiles: [P95: 317]
650.000000 / 650.000000 / 650.000000 Batch size avg / min / max
[util %: 585.905504 -- report computed in 0]
2026-04-24 15:18:35.452 [pool-1-thread-1] INFO  o.s.loadsimrunner.report.Reporter:74 - 2026-04-24T19:18:35.450Z
Insert transactions:
==========
24 ops per second (249 total)
16185 records per second (161850 total)
235.895582 ms mean duration
percentiles: [P95: 314]
650.000000 / 650.000000 / 650.000000 Batch size avg / min / max
[util %: 587.380000 -- report computed in 1]
2026-04-24 15:18:45.461 [pool-1-thread-1] INFO  o.s.loadsimrunner.report.Reporter:74 - 2026-04-24T19:18:45.461Z
Insert transactions:
==========
24 ops per second (247 total)
16055 records per second (160550 total)
237.757085 ms mean duration
percentiles: [P95: 314]
650.000000 / 650.000000 / 650.000000 Batch size avg / min / max
[util %: 586.614724 -- report computed in 0]
2026-04-24 15:18:55.468 [pool-1-thread-1] INFO  o.s.loadsimrunner.report.Reporter:74 - 2026-04-24T19:18:55.468Z
Insert transactions:
==========
24 ops per second (246 total)
15990 records per second (159900 total)
238.459350 ms mean duration
percentiles: [P95: 293]
650.000000 / 650.000000 / 650.000000 Batch size avg / min / max
[util %: 586.199660 -- report computed in 0]
2026-04-24 15:19:05.479 [pool-1-thread-1] INFO  o.s.loadsimrunner.report.Reporter:74 - 2026-04-24T19:19:05.478Z
Insert transactions:
==========
24 ops per second (246 total)
15990 records per second (159900 total)
238.971545 ms mean duration
percentiles: [P95: 301]
650.000000 / 650.000000 / 650.000000 Batch size avg / min / max
[util %: 587.282717 -- report computed in 0]
2026-04-24 15:19:15.481 [pool-1-thread-1] INFO  o.s.loadsimrunner.report.Reporter:74 - 2026-04-24T19:19:15.481Z
Insert transactions:
==========
21 ops per second (215 total)
13975 records per second (139750 total)
276.595349 ms mean duration
percentiles: [P95: 479]
650.000000 / 650.000000 / 650.000000 Batch size avg / min / max
[util %: 594.501650 -- report computed in 0]
2026-04-24 15:19:25.488 [pool-1-thread-1] INFO  o.s.loadsimrunner.report.Reporter:74 - 2026-04-24T19:19:25.487Z
Insert transactions:
==========
19 ops per second (195 total)
12675 records per second (126750 total)
296.010256 ms mean duration
percentiles: [P95: 431]
650.000000 / 650.000000 / 650.000000 Batch size avg / min / max
[util %: 576.873876 -- report computed in 0]
2026-04-24 15:19:35.498 [pool-1-thread-1] INFO  o.s.loadsimrunner.report.Reporter:74 - 2026-04-24T19:19:35.498Z
Insert transactions:
==========
23 ops per second (232 total)
15080 records per second (150800 total)
256.831897 ms mean duration
percentiles: [P95: 370]
650.000000 / 650.000000 / 650.000000 Batch size avg / min / max
[util %: 595.195285 -- report computed in 0]
2026-04-24 15:19:45.500 [pool-1-thread-1] INFO  o.s.loadsimrunner.report.Reporter:74 - 2026-04-24T19:19:45.499Z
Insert transactions:
==========
24 ops per second (242 total)
15730 records per second (157300 total)
240.876033 ms mean duration
percentiles: [P95: 317]
650.000000 / 650.000000 / 650.000000 Batch size avg / min / max
[util %: 582.861714 -- report computed in 0]
2026-04-24 15:19:55.506 [pool-1-thread-1] INFO  o.s.loadsimrunner.report.Reporter:74 - 2026-04-24T19:19:55.505Z
Insert transactions:
==========
24 ops per second (241 total)
15665 records per second (156650 total)
247.925311 ms mean duration
percentiles: [P95: 335]
650.000000 / 650.000000 / 650.000000 Batch size avg / min / max
[util %: 597.141715 -- report computed in 0]
2026-04-24 15:20:05.514 [pool-1-thread-1] INFO  o.s.loadsimrunner.report.Reporter:74 - 2026-04-24T19:20:05.514Z
Insert transactions:
==========
23 ops per second (239 total)
15535 records per second (155350 total)
242.330544 ms mean duration
percentiles: [P95: 334]
650.000000 / 650.000000 / 650.000000 Batch size avg / min / max
[util %: 578.649216 -- report computed in 0]
2026-04-24 15:20:15.514 [pool-1-thread-1] INFO  o.s.loadsimrunner.report.Reporter:74 - 2026-04-24T19:20:15.514Z
Insert transactions:
==========
24 ops per second (248 total)
16120 records per second (161200 total)
241.217742 ms mean duration
percentiles: [P95: 329]
650.000000 / 650.000000 / 650.000000 Batch size avg / min / max
[util %: 598.220000 -- report computed in 0]
2026-04-24 15:20:25.525 [pool-1-thread-1] INFO  o.s.loadsimrunner.report.Reporter:74 - 2026-04-24T19:20:25.524Z
Insert transactions:
==========
24 ops per second (243 total)
15795 records per second (157950 total)
240.283951 ms mean duration
percentiles: [P95: 310]
650.000000 / 650.000000 / 650.000000 Batch size avg / min / max
[util %: 583.306693 -- report computed in 1]
2026-04-24 15:20:35.529 [pool-1-thread-1] INFO  o.s.loadsimrunner.report.Reporter:74 - 2026-04-24T19:20:35.529Z
Insert transactions:
==========
23 ops per second (237 total)
15405 records per second (154050 total)
247.476793 ms mean duration
percentiles: [P95: 347]
650.000000 / 650.000000 / 650.000000 Batch size avg / min / max
[util %: 586.226887 -- report computed in 0]
2026-04-24 15:20:45.539 [pool-1-thread-1] INFO  o.s.loadsimrunner.report.Reporter:74 - 2026-04-24T19:20:45.539Z
Insert transactions:
==========
23 ops per second (237 total)
15405 records per second (154050 total)
246.396624 ms mean duration
percentiles: [P95: 297]
650.000000 / 650.000000 / 650.000000 Batch size avg / min / max
[util %: 583.376623 -- report computed in 0]
2026-04-24 15:20:55.550 [pool-1-thread-1] INFO  o.s.loadsimrunner.report.Reporter:74 - 2026-04-24T19:20:55.547Z
Insert transactions:
==========
23 ops per second (236 total)
15340 records per second (153400 total)
249.953390 ms mean duration
percentiles: [P95: 344]
650.000000 / 650.000000 / 650.000000 Batch size avg / min / max
[util %: 589.418465 -- report computed in 1]
2026-04-24 15:21:05.551 [pool-1-thread-1] INFO  o.s.loadsimrunner.report.Reporter:74 - 2026-04-24T19:21:05.551Z
Insert transactions:
==========
24 ops per second (241 total)
15665 records per second (156650 total)
244.307054 ms mean duration
percentiles: [P95: 314]
650.000000 / 650.000000 / 650.000000 Batch size avg / min / max
[util %: 588.544582 -- report computed in 0]
2026-04-24 15:21:15.562 [pool-1-thread-1] INFO  o.s.loadsimrunner.report.Reporter:74 - 2026-04-24T19:21:15.561Z
Insert transactions:
==========
23 ops per second (233 total)
15145 records per second (151450 total)
248.699571 ms mean duration
percentiles: [P95: 389]
650.000000 / 650.000000 / 650.000000 Batch size avg / min / max
[util %: 578.891109 -- report computed in 1]
2026-04-24 15:21:25.572 [pool-1-thread-1] INFO  o.s.loadsimrunner.report.Reporter:74 - 2026-04-24T19:21:25.572Z
Insert transactions:
==========
23 ops per second (235 total)
15275 records per second (152750 total)
252.140426 ms mean duration
percentiles: [P95: 337]
650.000000 / 650.000000 / 650.000000 Batch size avg / min / max
[util %: 591.878933 -- report computed in 0]
2026-04-24 15:21:35.582 [pool-1-thread-1] INFO  o.s.loadsimrunner.report.Reporter:74 - 2026-04-24T19:21:35.581Z
Insert transactions:
==========
24 ops per second (242 total)
15730 records per second (157300 total)
245.090909 ms mean duration
percentiles: [P95: 376]
650.000000 / 650.000000 / 650.000000 Batch size avg / min / max
[util %: 592.586672 -- report computed in 0]
2026-04-24 15:21:45.591 [pool-1-thread-1] INFO  o.s.loadsimrunner.report.Reporter:74 - 2026-04-24T19:21:45.590Z
Insert transactions:
==========
23 ops per second (235 total)
15275 records per second (152750 total)
250.991489 ms mean duration
percentiles: [P95: 326]
650.000000 / 650.000000 / 650.000000 Batch size avg / min / max
[util %: 589.299630 -- report computed in 0]
2026-04-24 15:21:55.601 [pool-1-thread-1] INFO  o.s.loadsimrunner.report.Reporter:74 - 2026-04-24T19:21:55.600Z
Insert transactions:
==========
23 ops per second (235 total)
15275 records per second (152750 total)
248.753191 ms mean duration
percentiles: [P95: 336]
650.000000 / 650.000000 / 650.000000 Batch size avg / min / max
[util %: 583.986014 -- report computed in 0]
2026-04-24 15:22:05.611 [pool-1-thread-1] INFO  o.s.loadsimrunner.report.Reporter:74 - 2026-04-24T19:22:05.610Z
Insert transactions:
==========
22 ops per second (229 total)
14885 records per second (148850 total)
257.371179 ms mean duration
percentiles: [P95: 326]
650.000000 / 650.000000 / 650.000000 Batch size avg / min / max
[util %: 588.791209 -- report computed in 1]
2026-04-24 15:22:15.612 [pool-1-thread-1] INFO  o.s.loadsimrunner.report.Reporter:74 - 2026-04-24T19:22:15.611Z
Insert transactions:
==========
18 ops per second (186 total)
12090 records per second (120900 total)
319.543011 ms mean duration
percentiles: [P95: 425]
650.000000 / 650.000000 / 650.000000 Batch size avg / min / max
[util %: 594.290571 -- report computed in 0]
2026-04-24 15:22:25.617 [pool-1-thread-1] INFO  o.s.loadsimrunner.report.Reporter:74 - 2026-04-24T19:22:25.617Z
Insert transactions:
==========
22 ops per second (224 total)
14560 records per second (145600 total)
263.441964 ms mean duration
percentiles: [P95: 326]
650.000000 / 650.000000 / 650.000000 Batch size avg / min / max
[util %: 589.756146 -- report computed in 0]
2026-04-24 15:22:35.628 [pool-1-thread-1] INFO  o.s.loadsimrunner.report.Reporter:74 - 2026-04-24T19:22:35.627Z
Insert transactions:
==========
21 ops per second (219 total)
14235 records per second (142350 total)
265.493151 ms mean duration
percentiles: [P95: 443]
650.000000 / 650.000000 / 650.000000 Batch size avg / min / max
[util %: 580.849151 -- report computed in 0]
2026-04-24 15:22:45.637 [pool-1-thread-1] INFO  o.s.loadsimrunner.report.Reporter:74 - 2026-04-24T19:22:45.637Z
Insert transactions:
==========
23 ops per second (235 total)
15275 records per second (152750 total)
253.748936 ms mean duration
percentiles: [P95: 323]
650.000000 / 650.000000 / 650.000000 Batch size avg / min / max
[util %: 595.714286 -- report computed in 0]
2026-04-24 15:22:55.645 [pool-1-thread-1] INFO  o.s.loadsimrunner.report.Reporter:74 - 2026-04-24T19:22:55.644Z
Insert transactions:
==========
22 ops per second (228 total)
14820 records per second (148200 total)
255.995614 ms mean duration
percentiles: [P95: 340]
650.000000 / 650.000000 / 650.000000 Batch size avg / min / max
[util %: 583.261717 -- report computed in 0]
2026-04-24 15:23:05.655 [pool-1-thread-1] INFO  o.s.loadsimrunner.report.Reporter:74 - 2026-04-24T19:23:05.654Z
Insert transactions:
==========
23 ops per second (232 total)
15080 records per second (150800 total)
252.862069 ms mean duration
percentiles: [P95: 302]
650.000000 / 650.000000 / 650.000000 Batch size avg / min / max
[util %: 586.053946 -- report computed in 0]
2026-04-24 15:23:15.656 [pool-1-thread-1] INFO  o.s.loadsimrunner.report.Reporter:74 - 2026-04-24T19:23:15.656Z
Insert transactions:
==========
23 ops per second (232 total)
15080 records per second (150800 total)
255.655172 ms mean duration
percentiles: [P95: 336]
650.000000 / 650.000000 / 650.000000 Batch size avg / min / max
[util %: 593.001400 -- report computed in 0]
2026-04-24 15:23:25.667 [pool-1-thread-1] INFO  o.s.loadsimrunner.report.Reporter:74 - 2026-04-24T19:23:25.666Z
Insert transactions:
==========
21 ops per second (217 total)
14105 records per second (141050 total)
269.410138 ms mean duration
percentiles: [P95: 367]
650.000000 / 650.000000 / 650.000000 Batch size avg / min / max
[util %: 584.035964 -- report computed in 0]
2026-04-24 15:23:35.669 [pool-1-thread-1] INFO  o.s.loadsimrunner.report.Reporter:74 - 2026-04-24T19:23:35.669Z
Insert transactions:
==========
22 ops per second (222 total)
14430 records per second (144300 total)
267.585586 ms mean duration
percentiles: [P95: 368]
650.000000 / 650.000000 / 650.000000 Batch size avg / min / max
[util %: 593.861841 -- report computed in 0]
2026-04-24 15:23:45.675 [pool-1-thread-1] INFO  o.s.loadsimrunner.report.Reporter:74 - 2026-04-24T19:23:45.674Z
Insert transactions:
==========
22 ops per second (226 total)
14690 records per second (146900 total)
256.588496 ms mean duration
percentiles: [P95: 325]
650.000000 / 650.000000 / 650.000000 Batch size avg / min / max
[util %: 579.600200 -- report computed in 0]
2026-04-24 15:23:55.684 [pool-1-thread-1] INFO  o.s.loadsimrunner.report.Reporter:74 - 2026-04-24T19:23:55.684Z
Insert transactions:
==========
22 ops per second (226 total)
14690 records per second (146900 total)
263.181416 ms mean duration
percentiles: [P95: 340]
650.000000 / 650.000000 / 650.000000 Batch size avg / min / max
[util %: 594.195804 -- report computed in 0]
2026-04-24 15:24:05.694 [pool-1-thread-1] INFO  o.s.loadsimrunner.report.Reporter:74 - 2026-04-24T19:24:05.694Z
Insert transactions:
==========
22 ops per second (223 total)
14495 records per second (144950 total)
260.421525 ms mean duration
percentiles: [P95: 348]
650.000000 / 650.000000 / 650.000000 Batch size avg / min / max
[util %: 580.159840 -- report computed in 0]
2026-04-24 15:24:15.705 [pool-1-thread-1] INFO  o.s.loadsimrunner.report.Reporter:74 - 2026-04-24T19:24:15.704Z
Insert transactions:
==========
23 ops per second (231 total)
15015 records per second (150150 total)
254.857143 ms mean duration
percentiles: [P95: 335]
650.000000 / 650.000000 / 650.000000 Batch size avg / min / max
[util %: 588.131868 -- report computed in 1]
2026-04-24 15:24:25.713 [pool-1-thread-1] INFO  o.s.loadsimrunner.report.Reporter:74 - 2026-04-24T19:24:25.712Z
Insert transactions:
==========
22 ops per second (224 total)
14560 records per second (145600 total)
264.647321 ms mean duration
percentiles: [P95: 374]
650.000000 / 650.000000 / 650.000000 Batch size avg / min / max
[util %: 592.336131 -- report computed in 0]
2026-04-24 15:24:35.720 [pool-1-thread-1] INFO  o.s.loadsimrunner.report.Reporter:74 - 2026-04-24T19:24:35.720Z
Insert transactions:
==========
22 ops per second (224 total)
14560 records per second (145600 total)
263.352679 ms mean duration
percentiles: [P95: 354]
650.000000 / 650.000000 / 650.000000 Batch size avg / min / max
[util %: 589.438449 -- report computed in 0]
2026-04-24 15:24:45.726 [pool-1-thread-1] INFO  o.s.loadsimrunner.report.Reporter:74 - 2026-04-24T19:24:45.725Z
Insert transactions:
==========
21 ops per second (220 total)
14300 records per second (143000 total)
264.659091 ms mean duration
percentiles: [P95: 365]
650.000000 / 650.000000 / 650.000000 Batch size avg / min / max
[util %: 581.959020 -- report computed in 0]
2026-04-24 15:24:55.732 [pool-1-thread-1] INFO  o.s.loadsimrunner.report.Reporter:74 - 2026-04-24T19:24:55.732Z
Insert transactions:
==========
22 ops per second (224 total)
14560 records per second (145600 total)
266.973214 ms mean duration
percentiles: [P95: 388]
650.000000 / 650.000000 / 650.000000 Batch size avg / min / max
[util %: 597.601679 -- report computed in 0]
2026-04-24 15:25:05.742 [pool-1-thread-1] INFO  o.s.loadsimrunner.report.Reporter:74 - 2026-04-24T19:25:05.742Z
Insert transactions:
==========
21 ops per second (220 total)
14300 records per second (143000 total)
264.131818 ms mean duration
percentiles: [P95: 338]
650.000000 / 650.000000 / 650.000000 Batch size avg / min / max
[util %: 580.509491 -- report computed in 0]
2026-04-24 15:25:15.752 [pool-1-thread-1] INFO  o.s.loadsimrunner.report.Reporter:74 - 2026-04-24T19:25:15.752Z
Insert transactions:
==========
21 ops per second (218 total)
14170 records per second (141700 total)
272.761468 ms mean duration
percentiles: [P95: 347]
650.000000 / 650.000000 / 650.000000 Batch size avg / min / max
[util %: 594.025974 -- report computed in 0]
2026-04-24 15:25:25.763 [pool-1-thread-1] INFO  o.s.loadsimrunner.report.Reporter:74 - 2026-04-24T19:25:25.762Z
Insert transactions:
==========
20 ops per second (208 total)
13520 records per second (135200 total)
278.504808 ms mean duration
percentiles: [P95: 347]
650.000000 / 650.000000 / 650.000000 Batch size avg / min / max
[util %: 578.711289 -- report computed in 0]
2026-04-24 15:25:35.766 [pool-1-thread-1] INFO  o.s.loadsimrunner.report.Reporter:74 - 2026-04-24T19:25:35.766Z
Insert transactions:
==========
21 ops per second (220 total)
14300 records per second (143000 total)
271.618182 ms mean duration
percentiles: [P95: 335]
650.000000 / 650.000000 / 650.000000 Batch size avg / min / max
[util %: 597.321072 -- report computed in 0]
2026-04-24 15:25:45.775 [pool-1-thread-1] INFO  o.s.loadsimrunner.report.Reporter:74 - 2026-04-24T19:25:45.775Z
Insert transactions:
==========
21 ops per second (219 total)
14235 records per second (142350 total)
267.799087 ms mean duration
percentiles: [P95: 387]
650.000000 / 650.000000 / 650.000000 Batch size avg / min / max
[util %: 585.952643 -- report computed in 0]
2026-04-24 15:25:55.778 [pool-1-thread-1] INFO  o.s.loadsimrunner.report.Reporter:74 - 2026-04-24T19:25:55.777Z
Insert transactions:
==========
22 ops per second (222 total)
14430 records per second (144300 total)
265.459459 ms mean duration
percentiles: [P95: 376]
650.000000 / 650.000000 / 650.000000 Batch size avg / min / max
[util %: 589.202160 -- report computed in 1]
2026-04-24 15:26:05.784 [pool-1-thread-1] INFO  o.s.loadsimrunner.report.Reporter:74 - 2026-04-24T19:26:05.784Z
Insert transactions:
==========
22 ops per second (221 total)
14365 records per second (143650 total)
268.271493 ms mean duration
percentiles: [P95: 335]
650.000000 / 650.000000 / 650.000000 Batch size avg / min / max
[util %: 592.465274 -- report computed in 0]
2026-04-24 15:26:15.794 [pool-1-thread-1] INFO  o.s.loadsimrunner.report.Reporter:74 - 2026-04-24T19:26:15.794Z
Insert transactions:
==========
21 ops per second (215 total)
13975 records per second (139750 total)
267.274419 ms mean duration
percentiles: [P95: 360]
650.000000 / 650.000000 / 650.000000 Batch size avg / min / max
[util %: 574.065934 -- report computed in 0]
2026-04-24 15:26:25.797 [pool-1-thread-1] INFO  o.s.loadsimrunner.report.Reporter:74 - 2026-04-24T19:26:25.797Z
Insert transactions:
==========
22 ops per second (223 total)
14495 records per second (144950 total)
265.013453 ms mean duration
percentiles: [P95: 336]
650.000000 / 650.000000 / 650.000000 Batch size avg / min / max
[util %: 590.802759 -- report computed in 0]
2026-04-24 15:26:35.798 [pool-1-thread-1] INFO  o.s.loadsimrunner.report.Reporter:74 - 2026-04-24T19:26:35.798Z
Insert transactions:
==========
21 ops per second (219 total)
14235 records per second (142350 total)
273.305936 ms mean duration
percentiles: [P95: 357]
650.000000 / 650.000000 / 650.000000 Batch size avg / min / max
[util %: 598.480152 -- report computed in 0]
2026-04-24 15:26:45.809 [pool-1-thread-1] INFO  o.s.loadsimrunner.report.Reporter:74 - 2026-04-24T19:26:45.808Z
Insert transactions:
==========
20 ops per second (207 total)
13455 records per second (134550 total)
279.487923 ms mean duration
percentiles: [P95: 380]
650.000000 / 650.000000 / 650.000000 Batch size avg / min / max
[util %: 577.962038 -- report computed in 0]
2026-04-24 15:26:55.816 [pool-1-thread-1] INFO  o.s.loadsimrunner.report.Reporter:74 - 2026-04-24T19:26:55.815Z
Insert transactions:
==========
21 ops per second (213 total)
13845 records per second (138450 total)
280.422535 ms mean duration
percentiles: [P95: 343]
650.000000 / 650.000000 / 650.000000 Batch size avg / min / max
[util %: 596.882182 -- report computed in 0]
2026-04-24 15:27:05.826 [pool-1-thread-1] INFO  o.s.loadsimrunner.report.Reporter:74 - 2026-04-24T19:27:05.826Z
Insert transactions:
==========
21 ops per second (215 total)
13975 records per second (139750 total)
269.855814 ms mean duration
percentiles: [P95: 351]
650.000000 / 650.000000 / 650.000000 Batch size avg / min / max
[util %: 579.552492 -- report computed in 0]
2026-04-24 15:27:15.830 [pool-1-thread-1] INFO  o.s.loadsimrunner.report.Reporter:74 - 2026-04-24T19:27:15.829Z
Insert transactions:
==========
22 ops per second (222 total)
14430 records per second (144300 total)
268.009009 ms mean duration
percentiles: [P95: 343]
650.000000 / 650.000000 / 650.000000 Batch size avg / min / max
[util %: 594.801560 -- report computed in 0]
2026-04-24 15:27:25.840 [pool-1-thread-1] INFO  o.s.loadsimrunner.report.Reporter:74 - 2026-04-24T19:27:25.839Z
Insert transactions:
==========
21 ops per second (212 total)
13780 records per second (137800 total)
274.905660 ms mean duration
percentiles: [P95: 381]
650.000000 / 650.000000 / 650.000000 Batch size avg / min / max
[util %: 582.217782 -- report computed in 1]
2026-04-24 15:27:35.848 [pool-1-thread-1] INFO  o.s.loadsimrunner.report.Reporter:74 - 2026-04-24T19:27:35.847Z
Insert transactions:
==========
21 ops per second (213 total)
13845 records per second (138450 total)
277.615023 ms mean duration
percentiles: [P95: 407]
650.000000 / 650.000000 / 650.000000 Batch size avg / min / max
[util %: 590.847322 -- report computed in 0]
2026-04-24 15:27:45.857 [pool-1-thread-1] INFO  o.s.loadsimrunner.report.Reporter:74 - 2026-04-24T19:27:45.857Z
Insert transactions:
==========
21 ops per second (218 total)
14170 records per second (141700 total)
274.119266 ms mean duration
percentiles: [P95: 371]
650.000000 / 650.000000 / 650.000000 Batch size avg / min / max
[util %: 596.983017 -- report computed in 0]
2026-04-24 15:27:55.867 [pool-1-thread-1] INFO  o.s.loadsimrunner.report.Reporter:74 - 2026-04-24T19:27:55.867Z
Insert transactions:
==========
21 ops per second (211 total)
13715 records per second (137150 total)
274.526066 ms mean duration
percentiles: [P95: 377]
650.000000 / 650.000000 / 650.000000 Batch size avg / min / max
[util %: 578.671329 -- report computed in 0]
2026-04-24 15:28:05.876 [pool-1-thread-1] INFO  o.s.loadsimrunner.report.Reporter:74 - 2026-04-24T19:28:05.876Z
Insert transactions:
==========
20 ops per second (208 total)
13520 records per second (135200 total)
283.677885 ms mean duration
percentiles: [P95: 430]
650.000000 / 650.000000 / 650.000000 Batch size avg / min / max
[util %: 589.519433 -- report computed in 0]
2026-04-24 15:28:15.887 [pool-1-thread-1] INFO  o.s.loadsimrunner.report.Reporter:74 - 2026-04-24T19:28:15.887Z
Insert transactions:
==========
17 ops per second (175 total)
11375 records per second (113750 total)
322.068571 ms mean duration
percentiles: [P95: 484]
650.000000 / 650.000000 / 650.000000 Batch size avg / min / max
[util %: 563.000699 -- report computed in 0]
2026-04-24 15:28:25.897 [pool-1-thread-1] INFO  o.s.loadsimrunner.report.Reporter:74 - 2026-04-24T19:28:25.897Z
Insert transactions:
==========
17 ops per second (177 total)
11505 records per second (115050 total)
347.344633 ms mean duration
percentiles: [P95: 521]
650.000000 / 650.000000 / 650.000000 Batch size avg / min / max
[util %: 614.185814 -- report computed in 0]
2026-04-24 15:28:35.904 [pool-1-thread-1] INFO  o.s.loadsimrunner.report.Reporter:74 - 2026-04-24T19:28:35.903Z
Insert transactions:
==========
21 ops per second (214 total)
13910 records per second (139100 total)
276.196262 ms mean duration
percentiles: [P95: 423]
650.000000 / 650.000000 / 650.000000 Batch size avg / min / max
[util %: 590.705577 -- report computed in 0]
2026-04-24 15:28:45.914 [pool-1-thread-1] INFO  o.s.loadsimrunner.report.Reporter:74 - 2026-04-24T19:28:45.914Z
Insert transactions:
==========
20 ops per second (206 total)
13390 records per second (133900 total)
281.247573 ms mean duration
percentiles: [P95: 413]
650.000000 / 650.000000 / 650.000000 Batch size avg / min / max
[util %: 578.733393 -- report computed in 0]
2026-04-24 15:28:55.924 [pool-1-thread-1] INFO  o.s.loadsimrunner.report.Reporter:74 - 2026-04-24T19:28:55.924Z
Insert transactions:
==========
20 ops per second (210 total)
13650 records per second (136500 total)
282.938095 ms mean duration
percentiles: [P95: 436]
650.000000 / 650.000000 / 650.000000 Batch size avg / min / max
[util %: 593.576424 -- report computed in 0]
2026-04-24 15:29:05.935 [pool-1-thread-1] INFO  o.s.loadsimrunner.report.Reporter:74 - 2026-04-24T19:29:05.934Z
Insert transactions:
==========
20 ops per second (205 total)
13325 records per second (133250 total)
283.990244 ms mean duration
percentiles: [P95: 418]
650.000000 / 650.000000 / 650.000000 Batch size avg / min / max
[util %: 581.598402 -- report computed in 0]
2026-04-24 15:29:15.941 [pool-1-thread-1] INFO  o.s.loadsimrunner.report.Reporter:74 - 2026-04-24T19:29:15.941Z
Insert transactions:
==========
20 ops per second (208 total)
13520 records per second (135200 total)
285.548077 ms mean duration
percentiles: [P95: 415]
650.000000 / 650.000000 / 650.000000 Batch size avg / min / max
[util %: 593.524533 -- report computed in 0]
2026-04-24 15:29:25.948 [pool-1-thread-1] INFO  o.s.loadsimrunner.report.Reporter:74 - 2026-04-24T19:29:25.947Z
Insert transactions:
==========
20 ops per second (208 total)
13520 records per second (135200 total)
282.423077 ms mean duration
percentiles: [P95: 428]
650.000000 / 650.000000 / 650.000000 Batch size avg / min / max
[util %: 587.087747 -- report computed in 1]
2026-04-24 15:29:35.955 [pool-1-thread-1] INFO  o.s.loadsimrunner.report.Reporter:74 - 2026-04-24T19:29:35.955Z
Insert transactions:
==========
19 ops per second (197 total)
12805 records per second (128050 total)
298.406091 ms mean duration
percentiles: [P95: 424]
650.000000 / 650.000000 / 650.000000 Batch size avg / min / max
[util %: 587.390088 -- report computed in 0]
2026-04-24 15:29:45.959 [pool-1-thread-1] INFO  o.s.loadsimrunner.report.Reporter:74 - 2026-04-24T19:29:45.959Z
Insert transactions:
==========
19 ops per second (199 total)
12935 records per second (129350 total)
298.185930 ms mean duration
percentiles: [P95: 432]
650.000000 / 650.000000 / 650.000000 Batch size avg / min / max
[util %: 593.152739 -- report computed in 0]
2026-04-24 15:29:55.962 [pool-1-thread-1] INFO  o.s.loadsimrunner.report.Reporter:74 - 2026-04-24T19:29:55.962Z
Insert transactions:
==========
19 ops per second (198 total)
12870 records per second (128700 total)
294.358586 ms mean duration
percentiles: [P95: 514]
650.000000 / 650.000000 / 650.000000 Batch size avg / min / max
[util %: 582.655203 -- report computed in 0]
2026-04-24 15:30:05.973 [pool-1-thread-1] INFO  o.s.loadsimrunner.report.Reporter:74 - 2026-04-24T19:30:05.972Z
Insert transactions:
==========
18 ops per second (186 total)
12090 records per second (120900 total)
313.591398 ms mean duration
percentiles: [P95: 476]
650.000000 / 650.000000 / 650.000000 Batch size avg / min / max
[util %: 582.697303 -- report computed in 1]
2026-04-24 15:30:15.975 [pool-1-thread-1] INFO  o.s.loadsimrunner.report.Reporter:74 - 2026-04-24T19:30:15.975Z
Insert transactions:
==========
15 ops per second (155 total)
10075 records per second (100750 total)
376.058065 ms mean duration
percentiles: [P95: 631]
650.000000 / 650.000000 / 650.000000 Batch size avg / min / max
[util %: 582.715185 -- report computed in 0]
2026-04-24 15:30:25.976 [pool-1-thread-1] INFO  o.s.loadsimrunner.report.Reporter:74 - 2026-04-24T19:30:25.975Z
Insert transactions:
==========
21 ops per second (214 total)
13910 records per second (139100 total)
281.635514 ms mean duration
percentiles: [P95: 433]
650.000000 / 650.000000 / 650.000000 Batch size avg / min / max
[util %: 602.700000 -- report computed in 0]
2026-04-24 15:30:35.986 [pool-1-thread-1] INFO  o.s.loadsimrunner.report.Reporter:74 - 2026-04-24T19:30:35.986Z
Insert transactions:
==========
20 ops per second (201 total)
13065 records per second (130650 total)
287.776119 ms mean duration
percentiles: [P95: 402]
650.000000 / 650.000000 / 650.000000 Batch size avg / min / max
[util %: 577.794426 -- report computed in 0]
2026-04-24 15:30:45.992 [pool-1-thread-1] INFO  o.s.loadsimrunner.report.Reporter:74 - 2026-04-24T19:30:45.992Z
Insert transactions:
==========
21 ops per second (212 total)
13780 records per second (137800 total)
282.504717 ms mean duration
percentiles: [P95: 348]
650.000000 / 650.000000 / 650.000000 Batch size avg / min / max
[util %: 598.550869 -- report computed in 0]
2026-04-24 15:30:55.998 [pool-1-thread-1] INFO  o.s.loadsimrunner.report.Reporter:74 - 2026-04-24T19:30:55.998Z
Insert transactions:
==========
20 ops per second (208 total)
13520 records per second (135200 total)
281.000000 ms mean duration
percentiles: [P95: 379]
650.000000 / 650.000000 / 650.000000 Batch size avg / min / max
[util %: 584.129522 -- report computed in 0]
2026-04-24 15:31:05.999 [pool-1-thread-1] INFO  o.s.loadsimrunner.report.Reporter:74 - 2026-04-24T19:31:05.999Z
Insert transactions:
==========
20 ops per second (201 total)
13065 records per second (130650 total)
289.522388 ms mean duration
percentiles: [P95: 410]
650.000000 / 650.000000 / 650.000000 Batch size avg / min / max
[util %: 581.881812 -- report computed in 0]
2026-04-24 15:31:16.002 [pool-1-thread-1] INFO  o.s.loadsimrunner.report.Reporter:74 - 2026-04-24T19:31:16.002Z
Insert transactions:
==========
20 ops per second (202 total)
13130 records per second (131300 total)
293.683168 ms mean duration
percentiles: [P95: 384]
650.000000 / 650.000000 / 650.000000 Batch size avg / min / max
[util %: 593.062081 -- report computed in 0]
2026-04-24 15:31:26.011 [pool-1-thread-1] INFO  o.s.loadsimrunner.report.Reporter:74 - 2026-04-24T19:31:26.011Z
Insert transactions:
==========
19 ops per second (193 total)
12545 records per second (125450 total)
308.331606 ms mean duration
percentiles: [P95: 418]
650.000000 / 650.000000 / 650.000000 Batch size avg / min / max
[util %: 594.544910 -- report computed in 0]
2026-04-24 15:31:36.017 [pool-1-thread-1] INFO  o.s.loadsimrunner.report.Reporter:74 - 2026-04-24T19:31:36.017Z
Insert transactions:
==========
17 ops per second (171 total)
11115 records per second (111150 total)
346.859649 ms mean duration
percentiles: [P95: 458]
650.000000 / 650.000000 / 650.000000 Batch size avg / min / max
[util %: 592.774335 -- report computed in 0]
2026-04-24 15:31:46.027 [pool-1-thread-1] INFO  o.s.loadsimrunner.report.Reporter:74 - 2026-04-24T19:31:46.027Z
Insert transactions:
==========
16 ops per second (170 total)
11050 records per second (110500 total)
346.270588 ms mean duration
percentiles: [P95: 446]
650.000000 / 650.000000 / 650.000000 Batch size avg / min / max
[util %: 588.071928 -- report computed in 0]
2026-04-24 15:31:56.038 [pool-1-thread-1] INFO  o.s.loadsimrunner.report.Reporter:74 - 2026-04-24T19:31:56.037Z
Insert transactions:
==========
19 ops per second (192 total)
12480 records per second (124800 total)
306.453125 ms mean duration
percentiles: [P95: 409]
650.000000 / 650.000000 / 650.000000 Batch size avg / min / max
[util %: 587.802198 -- report computed in 0]
2026-04-24 15:32:06.044 [pool-1-thread-1] INFO  o.s.loadsimrunner.report.Reporter:74 - 2026-04-24T19:32:06.043Z
Insert transactions:
==========
19 ops per second (198 total)
12870 records per second (128700 total)
294.378788 ms mean duration
percentiles: [P95: 427]
650.000000 / 650.000000 / 650.000000 Batch size avg / min / max
[util %: 582.520488 -- report computed in 1]
2026-04-24 15:32:16.054 [pool-1-thread-1] INFO  o.s.loadsimrunner.report.Reporter:74 - 2026-04-24T19:32:16.054Z
Insert transactions:
==========
20 ops per second (207 total)
13455 records per second (134550 total)
283.285024 ms mean duration
percentiles: [P95: 389]
650.000000 / 650.000000 / 650.000000 Batch size avg / min / max
[util %: 585.755669 -- report computed in 0]
2026-04-24 15:32:26.062 [pool-1-thread-1] INFO  o.s.loadsimrunner.report.Reporter:74 - 2026-04-24T19:32:26.062Z
Insert transactions:
==========
18 ops per second (186 total)
12090 records per second (120900 total)
321.688172 ms mean duration
percentiles: [P95: 592]
650.000000 / 650.000000 / 650.000000 Batch size avg / min / max
[util %: 597.861711 -- report computed in 0]
2026-04-24 15:32:36.072 [pool-1-thread-1] INFO  o.s.loadsimrunner.report.Reporter:74 - 2026-04-24T19:32:36.071Z
Insert transactions:
==========
9 ops per second (99 total)
6435 records per second (64350 total)
563.575758 ms mean duration
percentiles: [P95: 1051]
650.000000 / 650.000000 / 650.000000 Batch size avg / min / max
[util %: 557.438306 -- report computed in 0]
2026-04-24 15:32:46.073 [pool-1-thread-1] INFO  o.s.loadsimrunner.report.Reporter:74 - 2026-04-24T19:32:46.073Z
Insert transactions:
==========
7 ops per second (78 total)
5070 records per second (50700 total)
790.000000 ms mean duration
percentiles: [P95: 1499]
650.000000 / 650.000000 / 650.000000 Batch size avg / min / max
[util %: 616.076785 -- report computed in 0]
2026-04-24 15:32:56.077 [pool-1-thread-1] INFO  o.s.loadsimrunner.report.Reporter:74 - 2026-04-24T19:32:56.076Z
Insert transactions:
==========
15 ops per second (156 total)
10140 records per second (101400 total)
383.756410 ms mean duration
percentiles: [P95: 485]
650.000000 / 650.000000 / 650.000000 Batch size avg / min / max
[util %: 598.480456 -- report computed in 0]
2026-04-24 15:33:06.085 [pool-1-thread-1] INFO  o.s.loadsimrunner.report.Reporter:74 - 2026-04-24T19:33:06.084Z
Insert transactions:
==========
15 ops per second (157 total)
10205 records per second (102050 total)
375.910828 ms mean duration
percentiles: [P95: 620]
650.000000 / 650.000000 / 650.000000 Batch size avg / min / max
[util %: 589.708233 -- report computed in 0]
2026-04-24 15:33:16.085 [pool-1-thread-1] INFO  o.s.loadsimrunner.report.Reporter:74 - 2026-04-24T19:33:16.085Z
Insert transactions:
==========
18 ops per second (183 total)
11895 records per second (118950 total)
325.879781 ms mean duration
percentiles: [P95: 434]
650.000000 / 650.000000 / 650.000000 Batch size avg / min / max
[util %: 596.300370 -- report computed in 0]
2026-04-24 15:33:26.085 [pool-1-thread-1] INFO  o.s.loadsimrunner.report.Reporter:74 - 2026-04-24T19:33:26.085Z
Insert transactions:
==========
19 ops per second (197 total)
12805 records per second (128050 total)
298.076142 ms mean duration
percentiles: [P95: 430]
650.000000 / 650.000000 / 650.000000 Batch size avg / min / max
[util %: 587.210000 -- report computed in 0]
2026-04-24 15:33:36.096 [pool-1-thread-1] INFO  o.s.loadsimrunner.report.Reporter:74 - 2026-04-24T19:33:36.095Z
Insert transactions:
==========
19 ops per second (198 total)
12870 records per second (128700 total)
299.823232 ms mean duration
percentiles: [P95: 404]
650.000000 / 650.000000 / 650.000000 Batch size avg / min / max
[util %: 593.056943 -- report computed in 0]
2026-04-24 15:33:46.105 [pool-1-thread-1] INFO  o.s.loadsimrunner.report.Reporter:74 - 2026-04-24T19:33:46.104Z
Insert transactions:
==========
20 ops per second (201 total)
13065 records per second (130650 total)
290.233831 ms mean duration
percentiles: [P95: 396]
650.000000 / 650.000000 / 650.000000 Batch size avg / min / max
[util %: 582.845439 -- report computed in 0]
2026-04-24 15:33:56.110 [pool-1-thread-1] INFO  o.s.loadsimrunner.report.Reporter:74 - 2026-04-24T19:33:56.109Z
Insert transactions:
==========
10 ops per second (106 total)
6890 records per second (68900 total)
529.575472 ms mean duration
percentiles: [P95: 1103]
650.000000 / 650.000000 / 650.000000 Batch size avg / min / max
[util %: 561.069465 -- report computed in 0]
2026-04-24 15:34:06.112 [pool-1-thread-1] INFO  o.s.loadsimrunner.report.Reporter:74 - 2026-04-24T19:34:06.112Z
Insert transactions:
==========
6 ops per second (68 total)
4420 records per second (44200 total)
920.573529 ms mean duration
percentiles: [P95: 1369]
650.000000 / 650.000000 / 650.000000 Batch size avg / min / max
[util %: 625.802259 -- report computed in 0]
2026-04-24 15:34:16.118 [pool-1-thread-1] INFO  o.s.loadsimrunner.report.Reporter:74 - 2026-04-24T19:34:16.117Z
Insert transactions:
==========
15 ops per second (159 total)
10335 records per second (103350 total)
372.805031 ms mean duration
percentiles: [P95: 473]
650.000000 / 650.000000 / 650.000000 Batch size avg / min / max
[util %: 592.463768 -- report computed in 0]
2026-04-24 15:34:26.123 [pool-1-thread-1] INFO  o.s.loadsimrunner.report.Reporter:74 - 2026-04-24T19:34:26.122Z
Insert transactions:
==========
14 ops per second (144 total)
9360 records per second (93600 total)
404.611111 ms mean duration
percentiles: [P95: 593]
650.000000 / 650.000000 / 650.000000 Batch size avg / min / max
[util %: 582.348826 -- report computed in 1]
2026-04-24 15:34:36.128 [pool-1-thread-1] INFO  o.s.loadsimrunner.report.Reporter:74 - 2026-04-24T19:34:36.128Z
Insert transactions:
==========
16 ops per second (170 total)
11050 records per second (110500 total)
353.388235 ms mean duration
percentiles: [P95: 426]
650.000000 / 650.000000 / 650.000000 Batch size avg / min / max
[util %: 600.399760 -- report computed in 0]
2026-04-24 15:34:46.133 [pool-1-thread-1] INFO  o.s.loadsimrunner.report.Reporter:74 - 2026-04-24T19:34:46.133Z
Insert transactions:
==========
18 ops per second (182 total)
11830 records per second (118300 total)
317.329670 ms mean duration
percentiles: [P95: 392]
650.000000 / 650.000000 / 650.000000 Batch size avg / min / max
[util %: 577.251374 -- report computed in 0]
2026-04-24 15:34:56.135 [pool-1-thread-1] INFO  o.s.loadsimrunner.report.Reporter:74 - 2026-04-24T19:34:56.135Z
Insert transactions:
==========
18 ops per second (188 total)
12220 records per second (122200 total)
311.691489 ms mean duration
percentiles: [P95: 459]
650.000000 / 650.000000 / 650.000000 Batch size avg / min / max
[util %: 585.862827 -- report computed in 0]
2026-04-24 15:35:06.139 [pool-1-thread-1] INFO  o.s.loadsimrunner.report.Reporter:74 - 2026-04-24T19:35:06.138Z
Insert transactions:
==========
19 ops per second (200 total)
13000 records per second (130000 total)
298.355000 ms mean duration
percentiles: [P95: 387]
650.000000 / 650.000000 / 650.000000 Batch size avg / min / max
[util %: 596.531041 -- report computed in 0]
2026-04-24 15:35:16.140 [pool-1-thread-1] INFO  o.s.loadsimrunner.report.Reporter:74 - 2026-04-24T19:35:16.140Z
Insert transactions:
==========
18 ops per second (185 total)
12025 records per second (120250 total)
321.389189 ms mean duration
percentiles: [P95: 512]
650.000000 / 650.000000 / 650.000000 Batch size avg / min / max
[util %: 594.451110 -- report computed in 0]
2026-04-24 15:35:26.146 [pool-1-thread-1] INFO  o.s.loadsimrunner.report.Reporter:74 - 2026-04-24T19:35:26.145Z
Insert transactions:
==========
9 ops per second (91 total)
5915 records per second (59150 total)
598.890110 ms mean duration
percentiles: [P95: 1066]
650.000000 / 650.000000 / 650.000000 Batch size avg / min / max
[util %: 544.717641 -- report computed in 0]
2026-04-24 15:35:36.151 [pool-1-thread-1] INFO  o.s.loadsimrunner.report.Reporter:74 - 2026-04-24T19:35:36.150Z
Insert transactions:
==========
6 ops per second (70 total)
4550 records per second (45500 total)
918.771429 ms mean duration
percentiles: [P95: 1727]
650.000000 / 650.000000 / 650.000000 Batch size avg / min / max
[util %: 642.818591 -- report computed in 0]
2026-04-24 15:35:46.156 [pool-1-thread-1] INFO  o.s.loadsimrunner.report.Reporter:74 - 2026-04-24T19:35:46.156Z
Insert transactions:
==========
14 ops per second (149 total)
9685 records per second (96850 total)
393.785235 ms mean duration
percentiles: [P95: 517]
650.000000 / 650.000000 / 650.000000 Batch size avg / min / max
[util %: 586.388167 -- report computed in 0]
2026-04-24 15:35:56.157 [pool-1-thread-1] INFO  o.s.loadsimrunner.report.Reporter:74 - 2026-04-24T19:35:56.157Z
Insert transactions:
==========
15 ops per second (155 total)
10075 records per second (100750 total)
375.309677 ms mean duration
percentiles: [P95: 499]
650.000000 / 650.000000 / 650.000000 Batch size avg / min / max
[util %: 581.671833 -- report computed in 0]
2026-04-24 15:36:06.159 [pool-1-thread-1] INFO  o.s.loadsimrunner.report.Reporter:74 - 2026-04-24T19:36:06.159Z
Insert transactions:
==========
17 ops per second (174 total)
11310 records per second (113100 total)
343.948276 ms mean duration
percentiles: [P95: 457]
650.000000 / 650.000000 / 650.000000 Batch size avg / min / max
[util %: 598.350330 -- report computed in 0]
2026-04-24 15:36:16.165 [pool-1-thread-1] INFO  o.s.loadsimrunner.report.Reporter:74 - 2026-04-24T19:36:16.164Z
Insert transactions:
==========
18 ops per second (190 total)
12350 records per second (123500 total)
309.515789 ms mean duration
percentiles: [P95: 403]
650.000000 / 650.000000 / 650.000000 Batch size avg / min / max
[util %: 587.786107 -- report computed in 0]
2026-04-24 15:36:26.170 [pool-1-thread-1] INFO  o.s.loadsimrunner.report.Reporter:74 - 2026-04-24T19:36:26.170Z
Insert transactions:
==========
19 ops per second (195 total)
12675 records per second (126750 total)
303.158974 ms mean duration
percentiles: [P95: 412]
650.000000 / 650.000000 / 650.000000 Batch size avg / min / max
[util %: 590.805517 -- report computed in 0]
2026-04-24 15:36:36.175 [pool-1-thread-1] INFO  o.s.loadsimrunner.report.Reporter:74 - 2026-04-24T19:36:36.175Z
Insert transactions:
==========
19 ops per second (193 total)
12545 records per second (125450 total)
304.000000 ms mean duration
percentiles: [P95: 389]
650.000000 / 650.000000 / 650.000000 Batch size avg / min / max
[util %: 586.426787 -- report computed in 0]
2026-04-24 15:36:46.177 [pool-1-thread-1] INFO  o.s.loadsimrunner.report.Reporter:74 - 2026-04-24T19:36:46.177Z
Insert transactions:
==========
17 ops per second (178 total)
11570 records per second (115700 total)
329.230337 ms mean duration
percentiles: [P95: 536]
650.000000 / 650.000000 / 650.000000 Batch size avg / min / max
[util %: 585.912817 -- report computed in 0]
2026-04-24 15:36:56.183 [pool-1-thread-1] INFO  o.s.loadsimrunner.report.Reporter:74 - 2026-04-24T19:36:56.182Z
Insert transactions:
==========
11 ops per second (119 total)
7735 records per second (77350 total)
491.546218 ms mean duration
percentiles: [P95: 858]
650.000000 / 650.000000 / 650.000000 Batch size avg / min / max
[util %: 584.647676 -- report computed in 0]
2026-04-24 15:37:06.188 [pool-1-thread-1] INFO  o.s.loadsimrunner.report.Reporter:74 - 2026-04-24T19:37:06.187Z
Insert transactions:
==========
5 ops per second (52 total)
3380 records per second (33800 total)
1047.884615 ms mean duration
percentiles: [P95: 1744]
650.000000 / 650.000000 / 650.000000 Batch size avg / min / max
[util %: 544.627686 -- report computed in 1]
2026-04-24 15:37:16.193 [pool-1-thread-1] INFO  o.s.loadsimrunner.report.Reporter:74 - 2026-04-24T19:37:16.193Z
Insert transactions:
==========
13 ops per second (140 total)
9100 records per second (91000 total)
467.978571 ms mean duration
percentiles: [P95: 835]
650.000000 / 650.000000 / 650.000000 Batch size avg / min / max
[util %: 654.777134 -- report computed in 0]
2026-04-24 15:37:26.198 [pool-1-thread-1] INFO  o.s.loadsimrunner.report.Reporter:74 - 2026-04-24T19:37:26.198Z
Insert transactions:
==========
15 ops per second (155 total)
10075 records per second (100750 total)
373.767742 ms mean duration
percentiles: [P95: 539]
650.000000 / 650.000000 / 650.000000 Batch size avg / min / max
[util %: 579.050475 -- report computed in 0]
2026-04-24 15:37:36.204 [pool-1-thread-1] INFO  o.s.loadsimrunner.report.Reporter:74 - 2026-04-24T19:37:36.203Z
Insert transactions:
==========
17 ops per second (176 total)
11440 records per second (114400 total)
337.187500 ms mean duration
percentiles: [P95: 461]
650.000000 / 650.000000 / 650.000000 Batch size avg / min / max
[util %: 593.153423 -- report computed in 0]
2026-04-24 15:37:46.209 [pool-1-thread-1] INFO  o.s.loadsimrunner.report.Reporter:74 - 2026-04-24T19:37:46.209Z
Insert transactions:
==========
18 ops per second (189 total)
12285 records per second (122850 total)
310.275132 ms mean duration
percentiles: [P95: 448]
650.000000 / 650.000000 / 650.000000 Batch size avg / min / max
[util %: 586.068359 -- report computed in 0]
2026-04-24 15:37:56.211 [pool-1-thread-1] INFO  o.s.loadsimrunner.report.Reporter:74 - 2026-04-24T19:37:56.211Z
Insert transactions:
==========
19 ops per second (198 total)
12870 records per second (128700 total)
304.015152 ms mean duration
percentiles: [P95: 382]
650.000000 / 650.000000 / 650.000000 Batch size avg / min / max
[util %: 601.829634 -- report computed in 0]
2026-04-24 15:38:06.217 [pool-1-thread-1] INFO  o.s.loadsimrunner.report.Reporter:74 - 2026-04-24T19:38:06.216Z
Insert transactions:
==========
19 ops per second (193 total)
12545 records per second (125450 total)
297.829016 ms mean duration
percentiles: [P95: 368]
650.000000 / 650.000000 / 650.000000 Batch size avg / min / max
[util %: 574.522739 -- report computed in 0]
2026-04-24 15:38:16.222 [pool-1-thread-1] INFO  o.s.loadsimrunner.report.Reporter:74 - 2026-04-24T19:38:16.221Z
Insert transactions:
==========
10 ops per second (107 total)
6955 records per second (69550 total)
514.962617 ms mean duration
percentiles: [P95: 1243]
650.000000 / 650.000000 / 650.000000 Batch size avg / min / max
[util %: 550.734633 -- report computed in 1]
2026-04-24 15:38:26.226 [pool-1-thread-1] INFO  o.s.loadsimrunner.report.Reporter:74 - 2026-04-24T19:38:26.226Z
Insert transactions:
==========
5 ops per second (53 total)
3445 records per second (34450 total)
1220.490566 ms mean duration
percentiles: [P95: 2070]
650.000000 / 650.000000 / 650.000000 Batch size avg / min / max
[util %: 646.536732 -- report computed in 0]
2026-04-24 15:38:36.231 [pool-1-thread-1] INFO  o.s.loadsimrunner.report.Reporter:74 - 2026-04-24T19:38:36.231Z
Insert transactions:
==========
13 ops per second (131 total)
8515 records per second (85150 total)
454.496183 ms mean duration
percentiles: [P95: 692]
650.000000 / 650.000000 / 650.000000 Batch size avg / min / max
[util %: 595.092454 -- report computed in 0]
2026-04-24 15:38:46.236 [pool-1-thread-1] INFO  o.s.loadsimrunner.report.Reporter:74 - 2026-04-24T19:38:46.235Z
Insert transactions:
==========
10 ops per second (110 total)
7150 records per second (71500 total)
525.145455 ms mean duration
percentiles: [P95: 1036]
650.000000 / 650.000000 / 650.000000 Batch size avg / min / max
[util %: 577.429028 -- report computed in 0]
2026-04-24 15:38:56.238 [pool-1-thread-1] INFO  o.s.loadsimrunner.report.Reporter:74 - 2026-04-24T19:38:56.237Z
Insert transactions:
==========
14 ops per second (149 total)
9685 records per second (96850 total)
395.395973 ms mean duration
percentiles: [P95: 556]
650.000000 / 650.000000 / 650.000000 Batch size avg / min / max
[util %: 589.022196 -- report computed in 0]
2026-04-24 15:39:06.242 [pool-1-thread-1] INFO  o.s.loadsimrunner.report.Reporter:74 - 2026-04-24T19:39:06.241Z
Insert transactions:
==========
16 ops per second (168 total)
10920 records per second (109200 total)
361.363095 ms mean duration
percentiles: [P95: 517]
650.000000 / 650.000000 / 650.000000 Batch size avg / min / max
[util %: 606.847261 -- report computed in 0]
2026-04-24 15:39:16.244 [pool-1-thread-1] INFO  o.s.loadsimrunner.report.Reporter:74 - 2026-04-24T19:39:16.244Z
Insert transactions:
==========
17 ops per second (179 total)
11635 records per second (116350 total)
328.586592 ms mean duration
percentiles: [P95: 471]
650.000000 / 650.000000 / 650.000000 Batch size avg / min / max
[util %: 587.993602 -- report computed in 0]
2026-04-24 15:39:26.250 [pool-1-thread-1] INFO  o.s.loadsimrunner.report.Reporter:74 - 2026-04-24T19:39:26.249Z
Insert transactions:
==========
18 ops per second (184 total)
11960 records per second (119600 total)
313.467391 ms mean duration
percentiles: [P95: 518]
650.000000 / 650.000000 / 650.000000 Batch size avg / min / max
[util %: 576.491754 -- report computed in 0]
2026-04-24 15:39:36.255 [pool-1-thread-1] INFO  o.s.loadsimrunner.report.Reporter:74 - 2026-04-24T19:39:36.255Z
Insert transactions:
==========
18 ops per second (188 total)
12220 records per second (122200 total)
316.015957 ms mean duration
percentiles: [P95: 482]
650.000000 / 650.000000 / 650.000000 Batch size avg / min / max
[util %: 593.753748 -- report computed in 0]
2026-04-24 15:39:46.259 [pool-1-thread-1] INFO  o.s.loadsimrunner.report.Reporter:74 - 2026-04-24T19:39:46.259Z
Insert transactions:
==========
11 ops per second (120 total)
7800 records per second (78000 total)
454.191667 ms mean duration
percentiles: [P95: 874]
650.000000 / 650.000000 / 650.000000 Batch size avg / min / max
[util %: 544.812075 -- report computed in 0]
2026-04-24 15:39:56.267 [pool-1-thread-1] INFO  o.s.loadsimrunner.report.Reporter:74 - 2026-04-24T19:39:56.266Z
Insert transactions:
==========
5 ops per second (57 total)
3705 records per second (37050 total)
1001.912281 ms mean duration
percentiles: [P95: 1821]
650.000000 / 650.000000 / 650.000000 Batch size avg / min / max
[util %: 570.690517 -- report computed in 0]
2026-04-24 15:40:06.268 [pool-1-thread-1] INFO  o.s.loadsimrunner.report.Reporter:74 - 2026-04-24T19:40:06.267Z
Insert transactions:
==========
5 ops per second (59 total)
3835 records per second (38350 total)
1134.830508 ms mean duration
percentiles: [P95: 1721]
650.000000 / 650.000000 / 650.000000 Batch size avg / min / max
[util %: 669.483052 -- report computed in 1]
2026-04-24 15:40:16.270 [pool-1-thread-1] INFO  o.s.loadsimrunner.report.Reporter:74 - 2026-04-24T19:40:16.269Z
Insert transactions:
==========
15 ops per second (153 total)
9945 records per second (99450 total)
379.039216 ms mean duration
percentiles: [P95: 731]
650.000000 / 650.000000 / 650.000000 Batch size avg / min / max
[util %: 579.814037 -- report computed in 0]
2026-04-24 15:40:26.275 [pool-1-thread-1] INFO  o.s.loadsimrunner.report.Reporter:74 - 2026-04-24T19:40:26.275Z
Insert transactions:
==========
16 ops per second (165 total)
10725 records per second (107250 total)
369.521212 ms mean duration
percentiles: [P95: 528]
650.000000 / 650.000000 / 650.000000 Batch size avg / min / max
[util %: 609.344393 -- report computed in 0]
2026-04-24 15:40:36.285 [pool-1-thread-1] INFO  o.s.loadsimrunner.report.Reporter:74 - 2026-04-24T19:40:36.285Z
Insert transactions:
==========
17 ops per second (175 total)
11375 records per second (113750 total)
332.068571 ms mean duration
percentiles: [P95: 414]
650.000000 / 650.000000 / 650.000000 Batch size avg / min / max
[util %: 580.539461 -- report computed in 0]
2026-04-24 15:40:46.293 [pool-1-thread-1] INFO  o.s.loadsimrunner.report.Reporter:74 - 2026-04-24T19:40:46.293Z
Insert transactions:
==========
18 ops per second (186 total)
12090 records per second (120900 total)
318.973118 ms mean duration
percentiles: [P95: 443]
650.000000 / 650.000000 / 650.000000 Batch size avg / min / max
[util %: 592.815747 -- report computed in 0]
2026-04-24 15:40:56.303 [pool-1-thread-1] INFO  o.s.loadsimrunner.report.Reporter:74 - 2026-04-24T19:40:56.303Z
Insert transactions:
==========
18 ops per second (188 total)
12220 records per second (122200 total)
308.654255 ms mean duration
percentiles: [P95: 478]
650.000000 / 650.000000 / 650.000000 Batch size avg / min / max
[util %: 579.690310 -- report computed in 0]
2026-04-24 15:41:06.312 [pool-1-thread-1] INFO  o.s.loadsimrunner.report.Reporter:74 - 2026-04-24T19:41:06.312Z
Insert transactions:
==========
19 ops per second (195 total)
12675 records per second (126750 total)
308.394872 ms mean duration
percentiles: [P95: 448]
650.000000 / 650.000000 / 650.000000 Batch size avg / min / max
[util %: 600.829254 -- report computed in 0]
2026-04-24 15:41:16.322 [pool-1-thread-1] INFO  o.s.loadsimrunner.report.Reporter:74 - 2026-04-24T19:41:16.322Z
Insert transactions:
==========
14 ops per second (145 total)
9425 records per second (94250 total)
389.213793 ms mean duration
percentiles: [P95: 757]
650.000000 / 650.000000 / 650.000000 Batch size avg / min / max
[util %: 563.796204 -- report computed in 0]
2026-04-24 15:41:26.326 [pool-1-thread-1] INFO  o.s.loadsimrunner.report.Reporter:74 - 2026-04-24T19:41:26.326Z
Insert transactions:
==========
6 ops per second (67 total)
4355 records per second (43550 total)
841.970149 ms mean duration
percentiles: [P95: 1627]
650.000000 / 650.000000 / 650.000000 Batch size avg / min / max
[util %: 563.894442 -- report computed in 0]
2026-04-24 15:41:36.329 [pool-1-thread-1] INFO  o.s.loadsimrunner.report.Reporter:74 - 2026-04-24T19:41:36.329Z
Insert transactions:
==========
6 ops per second (62 total)
4030 records per second (40300 total)
1025.387097 ms mean duration
percentiles: [P95: 2088]
650.000000 / 650.000000 / 650.000000 Batch size avg / min / max
[util %: 635.549335 -- report computed in 0]
2026-04-24 15:41:46.340 [pool-1-thread-1] INFO  o.s.loadsimrunner.report.Reporter:74 - 2026-04-24T19:41:46.339Z
Insert transactions:
==========
12 ops per second (130 total)
8450 records per second (84500 total)
448.553846 ms mean duration
percentiles: [P95: 599]
650.000000 / 650.000000 / 650.000000 Batch size avg / min / max
[util %: 582.537463 -- report computed in 0]
2026-04-24 15:41:56.350 [pool-1-thread-1] INFO  o.s.loadsimrunner.report.Reporter:74 - 2026-04-24T19:41:56.349Z
Insert transactions:
==========
15 ops per second (155 total)
10075 records per second (100750 total)
389.058065 ms mean duration
percentiles: [P95: 548]
650.000000 / 650.000000 / 650.000000 Batch size avg / min / max
[util %: 602.437562 -- report computed in 1]
2026-04-24 15:42:06.356 [pool-1-thread-1] INFO  o.s.loadsimrunner.report.Reporter:74 - 2026-04-24T19:42:06.356Z
Insert transactions:
==========
17 ops per second (178 total)
11570 records per second (115700 total)
339.112360 ms mean duration
percentiles: [P95: 478]
650.000000 / 650.000000 / 650.000000 Batch size avg / min / max
[util %: 603.197762 -- report computed in 0]
2026-04-24 15:42:16.367 [pool-1-thread-1] INFO  o.s.loadsimrunner.report.Reporter:74 - 2026-04-24T19:42:16.366Z
Insert transactions:
==========
18 ops per second (181 total)
11765 records per second (117650 total)
319.784530 ms mean duration
percentiles: [P95: 442]
650.000000 / 650.000000 / 650.000000 Batch size avg / min / max
[util %: 578.231768 -- report computed in 0]
2026-04-24 15:42:26.371 [pool-1-thread-1] INFO  o.s.loadsimrunner.report.Reporter:74 - 2026-04-24T19:42:26.370Z
Insert transactions:
==========
18 ops per second (190 total)
12350 records per second (123500 total)
314.689474 ms mean duration
percentiles: [P95: 425]
650.000000 / 650.000000 / 650.000000 Batch size avg / min / max
[util %: 597.670932 -- report computed in 0]
2026-04-24 15:42:36.381 [pool-1-thread-1] INFO  o.s.loadsimrunner.report.Reporter:74 - 2026-04-24T19:42:36.381Z
Insert transactions:
==========
18 ops per second (190 total)
12350 records per second (123500 total)
310.552632 ms mean duration
percentiles: [P95: 442]
650.000000 / 650.000000 / 650.000000 Batch size avg / min / max
[util %: 589.401658 -- report computed in 0]
2026-04-24 15:42:46.392 [pool-1-thread-1] INFO  o.s.loadsimrunner.report.Reporter:74 - 2026-04-24T19:42:46.391Z
Insert transactions:
==========
12 ops per second (127 total)
8255 records per second (82550 total)
415.244094 ms mean duration
percentiles: [P95: 1001]
650.000000 / 650.000000 / 650.000000 Batch size avg / min / max
[util %: 526.833167 -- report computed in 0]
2026-04-24 15:42:56.400 [pool-1-thread-1] INFO  o.s.loadsimrunner.report.Reporter:74 - 2026-04-24T19:42:56.400Z
Insert transactions:
==========
6 ops per second (65 total)
4225 records per second (42250 total)
961.907692 ms mean duration
percentiles: [P95: 1791]
650.000000 / 650.000000 / 650.000000 Batch size avg / min / max
[util %: 624.677790 -- report computed in 0]
2026-04-24 15:43:06.405 [pool-1-thread-1] INFO  o.s.loadsimrunner.report.Reporter:74 - 2026-04-24T19:43:06.404Z
Insert transactions:
==========
7 ops per second (74 total)
4810 records per second (48100 total)
845.743243 ms mean duration
percentiles: [P95: 1470]
650.000000 / 650.000000 / 650.000000 Batch size avg / min / max
[util %: 625.599760 -- report computed in 0]
2026-04-24 15:43:16.414 [pool-1-thread-1] INFO  o.s.loadsimrunner.report.Reporter:74 - 2026-04-24T19:43:16.413Z
Insert transactions:
==========
13 ops per second (132 total)
8580 records per second (85800 total)
440.159091 ms mean duration
percentiles: [P95: 661]
650.000000 / 650.000000 / 650.000000 Batch size avg / min / max
[util %: 580.487561 -- report computed in 1]
2026-04-24 15:43:26.422 [pool-1-thread-1] INFO  o.s.loadsimrunner.report.Reporter:74 - 2026-04-24T19:43:26.421Z
Insert transactions:
==========
15 ops per second (151 total)
9815 records per second (98150 total)
402.708609 ms mean duration
percentiles: [P95: 572]
650.000000 / 650.000000 / 650.000000 Batch size avg / min / max
[util %: 607.603917 -- report computed in 0]
2026-04-24 15:43:36.429 [pool-1-thread-1] INFO  o.s.loadsimrunner.report.Reporter:74 - 2026-04-24T19:43:36.428Z
Insert transactions:
==========
16 ops per second (165 total)
10725 records per second (107250 total)
350.139394 ms mean duration
percentiles: [P95: 446]
650.000000 / 650.000000 / 650.000000 Batch size avg / min / max
[util %: 577.325872 -- report computed in 0]
2026-04-24 15:43:46.435 [pool-1-thread-1] INFO  o.s.loadsimrunner.report.Reporter:74 - 2026-04-24T19:43:46.434Z
Insert transactions:
==========
18 ops per second (181 total)
11765 records per second (117650 total)
327.022099 ms mean duration
percentiles: [P95: 470]
650.000000 / 650.000000 / 650.000000 Batch size avg / min / max
[util %: 591.555067 -- report computed in 0]
2026-04-24 15:43:56.439 [pool-1-thread-1] INFO  o.s.loadsimrunner.report.Reporter:74 - 2026-04-24T19:43:56.438Z
Insert transactions:
==========
18 ops per second (189 total)
12285 records per second (122850 total)
316.343915 ms mean duration
percentiles: [P95: 446]
650.000000 / 650.000000 / 650.000000 Batch size avg / min / max
[util %: 597.650940 -- report computed in 1]
2026-04-24 15:44:06.449 [pool-1-thread-1] INFO  o.s.loadsimrunner.report.Reporter:74 - 2026-04-24T19:44:06.449Z
Insert transactions:
==========
18 ops per second (183 total)
11895 records per second (118950 total)
323.213115 ms mean duration
percentiles: [P95: 511]
650.000000 / 650.000000 / 650.000000 Batch size avg / min / max
[util %: 590.830087 -- report computed in 0]
2026-04-24 15:44:16.458 [pool-1-thread-1] INFO  o.s.loadsimrunner.report.Reporter:74 - 2026-04-24T19:44:16.457Z
Insert transactions:
==========
9 ops per second (96 total)
6240 records per second (62400 total)
603.750000 ms mean duration
percentiles: [P95: 1137]
650.000000 / 650.000000 / 650.000000 Batch size avg / min / max
[util %: 579.136691 -- report computed in 0]
2026-04-24 15:44:26.465 [pool-1-thread-1] INFO  o.s.loadsimrunner.report.Reporter:74 - 2026-04-24T19:44:26.464Z
Insert transactions:
==========
6 ops per second (63 total)
4095 records per second (40950 total)
835.396825 ms mean duration
percentiles: [P95: 1216]
650.000000 / 650.000000 / 650.000000 Batch size avg / min / max
[util %: 525.931848 -- report computed in 1]
2026-04-24 15:44:36.473 [pool-1-thread-1] INFO  o.s.loadsimrunner.report.Reporter:74 - 2026-04-24T19:44:36.473Z
Insert transactions:
==========
9 ops per second (98 total)
6370 records per second (63700 total)
679.020408 ms mean duration
percentiles: [P95: 1657]
650.000000 / 650.000000 / 650.000000 Batch size avg / min / max
[util %: 664.841643 -- report computed in 0]
2026-04-24 15:44:46.476 [pool-1-thread-1] INFO  o.s.loadsimrunner.report.Reporter:74 - 2026-04-24T19:44:46.476Z
Insert transactions:
==========
13 ops per second (131 total)
8515 records per second (85150 total)
456.664122 ms mean duration
percentiles: [P95: 785]
650.000000 / 650.000000 / 650.000000 Batch size avg / min / max
[util %: 598.050585 -- report computed in 0]
2026-04-24 15:44:56.487 [pool-1-thread-1] INFO  o.s.loadsimrunner.report.Reporter:74 - 2026-04-24T19:44:56.486Z
Insert transactions:
==========
15 ops per second (151 total)
9815 records per second (98150 total)
393.072848 ms mean duration
percentiles: [P95: 575]
650.000000 / 650.000000 / 650.000000 Batch size avg / min / max
[util %: 592.947053 -- report computed in 1]
2026-04-24 15:45:06.490 [pool-1-thread-1] INFO  o.s.loadsimrunner.report.Reporter:74 - 2026-04-24T19:45:06.488Z
Insert transactions:
==========
16 ops per second (163 total)
10595 records per second (105950 total)
357.914110 ms mean duration
percentiles: [P95: 504]
650.000000 / 650.000000 / 650.000000 Batch size avg / min / max
[util %: 583.283343 -- report computed in 0]
2026-04-24 15:45:16.496 [pool-1-thread-1] INFO  o.s.loadsimrunner.report.Reporter:74 - 2026-04-24T19:45:16.495Z
Insert transactions:
==========
18 ops per second (182 total)
11830 records per second (118300 total)
325.307692 ms mean duration
percentiles: [P95: 506]
650.000000 / 650.000000 / 650.000000 Batch size avg / min / max
[util %: 591.645848 -- report computed in 0]
2026-04-24 15:45:26.506 [pool-1-thread-1] INFO  o.s.loadsimrunner.report.Reporter:74 - 2026-04-24T19:45:26.505Z
Insert transactions:
==========
18 ops per second (187 total)
12155 records per second (121550 total)
314.689840 ms mean duration
percentiles: [P95: 421]
650.000000 / 650.000000 / 650.000000 Batch size avg / min / max
[util %: 587.882118 -- report computed in 0]
2026-04-24 15:45:36.516 [pool-1-thread-1] INFO  o.s.loadsimrunner.report.Reporter:74 - 2026-04-24T19:45:36.516Z
Insert transactions:
==========
16 ops per second (169 total)
10985 records per second (109850 total)
343.337278 ms mean duration
percentiles: [P95: 484]
650.000000 / 650.000000 / 650.000000 Batch size avg / min / max
[util %: 579.602437 -- report computed in 0]
2026-04-24 15:45:46.520 [pool-1-thread-1] INFO  o.s.loadsimrunner.report.Reporter:74 - 2026-04-24T19:45:46.519Z
Insert transactions:
==========
5 ops per second (55 total)
3575 records per second (35750 total)
1006.054545 ms mean duration
percentiles: [P95: 1451]
650.000000 / 650.000000 / 650.000000 Batch size avg / min / max
[util %: 553.164051 -- report computed in 0]
2026-04-24 15:45:56.530 [pool-1-thread-1] INFO  o.s.loadsimrunner.report.Reporter:74 - 2026-04-24T19:45:56.529Z
Insert transactions:
==========
7 ops per second (74 total)
4810 records per second (48100 total)
871.756757 ms mean duration
percentiles: [P95: 2158]
650.000000 / 650.000000 / 650.000000 Batch size avg / min / max
[util %: 644.455544 -- report computed in 0]
2026-04-24 15:46:06.539 [pool-1-thread-1] INFO  o.s.loadsimrunner.report.Reporter:74 - 2026-04-24T19:46:06.538Z
Insert transactions:
==========
12 ops per second (123 total)
7995 records per second (79950 total)
484.398374 ms mean duration
percentiles: [P95: 766]
650.000000 / 650.000000 / 650.000000 Batch size avg / min / max
[util %: 595.274253 -- report computed in 0]
2026-04-24 15:46:16.546 [pool-1-thread-1] INFO  o.s.loadsimrunner.report.Reporter:74 - 2026-04-24T19:46:16.546Z
Insert transactions:
==========
14 ops per second (144 total)
9360 records per second (93600 total)
415.368056 ms mean duration
percentiles: [P95: 537]
650.000000 / 650.000000 / 650.000000 Batch size avg / min / max
[util %: 597.651878 -- report computed in 0]
2026-04-24 15:46:26.549 [pool-1-thread-1] INFO  o.s.loadsimrunner.report.Reporter:74 - 2026-04-24T19:46:26.548Z
Insert transactions:
==========
14 ops per second (143 total)
9295 records per second (92950 total)
410.685315 ms mean duration
percentiles: [P95: 522]
650.000000 / 650.000000 / 650.000000 Batch size avg / min / max
[util %: 587.162567 -- report computed in 0]
2026-04-24 15:46:36.558 [pool-1-thread-1] INFO  o.s.loadsimrunner.report.Reporter:74 - 2026-04-24T19:46:36.558Z
Insert transactions:
==========
13 ops per second (137 total)
8905 records per second (89050 total)
429.051095 ms mean duration
percentiles: [P95: 511]
650.000000 / 650.000000 / 650.000000 Batch size avg / min / max
[util %: 587.212787 -- report computed in 0]
2026-04-24 15:46:46.560 [pool-1-thread-1] INFO  o.s.loadsimrunner.report.Reporter:74 - 2026-04-24T19:46:46.559Z
Insert transactions:
==========
15 ops per second (159 total)
10335 records per second (103350 total)
374.635220 ms mean duration
percentiles: [P95: 509]
650.000000 / 650.000000 / 650.000000 Batch size avg / min / max
[util %: 595.610439 -- report computed in 1]
2026-04-24 15:46:56.570 [pool-1-thread-1] INFO  o.s.loadsimrunner.report.Reporter:74 - 2026-04-24T19:46:56.570Z
Insert transactions:
==========
18 ops per second (182 total)
11830 records per second (118300 total)
325.659341 ms mean duration
percentiles: [P95: 429]
650.000000 / 650.000000 / 650.000000 Batch size avg / min / max
[util %: 592.048746 -- report computed in 0]
2026-04-24 15:47:06.580 [pool-1-thread-1] INFO  o.s.loadsimrunner.report.Reporter:74 - 2026-04-24T19:47:06.580Z
Insert transactions:
==========
13 ops per second (131 total)
8515 records per second (85150 total)
447.427481 ms mean duration
percentiles: [P95: 703]
650.000000 / 650.000000 / 650.000000 Batch size avg / min / max
[util %: 585.544456 -- report computed in 0]
2026-04-24 15:47:16.589 [pool-1-thread-1] INFO  o.s.loadsimrunner.report.Reporter:74 - 2026-04-24T19:47:16.589Z
Insert transactions:
==========
13 ops per second (139 total)
9035 records per second (90350 total)
426.028777 ms mean duration
percentiles: [P95: 606]
650.000000 / 650.000000 / 650.000000 Batch size avg / min / max
[util %: 591.647517 -- report computed in 0]
2026-04-24 15:47:26.594 [pool-1-thread-1] INFO  o.s.loadsimrunner.report.Reporter:74 - 2026-04-24T19:47:26.594Z
Insert transactions:
==========
12 ops per second (124 total)
8060 records per second (80600 total)
483.887097 ms mean duration
percentiles: [P95: 692]
650.000000 / 650.000000 / 650.000000 Batch size avg / min / max
[util %: 599.720140 -- report computed in 0]
2026-04-24 15:47:36.600 [pool-1-thread-1] INFO  o.s.loadsimrunner.report.Reporter:74 - 2026-04-24T19:47:36.599Z
Insert transactions:
==========
14 ops per second (143 total)
9295 records per second (92950 total)
407.468531 ms mean duration
percentiles: [P95: 644]
650.000000 / 650.000000 / 650.000000 Batch size avg / min / max
[util %: 582.388806 -- report computed in 0]
2026-04-24 15:47:46.604 [pool-1-thread-1] INFO  o.s.loadsimrunner.report.Reporter:74 - 2026-04-24T19:47:46.603Z
Insert transactions:
==========
16 ops per second (169 total)
10985 records per second (109850 total)
350.112426 ms mean duration
percentiles: [P95: 482]
650.000000 / 650.000000 / 650.000000 Batch size avg / min / max
[util %: 591.453419 -- report computed in 1]
2026-04-24 15:47:56.608 [pool-1-thread-1] INFO  o.s.loadsimrunner.report.Reporter:74 - 2026-04-24T19:47:56.608Z
Insert transactions:
==========
11 ops per second (111 total)
7215 records per second (72150 total)
496.243243 ms mean duration
percentiles: [P95: 1365]
650.000000 / 650.000000 / 650.000000 Batch size avg / min / max
[util %: 550.554723 -- report computed in 0]
2026-04-24 15:48:06.616 [pool-1-thread-1] INFO  o.s.loadsimrunner.report.Reporter:74 - 2026-04-24T19:48:06.615Z
Insert transactions:
==========
17 ops per second (175 total)
11375 records per second (113750 total)
362.102857 ms mean duration
percentiles: [P95: 544]
650.000000 / 650.000000 / 650.000000 Batch size avg / min / max
[util %: 633.236734 -- report computed in 1]
2026-04-24 15:48:16.618 [pool-1-thread-1] INFO  o.s.loadsimrunner.report.Reporter:74 - 2026-04-24T19:48:16.618Z
Insert transactions:
==========
18 ops per second (187 total)
12155 records per second (121550 total)
313.347594 ms mean duration
percentiles: [P95: 442]
650.000000 / 650.000000 / 650.000000 Batch size avg / min / max
[util %: 585.784265 -- report computed in 0]
2026-04-24 15:48:26.627 [pool-1-thread-1] INFO  o.s.loadsimrunner.report.Reporter:74 - 2026-04-24T19:48:26.626Z
Insert transactions:
==========
18 ops per second (186 total)
12090 records per second (120900 total)
318.241935 ms mean duration
percentiles: [P95: 454]
650.000000 / 650.000000 / 650.000000 Batch size avg / min / max
[util %: 591.456835 -- report computed in 1]
2026-04-24 15:48:36.627 [pool-1-thread-1] INFO  o.s.loadsimrunner.report.Reporter:74 - 2026-04-24T19:48:36.627Z
Insert transactions:
==========
14 ops per second (150 total)
9750 records per second (97500 total)
393.953333 ms mean duration
percentiles: [P95: 688]
650.000000 / 650.000000 / 650.000000 Batch size avg / min / max
[util %: 590.870913 -- report computed in 0]
2026-04-24 15:48:46.629 [pool-1-thread-1] INFO  o.s.loadsimrunner.report.Reporter:74 - 2026-04-24T19:48:46.629Z
Insert transactions:
==========
6 ops per second (62 total)
4030 records per second (40300 total)
903.774194 ms mean duration
percentiles: [P95: 2073]
650.000000 / 650.000000 / 650.000000 Batch size avg / min / max
[util %: 560.227954 -- report computed in 0]
2026-04-24 15:48:56.640 [pool-1-thread-1] INFO  o.s.loadsimrunner.report.Reporter:74 - 2026-04-24T19:48:56.639Z
Insert transactions:
==========
9 ops per second (93 total)
6045 records per second (60450 total)
675.096774 ms mean duration
percentiles: [P95: 1201]
650.000000 / 650.000000 / 650.000000 Batch size avg / min / max
[util %: 627.212787 -- report computed in 0]
2026-04-24 15:49:06.649 [pool-1-thread-1] INFO  o.s.loadsimrunner.report.Reporter:74 - 2026-04-24T19:49:06.649Z
Insert transactions:
==========
12 ops per second (122 total)
7930 records per second (79300 total)
478.639344 ms mean duration
percentiles: [P95: 734]
650.000000 / 650.000000 / 650.000000 Batch size avg / min / max
[util %: 583.356643 -- report computed in 0]
2026-04-24 15:49:16.654 [pool-1-thread-1] INFO  o.s.loadsimrunner.report.Reporter:74 - 2026-04-24T19:49:16.654Z
Insert transactions:
==========
16 ops per second (163 total)
10595 records per second (105950 total)
365.257669 ms mean duration
percentiles: [P95: 524]
650.000000 / 650.000000 / 650.000000 Batch size avg / min / max
[util %: 595.072464 -- report computed in 0]
2026-04-24 15:49:26.663 [pool-1-thread-1] INFO  o.s.loadsimrunner.report.Reporter:74 - 2026-04-24T19:49:26.662Z
Insert transactions:
==========
15 ops per second (152 total)
9880 records per second (98800 total)
384.736842 ms mean duration
percentiles: [P95: 681]
650.000000 / 650.000000 / 650.000000 Batch size avg / min / max
[util %: 584.332534 -- report computed in 0]
2026-04-24 15:49:36.670 [pool-1-thread-1] INFO  o.s.loadsimrunner.report.Reporter:74 - 2026-04-24T19:49:36.669Z
Insert transactions:
==========
16 ops per second (163 total)
10595 records per second (105950 total)
368.625767 ms mean duration
percentiles: [P95: 549]
650.000000 / 650.000000 / 650.000000 Batch size avg / min / max
[util %: 600.439692 -- report computed in 0]
2026-04-24 15:49:46.680 [pool-1-thread-1] INFO  o.s.loadsimrunner.report.Reporter:74 - 2026-04-24T19:49:46.680Z
Insert transactions:
==========
17 ops per second (175 total)
11375 records per second (113750 total)
333.074286 ms mean duration
percentiles: [P95: 460]
650.000000 / 650.000000 / 650.000000 Batch size avg / min / max
[util %: 582.239537 -- report computed in 0]
2026-04-24 15:49:56.691 [pool-1-thread-1] INFO  o.s.loadsimrunner.report.Reporter:74 - 2026-04-24T19:49:56.690Z
Insert transactions:
==========
17 ops per second (180 total)
11700 records per second (117000 total)
322.644444 ms mean duration
percentiles: [P95: 450]
650.000000 / 650.000000 / 650.000000 Batch size avg / min / max
[util %: 580.179820 -- report computed in 0]
2026-04-24 15:50:06.702 [pool-1-thread-1] INFO  o.s.loadsimrunner.report.Reporter:74 - 2026-04-24T19:50:06.700Z
Insert transactions:
==========
11 ops per second (111 total)
7215 records per second (72150 total)
537.684685 ms mean duration
percentiles: [P95: 1228]
650.000000 / 650.000000 / 650.000000 Batch size avg / min / max
[util %: 596.233766 -- report computed in 0]
2026-04-24 15:50:16.702 [pool-1-thread-1] INFO  o.s.loadsimrunner.report.Reporter:74 - 2026-04-24T19:50:16.701Z
Insert transactions:
==========
6 ops per second (65 total)
4225 records per second (42250 total)
926.307692 ms mean duration
percentiles: [P95: 1648]
650.000000 / 650.000000 / 650.000000 Batch size avg / min / max
[util %: 602.039796 -- report computed in 0]
2026-04-24 15:50:26.703 [pool-1-thread-1] INFO  o.s.loadsimrunner.report.Reporter:74 - 2026-04-24T19:50:26.703Z
Insert transactions:
==========
14 ops per second (142 total)
9230 records per second (92300 total)
417.971831 ms mean duration
percentiles: [P95: 797]
650.000000 / 650.000000 / 650.000000 Batch size avg / min / max
[util %: 593.401320 -- report computed in 0]
2026-04-24 15:50:36.711 [pool-1-thread-1] INFO  o.s.loadsimrunner.report.Reporter:74 - 2026-04-24T19:50:36.710Z
Insert transactions:
==========
14 ops per second (147 total)
9555 records per second (95550 total)
398.646259 ms mean duration
percentiles: [P95: 563]
650.000000 / 650.000000 / 650.000000 Batch size avg / min / max
[util %: 585.600080 -- report computed in 0]
2026-04-24 15:50:46.719 [pool-1-thread-1] INFO  o.s.loadsimrunner.report.Reporter:74 - 2026-04-24T19:50:46.719Z
Insert transactions:
==========
15 ops per second (152 total)
9880 records per second (98800 total)
387.296053 ms mean duration
percentiles: [P95: 551]
650.000000 / 650.000000 / 650.000000 Batch size avg / min / max
[util %: 588.160655 -- report computed in 0]
2026-04-24 15:50:56.729 [pool-1-thread-1] INFO  o.s.loadsimrunner.report.Reporter:74 - 2026-04-24T19:50:56.729Z
Insert transactions:
==========
13 ops per second (138 total)
8970 records per second (89700 total)
430.398551 ms mean duration
percentiles: [P95: 789]
650.000000 / 650.000000 / 650.000000 Batch size avg / min / max
[util %: 593.356643 -- report computed in 0]
2026-04-24 15:51:06.733 [pool-1-thread-1] INFO  o.s.loadsimrunner.report.Reporter:74 - 2026-04-24T19:51:06.732Z
Insert transactions:
==========
16 ops per second (166 total)
10790 records per second (107900 total)
351.168675 ms mean duration
percentiles: [P95: 456]
650.000000 / 650.000000 / 650.000000 Batch size avg / min / max
[util %: 582.765170 -- report computed in 0]
2026-04-24 15:51:16.740 [pool-1-thread-1] INFO  o.s.loadsimrunner.report.Reporter:74 - 2026-04-24T19:51:16.740Z
Insert transactions:
==========
17 ops per second (179 total)
11635 records per second (116350 total)
331.798883 ms mean duration
percentiles: [P95: 459]
650.000000 / 650.000000 / 650.000000 Batch size avg / min / max
[util %: 593.445244 -- report computed in 0]
2026-04-24 15:51:26.746 [pool-1-thread-1] INFO  o.s.loadsimrunner.report.Reporter:74 - 2026-04-24T19:51:26.745Z
Insert transactions:
==========
18 ops per second (182 total)
11830 records per second (118300 total)
326.719780 ms mean duration
percentiles: [P95: 481]
650.000000 / 650.000000 / 650.000000 Batch size avg / min / max
[util %: 594.332834 -- report computed in 0]
2026-04-24 15:51:36.755 [pool-1-thread-1] INFO  o.s.loadsimrunner.report.Reporter:74 - 2026-04-24T19:51:36.754Z
Insert transactions:
==========
10 ops per second (108 total)
7020 records per second (70200 total)
541.101852 ms mean duration
percentiles: [P95: 1259]
650.000000 / 650.000000 / 650.000000 Batch size avg / min / max
[util %: 583.864522 -- report computed in 0]
2026-04-24 15:51:46.756 [pool-1-thread-1] INFO  o.s.loadsimrunner.report.Reporter:74 - 2026-04-24T19:51:46.756Z
Insert transactions:
==========
7 ops per second (79 total)
5135 records per second (51350 total)
753.126582 ms mean duration
percentiles: [P95: 1852]
650.000000 / 650.000000 / 650.000000 Batch size avg / min / max
[util %: 594.851030 -- report computed in 0]
2026-04-24 15:51:56.765 [pool-1-thread-1] INFO  o.s.loadsimrunner.report.Reporter:74 - 2026-04-24T19:51:56.764Z
Insert transactions:
==========
8 ops per second (81 total)
5265 records per second (52650 total)
745.716049 ms mean duration
percentiles: [P95: 1289]
650.000000 / 650.000000 / 650.000000 Batch size avg / min / max
[util %: 603.547162 -- report computed in 0]
2026-04-24 15:52:06.769 [pool-1-thread-1] INFO  o.s.loadsimrunner.report.Reporter:74 - 2026-04-24T19:52:06.769Z
Insert transactions:
==========
15 ops per second (155 total)
10075 records per second (100750 total)
377.877419 ms mean duration
percentiles: [P95: 542]
650.000000 / 650.000000 / 650.000000 Batch size avg / min / max
[util %: 585.417291 -- report computed in 0]
2026-04-24 15:52:16.780 [pool-1-thread-1] INFO  o.s.loadsimrunner.report.Reporter:74 - 2026-04-24T19:52:16.779Z
Insert transactions:
==========
14 ops per second (146 total)
9490 records per second (94900 total)
406.986301 ms mean duration
percentiles: [P95: 553]
650.000000 / 650.000000 / 650.000000 Batch size avg / min / max
[util %: 593.606394 -- report computed in 0]
2026-04-24 15:52:26.789 [pool-1-thread-1] INFO  o.s.loadsimrunner.report.Reporter:74 - 2026-04-24T19:52:26.788Z
Insert transactions:
==========
16 ops per second (163 total)
10595 records per second (105950 total)
357.920245 ms mean duration
percentiles: [P95: 454]
650.000000 / 650.000000 / 650.000000 Batch size avg / min / max
[util %: 582.885403 -- report computed in 1]
2026-04-24 15:52:36.798 [pool-1-thread-1] INFO  o.s.loadsimrunner.report.Reporter:74 - 2026-04-24T19:52:36.798Z
Insert transactions:
==========
15 ops per second (154 total)
10010 records per second (100100 total)
386.538961 ms mean duration
percentiles: [P95: 608]
650.000000 / 650.000000 / 650.000000 Batch size avg / min / max
[util %: 594.675325 -- report computed in 0]
2026-04-24 15:52:46.809 [pool-1-thread-1] INFO  o.s.loadsimrunner.report.Reporter:74 - 2026-04-24T19:52:46.808Z
Insert transactions:
==========
14 ops per second (142 total)
9230 records per second (92300 total)
412.295775 ms mean duration
percentiles: [P95: 556]
650.000000 / 650.000000 / 650.000000 Batch size avg / min / max
[util %: 584.875125 -- report computed in 0]
2026-04-24 15:52:56.816 [pool-1-thread-1] INFO  o.s.loadsimrunner.report.Reporter:74 - 2026-04-24T19:52:56.816Z
Insert transactions:
==========
17 ops per second (173 total)
11245 records per second (112450 total)
341.219653 ms mean duration
percentiles: [P95: 460]
650.000000 / 650.000000 / 650.000000 Batch size avg / min / max
[util %: 589.838129 -- report computed in 0]
2026-04-24 15:53:06.825 [pool-1-thread-1] INFO  o.s.loadsimrunner.report.Reporter:74 - 2026-04-24T19:53:06.824Z
Insert transactions:
==========
12 ops per second (123 total)
7995 records per second (79950 total)
481.455285 ms mean duration
percentiles: [P95: 717]
650.000000 / 650.000000 / 650.000000 Batch size avg / min / max
[util %: 591.716627 -- report computed in 0]
2026-04-24 15:53:16.834 [pool-1-thread-1] INFO  o.s.loadsimrunner.report.Reporter:74 - 2026-04-24T19:53:16.834Z
Insert transactions:
==========
5 ops per second (59 total)
3835 records per second (38350 total)
930.898305 ms mean duration
percentiles: [P95: 1385]
650.000000 / 650.000000 / 650.000000 Batch size avg / min / max
[util %: 548.681319 -- report computed in 0]
2026-04-24 15:53:26.844 [pool-1-thread-1] INFO  o.s.loadsimrunner.report.Reporter:74 - 2026-04-24T19:53:26.843Z
Insert transactions:
==========
10 ops per second (102 total)
6630 records per second (66300 total)
636.176471 ms mean duration
percentiles: [P95: 1372]
650.000000 / 650.000000 / 650.000000 Batch size avg / min / max
[util %: 648.316515 -- report computed in 0]
2026-04-24 15:53:36.854 [pool-1-thread-1] INFO  o.s.loadsimrunner.report.Reporter:74 - 2026-04-24T19:53:36.853Z
Insert transactions:
==========
12 ops per second (130 total)
8450 records per second (84500 total)
446.192308 ms mean duration
percentiles: [P95: 610]
650.000000 / 650.000000 / 650.000000 Batch size avg / min / max
[util %: 579.470529 -- report computed in 1]
2026-04-24 15:53:46.862 [pool-1-thread-1] INFO  o.s.loadsimrunner.report.Reporter:74 - 2026-04-24T19:53:46.861Z
Insert transactions:
==========
15 ops per second (156 total)
10140 records per second (101400 total)
378.750000 ms mean duration
percentiles: [P95: 570]
650.000000 / 650.000000 / 650.000000 Batch size avg / min / max
[util %: 590.377698 -- report computed in 0]
2026-04-24 15:53:56.866 [pool-1-thread-1] INFO  o.s.loadsimrunner.report.Reporter:74 - 2026-04-24T19:53:56.866Z
Insert transactions:
==========
16 ops per second (165 total)
10725 records per second (107250 total)
361.824242 ms mean duration
percentiles: [P95: 454]
650.000000 / 650.000000 / 650.000000 Batch size avg / min / max
[util %: 596.711644 -- report computed in 0]
2026-04-24 15:54:06.871 [pool-1-thread-1] INFO  o.s.loadsimrunner.report.Reporter:74 - 2026-04-24T19:54:06.870Z
Insert transactions:
==========
17 ops per second (173 total)
11245 records per second (112450 total)
339.040462 ms mean duration
percentiles: [P95: 454]
650.000000 / 650.000000 / 650.000000 Batch size avg / min / max
[util %: 586.305478 -- report computed in 0]
2026-04-24 15:54:16.881 [pool-1-thread-1] INFO  o.s.loadsimrunner.report.Reporter:74 - 2026-04-24T19:54:16.881Z
Insert transactions:
==========
17 ops per second (175 total)
11375 records per second (113750 total)
334.691429 ms mean duration
percentiles: [P95: 521]
650.000000 / 650.000000 / 650.000000 Batch size avg / min / max
[util %: 585.066427 -- report computed in 0]
2026-04-24 15:54:26.886 [pool-1-thread-1] INFO  o.s.loadsimrunner.report.Reporter:74 - 2026-04-24T19:54:26.886Z
Insert transactions:
==========
16 ops per second (168 total)
10920 records per second (109200 total)
350.017857 ms mean duration
percentiles: [P95: 514]
650.000000 / 650.000000 / 650.000000 Batch size avg / min / max
[util %: 587.736132 -- report computed in 0]
2026-04-24 15:54:36.896 [pool-1-thread-1] INFO  o.s.loadsimrunner.report.Reporter:74 - 2026-04-24T19:54:36.895Z
Insert transactions:
==========
9 ops per second (100 total)
6500 records per second (65000 total)
585.520000 ms mean duration
percentiles: [P95: 1034]
650.000000 / 650.000000 / 650.000000 Batch size avg / min / max
[util %: 584.993506 -- report computed in 0]
2026-04-24 15:54:46.902 [pool-1-thread-1] INFO  o.s.loadsimrunner.report.Reporter:74 - 2026-04-24T19:54:46.902Z
Insert transactions:
==========
7 ops per second (80 total)
5200 records per second (52000 total)
739.775000 ms mean duration
percentiles: [P95: 1223]
650.000000 / 650.000000 / 650.000000 Batch size avg / min / max
[util %: 591.406016 -- report computed in 0]
2026-04-24 15:54:56.912 [pool-1-thread-1] INFO  o.s.loadsimrunner.report.Reporter:74 - 2026-04-24T19:54:56.912Z
Insert transactions:
==========
11 ops per second (111 total)
7215 records per second (72150 total)
555.873874 ms mean duration
percentiles: [P95: 971]
650.000000 / 650.000000 / 650.000000 Batch size avg / min / max
[util %: 616.403596 -- report computed in 0]
2026-04-24 15:55:06.918 [pool-1-thread-1] INFO  o.s.loadsimrunner.report.Reporter:74 - 2026-04-24T19:55:06.917Z
Insert transactions:
==========
13 ops per second (133 total)
8645 records per second (86450 total)
445.691729 ms mean duration
percentiles: [P95: 546]
650.000000 / 650.000000 / 650.000000 Batch size avg / min / max
[util %: 592.473763 -- report computed in 0]
2026-04-24 15:55:16.928 [pool-1-thread-1] INFO  o.s.loadsimrunner.report.Reporter:74 - 2026-04-24T19:55:16.928Z
Insert transactions:
==========
15 ops per second (160 total)
10400 records per second (104000 total)
369.862500 ms mean duration
percentiles: [P95: 550]
650.000000 / 650.000000 / 650.000000 Batch size avg / min / max
[util %: 591.129757 -- report computed in 0]
2026-04-24 15:55:26.937 [pool-1-thread-1] INFO  o.s.loadsimrunner.report.Reporter:74 - 2026-04-24T19:55:26.937Z
Insert transactions:
==========
16 ops per second (169 total)
10985 records per second (109850 total)
344.846154 ms mean duration
percentiles: [P95: 429]
650.000000 / 650.000000 / 650.000000 Batch size avg / min / max
[util %: 582.265961 -- report computed in 0]
2026-04-24 15:55:36.943 [pool-1-thread-1] INFO  o.s.loadsimrunner.report.Reporter:74 - 2026-04-24T19:55:36.943Z
Insert transactions:
==========
17 ops per second (175 total)
11375 records per second (113750 total)
338.702857 ms mean duration
percentiles: [P95: 483]
650.000000 / 650.000000 / 650.000000 Batch size avg / min / max
[util %: 592.374575 -- report computed in 0]
2026-04-24 15:55:46.953 [pool-1-thread-1] INFO  o.s.loadsimrunner.report.Reporter:74 - 2026-04-24T19:55:46.953Z
Insert transactions:
==========
17 ops per second (175 total)
11375 records per second (113750 total)
335.034286 ms mean duration
percentiles: [P95: 506]
650.000000 / 650.000000 / 650.000000 Batch size avg / min / max
[util %: 585.724276 -- report computed in 0]
2026-04-24 15:55:56.957 [pool-1-thread-1] INFO  o.s.loadsimrunner.report.Reporter:74 - 2026-04-24T19:55:56.956Z
Insert transactions:
==========
14 ops per second (145 total)
9425 records per second (94250 total)
412.717241 ms mean duration
percentiles: [P95: 794]
650.000000 / 650.000000 / 650.000000 Batch size avg / min / max
[util %: 598.260522 -- report computed in 0]
2026-04-24 15:56:06.961 [pool-1-thread-1] INFO  o.s.loadsimrunner.report.Reporter:74 - 2026-04-24T19:56:06.961Z
Insert transactions:
==========
10 ops per second (102 total)
6630 records per second (66300 total)
550.431373 ms mean duration
percentiles: [P95: 911]
650.000000 / 650.000000 / 650.000000 Batch size avg / min / max
[util %: 561.159420 -- report computed in 0]
2026-04-24 15:56:16.963 [pool-1-thread-1] INFO  o.s.loadsimrunner.report.Reporter:74 - 2026-04-24T19:56:16.963Z
Insert transactions:
==========
9 ops per second (96 total)
6240 records per second (62400 total)
649.125000 ms mean duration
percentiles: [P95: 958]
650.000000 / 650.000000 / 650.000000 Batch size avg / min / max
[util %: 623.035393 -- report computed in 0]
2026-04-24 15:56:26.971 [pool-1-thread-1] INFO  o.s.loadsimrunner.report.Reporter:74 - 2026-04-24T19:56:26.970Z
Insert transactions:
==========
13 ops per second (139 total)
9035 records per second (90350 total)
412.748201 ms mean duration
percentiles: [P95: 670]
650.000000 / 650.000000 / 650.000000 Batch size avg / min / max
[util %: 573.318677 -- report computed in 0]
2026-04-24 15:56:36.972 [pool-1-thread-1] INFO  o.s.loadsimrunner.report.Reporter:74 - 2026-04-24T19:56:36.972Z
Insert transactions:
==========
16 ops per second (164 total)
10660 records per second (106600 total)
374.579268 ms mean duration
percentiles: [P95: 485]
650.000000 / 650.000000 / 650.000000 Batch size avg / min / max
[util %: 614.187163 -- report computed in 0]
2026-04-24 15:56:46.982 [pool-1-thread-1] INFO  o.s.loadsimrunner.report.Reporter:74 - 2026-04-24T19:56:46.982Z
Insert transactions:
==========
16 ops per second (164 total)
10660 records per second (106600 total)
359.262195 ms mean duration
percentiles: [P95: 501]
650.000000 / 650.000000 / 650.000000 Batch size avg / min / max
[util %: 588.601399 -- report computed in 0]
2026-04-24 15:56:56.994 [pool-1-thread-1] INFO  o.s.loadsimrunner.report.Reporter:74 - 2026-04-24T19:56:56.993Z
Insert transactions:
==========
16 ops per second (163 total)
10595 records per second (105950 total)
352.828221 ms mean duration
percentiles: [P95: 507]
650.000000 / 650.000000 / 650.000000 Batch size avg / min / max
[util %: 574.478074 -- report computed in 0]
2026-04-24 15:57:07.002 [pool-1-thread-1] INFO  o.s.loadsimrunner.report.Reporter:74 - 2026-04-24T19:57:07.001Z
Insert transactions:
==========
17 ops per second (174 total)
11310 records per second (113100 total)
347.275862 ms mean duration
percentiles: [P95: 516]
650.000000 / 650.000000 / 650.000000 Batch size avg / min / max
[util %: 603.776978 -- report computed in 1]
2026-04-24 15:57:17.011 [pool-1-thread-1] INFO  o.s.loadsimrunner.report.Reporter:74 - 2026-04-24T19:57:17.010Z
Insert transactions:
==========
16 ops per second (167 total)
10855 records per second (108550 total)
355.221557 ms mean duration
percentiles: [P95: 542]
650.000000 / 650.000000 / 650.000000 Batch size avg / min / max
[util %: 592.686582 -- report computed in 0]
2026-04-24 15:57:27.021 [pool-1-thread-1] INFO  o.s.loadsimrunner.report.Reporter:74 - 2026-04-24T19:57:27.021Z
Insert transactions:
==========
15 ops per second (155 total)
10075 records per second (100750 total)
379.567742 ms mean duration
percentiles: [P95: 550]
650.000000 / 650.000000 / 650.000000 Batch size avg / min / max
[util %: 587.683548 -- report computed in 0]
2026-04-24 15:57:37.031 [pool-1-thread-1] INFO  o.s.loadsimrunner.report.Reporter:74 - 2026-04-24T19:57:37.031Z
Insert transactions:
==========
11 ops per second (115 total)
7475 records per second (74750 total)
517.886957 ms mean duration
percentiles: [P95: 927]
650.000000 / 650.000000 / 650.000000 Batch size avg / min / max
[util %: 594.975025 -- report computed in 0]
2026-04-24 15:57:47.042 [pool-1-thread-1] INFO  o.s.loadsimrunner.report.Reporter:74 - 2026-04-24T19:57:47.041Z
Insert transactions:
==========
8 ops per second (83 total)
5395 records per second (53950 total)
690.385542 ms mean duration
percentiles: [P95: 1008]
650.000000 / 650.000000 / 650.000000 Batch size avg / min / max
[util %: 572.447552 -- report computed in 0]
2026-04-24 15:57:57.044 [pool-1-thread-1] INFO  o.s.loadsimrunner.report.Reporter:74 - 2026-04-24T19:57:57.044Z
Insert transactions:
==========
13 ops per second (134 total)
8710 records per second (87100 total)
453.783582 ms mean duration
percentiles: [P95: 677]
650.000000 / 650.000000 / 650.000000 Batch size avg / min / max
[util %: 607.887634 -- report computed in 0]
2026-04-24 15:58:07.050 [pool-1-thread-1] INFO  o.s.loadsimrunner.report.Reporter:74 - 2026-04-24T19:58:07.049Z
Insert transactions:
==========
14 ops per second (148 total)
9620 records per second (96200 total)
391.013514 ms mean duration
percentiles: [P95: 484]
650.000000 / 650.000000 / 650.000000 Batch size avg / min / max
[util %: 578.410795 -- report computed in 0]
2026-04-24 15:58:17.059 [pool-1-thread-1] INFO  o.s.loadsimrunner.report.Reporter:74 - 2026-04-24T19:58:17.059Z
Insert transactions:
==========
16 ops per second (166 total)
10790 records per second (107900 total)
363.102410 ms mean duration
percentiles: [P95: 477]
650.000000 / 650.000000 / 650.000000 Batch size avg / min / max
[util %: 602.147852 -- report computed in 0]
2026-04-24 15:58:27.065 [pool-1-thread-1] INFO  o.s.loadsimrunner.report.Reporter:74 - 2026-04-24T19:58:27.065Z
Insert transactions:
==========
16 ops per second (164 total)
10660 records per second (106600 total)
352.743902 ms mean duration
percentiles: [P95: 453]
650.000000 / 650.000000 / 650.000000 Batch size avg / min / max
[util %: 578.153108 -- report computed in 0]
2026-04-24 15:58:37.072 [pool-1-thread-1] INFO  o.s.loadsimrunner.report.Reporter:74 - 2026-04-24T19:58:37.072Z
Insert transactions:
==========
17 ops per second (174 total)
11310 records per second (113100 total)
345.787356 ms mean duration
percentiles: [P95: 446]
650.000000 / 650.000000 / 650.000000 Batch size avg / min / max
[util %: 601.249126 -- report computed in 0]
2026-04-24 15:58:47.083 [pool-1-thread-1] INFO  o.s.loadsimrunner.report.Reporter:74 - 2026-04-24T19:58:47.082Z
Insert transactions:
==========
17 ops per second (172 total)
11180 records per second (111800 total)
341.767442 ms mean duration
percentiles: [P95: 441]
650.000000 / 650.000000 / 650.000000 Batch size avg / min / max
[util %: 587.252747 -- report computed in 0]
2026-04-24 15:58:57.088 [pool-1-thread-1] INFO  o.s.loadsimrunner.report.Reporter:74 - 2026-04-24T19:58:57.088Z
Insert transactions:
==========
14 ops per second (149 total)
9685 records per second (96850 total)
384.657718 ms mean duration
percentiles: [P95: 646]
650.000000 / 650.000000 / 650.000000 Batch size avg / min / max
[util %: 572.796322 -- report computed in 0]
2026-04-24 15:59:07.095 [pool-1-thread-1] INFO  o.s.loadsimrunner.report.Reporter:74 - 2026-04-24T19:59:07.094Z
Insert transactions:
==========
12 ops per second (125 total)
8125 records per second (81250 total)
491.664000 ms mean duration
percentiles: [P95: 718]
650.000000 / 650.000000 / 650.000000 Batch size avg / min / max
[util %: 614.211473 -- report computed in 0]
2026-04-24 15:59:17.105 [pool-1-thread-1] INFO  o.s.loadsimrunner.report.Reporter:74 - 2026-04-24T19:59:17.105Z
Insert transactions:
==========
11 ops per second (112 total)
7280 records per second (72800 total)
505.857143 ms mean duration
percentiles: [P95: 840]
650.000000 / 650.000000 / 650.000000 Batch size avg / min / max
[util %: 565.937469 -- report computed in 0]
2026-04-24 15:59:27.108 [pool-1-thread-1] INFO  o.s.loadsimrunner.report.Reporter:74 - 2026-04-24T19:59:27.108Z
Insert transactions:
==========
11 ops per second (115 total)
7475 records per second (74750 total)
528.556522 ms mean duration
percentiles: [P95: 855]
650.000000 / 650.000000 / 650.000000 Batch size avg / min / max
[util %: 607.657703 -- report computed in 0]
2026-04-24 15:59:37.119 [pool-1-thread-1] INFO  o.s.loadsimrunner.report.Reporter:74 - 2026-04-24T19:59:37.118Z
Insert transactions:
==========
11 ops per second (120 total)
7800 records per second (78000 total)
497.466667 ms mean duration
percentiles: [P95: 821]
650.000000 / 650.000000 / 650.000000 Batch size avg / min / max
[util %: 596.363636 -- report computed in 0]
2026-04-24 15:59:47.129 [pool-1-thread-1] INFO  o.s.loadsimrunner.report.Reporter:74 - 2026-04-24T19:59:47.128Z
Insert transactions:
==========
14 ops per second (150 total)
9750 records per second (97500 total)
384.726667 ms mean duration
percentiles: [P95: 496]
650.000000 / 650.000000 / 650.000000 Batch size avg / min / max
[util %: 576.513487 -- report computed in 0]
2026-04-24 15:59:57.133 [pool-1-thread-1] INFO  o.s.loadsimrunner.report.Reporter:74 - 2026-04-24T19:59:57.133Z
Insert transactions:
==========
16 ops per second (169 total)
10985 records per second (109850 total)
353.420118 ms mean duration
percentiles: [P95: 459]
650.000000 / 650.000000 / 650.000000 Batch size avg / min / max
[util %: 596.981509 -- report computed in 0]
2026-04-24 16:00:07.139 [pool-1-thread-1] INFO  o.s.loadsimrunner.report.Reporter:74 - 2026-04-24T20:00:07.138Z
Insert transactions:
==========
13 ops per second (137 total)
8905 records per second (89050 total)
440.072993 ms mean duration
percentiles: [P95: 634]
650.000000 / 650.000000 / 650.000000 Batch size avg / min / max
[util %: 602.598701 -- report computed in 0]
2026-04-24 16:00:17.139 [pool-1-thread-1] INFO  o.s.loadsimrunner.report.Reporter:74 - 2026-04-24T20:00:17.139Z
Insert transactions:
==========
10 ops per second (108 total)
7020 records per second (70200 total)
514.731481 ms mean duration
percentiles: [P95: 819]
650.000000 / 650.000000 / 650.000000 Batch size avg / min / max
[util %: 555.854415 -- report computed in 0]
2026-04-24 16:00:27.146 [pool-1-thread-1] INFO  o.s.loadsimrunner.report.Reporter:74 - 2026-04-24T20:00:27.146Z
Insert transactions:
==========
11 ops per second (114 total)
7410 records per second (74100 total)
530.184211 ms mean duration
percentiles: [P95: 950]
650.000000 / 650.000000 / 650.000000 Batch size avg / min / max
[util %: 603.987209 -- report computed in 0]
2026-04-24 16:00:37.149 [pool-1-thread-1] INFO  o.s.loadsimrunner.report.Reporter:74 - 2026-04-24T20:00:37.149Z
Insert transactions:
==========
14 ops per second (150 total)
9750 records per second (97500 total)
389.453333 ms mean duration
percentiles: [P95: 565]
650.000000 / 650.000000 / 650.000000 Batch size avg / min / max
[util %: 584.004799 -- report computed in 0]
2026-04-24 16:00:47.159 [pool-1-thread-1] INFO  o.s.loadsimrunner.report.Reporter:74 - 2026-04-24T20:00:47.159Z
Insert transactions:
==========
11 ops per second (118 total)
7670 records per second (76700 total)
516.364407 ms mean duration
percentiles: [P95: 756]
650.000000 / 650.000000 / 650.000000 Batch size avg / min / max
[util %: 608.701299 -- report computed in 0]
2026-04-24 16:00:57.169 [pool-1-thread-1] INFO  o.s.loadsimrunner.report.Reporter:74 - 2026-04-24T20:00:57.169Z
Insert transactions:
==========
12 ops per second (130 total)
8450 records per second (84500 total)
457.838462 ms mean duration
percentiles: [P95: 667]
650.000000 / 650.000000 / 650.000000 Batch size avg / min / max
[util %: 594.595405 -- report computed in 0]
2026-04-24 16:01:07.183 [pool-1-thread-1] INFO  o.s.loadsimrunner.report.Reporter:74 - 2026-04-24T20:01:07.179Z
Insert transactions:
==========
14 ops per second (146 total)
9490 records per second (94900 total)
406.047945 ms mean duration
percentiles: [P95: 511]
650.000000 / 650.000000 / 650.000000 Batch size avg / min / max
[util %: 592.237762 -- report computed in 1]
2026-04-24 16:01:17.187 [pool-1-thread-1] INFO  o.s.loadsimrunner.report.Reporter:74 - 2026-04-24T20:01:17.186Z
Insert transactions:
==========
15 ops per second (158 total)
10270 records per second (102700 total)
374.405063 ms mean duration
percentiles: [P95: 531]
650.000000 / 650.000000 / 650.000000 Batch size avg / min / max
[util %: 591.146198 -- report computed in 0]
2026-04-24 16:01:27.195 [pool-1-thread-1] INFO  o.s.loadsimrunner.report.Reporter:74 - 2026-04-24T20:01:27.195Z
Insert transactions:
==========
16 ops per second (161 total)
10465 records per second (104650 total)
365.968944 ms mean duration
percentiles: [P95: 525]
650.000000 / 650.000000 / 650.000000 Batch size avg / min / max
[util %: 588.680188 -- report computed in 0]
2026-04-24 16:01:37.204 [pool-1-thread-1] INFO  o.s.loadsimrunner.report.Reporter:74 - 2026-04-24T20:01:37.204Z
Insert transactions:
==========
15 ops per second (155 total)
10075 records per second (100750 total)
375.690323 ms mean duration
percentiles: [P95: 515]
650.000000 / 650.000000 / 650.000000 Batch size avg / min / max
[util %: 581.796383 -- report computed in 0]
2026-04-24 16:01:47.214 [pool-1-thread-1] INFO  o.s.loadsimrunner.report.Reporter:74 - 2026-04-24T20:01:47.214Z
Insert transactions:
==========
14 ops per second (150 total)
9750 records per second (97500 total)
399.713333 ms mean duration
percentiles: [P95: 519]
650.000000 / 650.000000 / 650.000000 Batch size avg / min / max
[util %: 598.971029 -- report computed in 0]
2026-04-24 16:01:57.223 [pool-1-thread-1] INFO  o.s.loadsimrunner.report.Reporter:74 - 2026-04-24T20:01:57.222Z
Insert transactions:
==========
12 ops per second (126 total)
8190 records per second (81900 total)
471.555556 ms mean duration
percentiles: [P95: 859]
650.000000 / 650.000000 / 650.000000 Batch size avg / min / max
[util %: 593.685052 -- report computed in 0]
2026-04-24 16:02:07.230 [pool-1-thread-1] INFO  o.s.loadsimrunner.report.Reporter:74 - 2026-04-24T20:02:07.230Z
Insert transactions:
==========
7 ops per second (79 total)
5135 records per second (51350 total)
758.911392 ms mean duration
percentiles: [P95: 1259]
650.000000 / 650.000000 / 650.000000 Batch size avg / min / max
[util %: 599.060751 -- report computed in 0]
2026-04-24 16:02:17.233 [pool-1-thread-1] INFO  o.s.loadsimrunner.report.Reporter:74 - 2026-04-24T20:02:17.233Z
Insert transactions:
==========
8 ops per second (88 total)
5720 records per second (57200 total)
647.500000 ms mean duration
percentiles: [P95: 880]
650.000000 / 650.000000 / 650.000000 Batch size avg / min / max
[util %: 569.629111 -- report computed in 0]
2026-04-24 16:02:27.241 [pool-1-thread-1] INFO  o.s.loadsimrunner.report.Reporter:74 - 2026-04-24T20:02:27.241Z
Insert transactions:
==========
10 ops per second (107 total)
6955 records per second (69550 total)
574.841121 ms mean duration
percentiles: [P95: 876]
650.000000 / 650.000000 / 650.000000 Batch size avg / min / max
[util %: 614.588329 -- report computed in 0]
2026-04-24 16:02:37.251 [pool-1-thread-1] INFO  o.s.loadsimrunner.report.Reporter:74 - 2026-04-24T20:02:37.251Z
Insert transactions:
==========
14 ops per second (145 total)
9425 records per second (94250 total)
407.944828 ms mean duration
percentiles: [P95: 536]
650.000000 / 650.000000 / 650.000000 Batch size avg / min / max
[util %: 590.929071 -- report computed in 0]
2026-04-24 16:02:47.261 [pool-1-thread-1] INFO  o.s.loadsimrunner.report.Reporter:74 - 2026-04-24T20:02:47.261Z
Insert transactions:
==========
13 ops per second (139 total)
9035 records per second (90350 total)
417.179856 ms mean duration
percentiles: [P95: 514]
650.000000 / 650.000000 / 650.000000 Batch size avg / min / max
[util %: 579.300699 -- report computed in 0]
2026-04-24 16:02:57.272 [pool-1-thread-1] INFO  o.s.loadsimrunner.report.Reporter:74 - 2026-04-24T20:02:57.271Z
Insert transactions:
==========
14 ops per second (144 total)
9360 records per second (93600 total)
406.625000 ms mean duration
percentiles: [P95: 515]
650.000000 / 650.000000 / 650.000000 Batch size avg / min / max
[util %: 584.955045 -- report computed in 0]
2026-04-24 16:03:07.272 [pool-1-thread-1] INFO  o.s.loadsimrunner.report.Reporter:74 - 2026-04-24T20:03:07.272Z
Insert transactions:
==========
14 ops per second (142 total)
9230 records per second (92300 total)
428.584507 ms mean duration
percentiles: [P95: 519]
650.000000 / 650.000000 / 650.000000 Batch size avg / min / max
[util %: 608.529147 -- report computed in 0]
2026-04-24 16:03:17.275 [pool-1-thread-1] INFO  o.s.loadsimrunner.report.Reporter:74 - 2026-04-24T20:03:17.275Z
Insert transactions:
==========
16 ops per second (163 total)
10595 records per second (105950 total)
352.828221 ms mean duration
percentiles: [P95: 518]
650.000000 / 650.000000 / 650.000000 Batch size avg / min / max
[util %: 574.937519 -- report computed in 0]
2026-04-24 16:03:27.284 [pool-1-thread-1] INFO  o.s.loadsimrunner.report.Reporter:74 - 2026-04-24T20:03:27.284Z
Insert transactions:
==========
13 ops per second (134 total)
8710 records per second (87100 total)
424.388060 ms mean duration
percentiles: [P95: 705]
650.000000 / 650.000000 / 650.000000 Batch size avg / min / max
[util %: 568.168648 -- report computed in 0]
2026-04-24 16:03:37.293 [pool-1-thread-1] INFO  o.s.loadsimrunner.report.Reporter:74 - 2026-04-24T20:03:37.292Z
Insert transactions:
==========
12 ops per second (129 total)
8385 records per second (83850 total)
466.720930 ms mean duration
percentiles: [P95: 744]
650.000000 / 650.000000 / 650.000000 Batch size avg / min / max
[util %: 601.588729 -- report computed in 0]
2026-04-24 16:03:47.303 [pool-1-thread-1] INFO  o.s.loadsimrunner.report.Reporter:74 - 2026-04-24T20:03:47.302Z
Insert transactions:
==========
10 ops per second (110 total)
7150 records per second (71500 total)
544.618182 ms mean duration
percentiles: [P95: 763]
650.000000 / 650.000000 / 650.000000 Batch size avg / min / max
[util %: 598.481518 -- report computed in 0]
2026-04-24 16:03:57.313 [pool-1-thread-1] INFO  o.s.loadsimrunner.report.Reporter:74 - 2026-04-24T20:03:57.313Z
Insert transactions:
==========
12 ops per second (130 total)
8450 records per second (84500 total)
451.438462 ms mean duration
percentiles: [P95: 624]
650.000000 / 650.000000 / 650.000000 Batch size avg / min / max
[util %: 586.225152 -- report computed in 0]
2026-04-24 16:04:07.326 [pool-1-thread-1] INFO  o.s.loadsimrunner.report.Reporter:74 - 2026-04-24T20:04:07.323Z
Insert transactions:
==========
14 ops per second (141 total)
9165 records per second (91650 total)
425.985816 ms mean duration
percentiles: [P95: 536]
650.000000 / 650.000000 / 650.000000 Batch size avg / min / max
[util %: 600.039960 -- report computed in 1]
2026-04-24 16:04:17.330 [pool-1-thread-1] INFO  o.s.loadsimrunner.report.Reporter:74 - 2026-04-24T20:04:17.330Z
Insert transactions:
==========
15 ops per second (152 total)
9880 records per second (98800 total)
393.467105 ms mean duration
percentiles: [P95: 523]
650.000000 / 650.000000 / 650.000000 Batch size avg / min / max
[util %: 597.651644 -- report computed in 0]
2026-04-24 16:04:27.341 [pool-1-thread-1] INFO  o.s.loadsimrunner.report.Reporter:74 - 2026-04-24T20:04:27.340Z
Insert transactions:
==========
13 ops per second (134 total)
8710 records per second (87100 total)
438.253731 ms mean duration
percentiles: [P95: 1246]
650.000000 / 650.000000 / 650.000000 Batch size avg / min / max
[util %: 586.673327 -- report computed in 0]
2026-04-24 16:04:37.351 [pool-1-thread-1] INFO  o.s.loadsimrunner.report.Reporter:74 - 2026-04-24T20:04:37.350Z
Insert transactions:
==========
12 ops per second (122 total)
7930 records per second (79300 total)
485.163934 ms mean duration
percentiles: [P95: 814]
650.000000 / 650.000000 / 650.000000 Batch size avg / min / max
[util %: 591.308691 -- report computed in 1]
2026-04-24 16:04:47.360 [pool-1-thread-1] INFO  o.s.loadsimrunner.report.Reporter:74 - 2026-04-24T20:04:47.359Z
Insert transactions:
==========
8 ops per second (89 total)
5785 records per second (57850 total)
654.955056 ms mean duration
percentiles: [P95: 1042]
650.000000 / 650.000000 / 650.000000 Batch size avg / min / max
[util %: 582.385853 -- report computed in 1]
2026-04-24 16:04:57.364 [pool-1-thread-1] INFO  o.s.loadsimrunner.report.Reporter:74 - 2026-04-24T20:04:57.364Z
Insert transactions:
==========
13 ops per second (139 total)
9035 records per second (90350 total)
442.726619 ms mean duration
percentiles: [P95: 717]
650.000000 / 650.000000 / 650.000000 Batch size avg / min / max
[util %: 615.082459 -- report computed in 0]
2026-04-24 16:05:07.376 [pool-1-thread-1] INFO  o.s.loadsimrunner.report.Reporter:74 - 2026-04-24T20:05:07.374Z
Insert transactions:
==========
12 ops per second (128 total)
8320 records per second (83200 total)
447.296875 ms mean duration
percentiles: [P95: 742]
650.000000 / 650.000000 / 650.000000 Batch size avg / min / max
[util %: 571.968032 -- report computed in 1]
2026-04-24 16:05:17.383 [pool-1-thread-1] INFO  o.s.loadsimrunner.report.Reporter:74 - 2026-04-24T20:05:17.383Z
Insert transactions:
==========
11 ops per second (119 total)
7735 records per second (77350 total)
510.613445 ms mean duration
percentiles: [P95: 674]
650.000000 / 650.000000 / 650.000000 Batch size avg / min / max
[util %: 607.083625 -- report computed in 0]
2026-04-24 16:05:27.393 [pool-1-thread-1] INFO  o.s.loadsimrunner.report.Reporter:74 - 2026-04-24T20:05:27.393Z
Insert transactions:
==========
13 ops per second (137 total)
8905 records per second (89050 total)
425.437956 ms mean duration
percentiles: [P95: 535]
650.000000 / 650.000000 / 650.000000 Batch size avg / min / max
[util %: 582.267732 -- report computed in 0]
2026-04-24 16:05:37.404 [pool-1-thread-1] INFO  o.s.loadsimrunner.report.Reporter:74 - 2026-04-24T20:05:37.403Z
Insert transactions:
==========
13 ops per second (140 total)
9100 records per second (91000 total)
425.814286 ms mean duration
percentiles: [P95: 516]
650.000000 / 650.000000 / 650.000000 Batch size avg / min / max
[util %: 595.544456 -- report computed in 0]
2026-04-24 16:05:47.410 [pool-1-thread-1] INFO  o.s.loadsimrunner.report.Reporter:74 - 2026-04-24T20:05:47.409Z
Insert transactions:
==========
13 ops per second (138 total)
8970 records per second (89700 total)
426.760870 ms mean duration
percentiles: [P95: 555]
650.000000 / 650.000000 / 650.000000 Batch size avg / min / max
[util %: 588.576854 -- report computed in 1]
2026-04-24 16:05:57.417 [pool-1-thread-1] INFO  o.s.loadsimrunner.report.Reporter:74 - 2026-04-24T20:05:57.417Z
Insert transactions:
==========
14 ops per second (142 total)
9230 records per second (92300 total)
413.788732 ms mean duration
percentiles: [P95: 523]
650.000000 / 650.000000 / 650.000000 Batch size avg / min / max
[util %: 587.110312 -- report computed in 0]
2026-04-24 16:06:07.419 [pool-1-thread-1] INFO  o.s.loadsimrunner.report.Reporter:74 - 2026-04-24T20:06:07.418Z
Insert transactions:
==========
13 ops per second (134 total)
8710 records per second (87100 total)
448.350746 ms mean duration
percentiles: [P95: 913]
650.000000 / 650.000000 / 650.000000 Batch size avg / min / max
[util %: 600.729927 -- report computed in 0]
2026-04-24 16:06:17.429 [pool-1-thread-1] INFO  o.s.loadsimrunner.report.Reporter:74 - 2026-04-24T20:06:17.429Z
Insert transactions:
==========
10 ops per second (109 total)
7085 records per second (70850 total)
519.385321 ms mean duration
percentiles: [P95: 1035]
650.000000 / 650.000000 / 650.000000 Batch size avg / min / max
[util %: 565.507941 -- report computed in 0]
2026-04-24 16:06:27.435 [pool-1-thread-1] INFO  o.s.loadsimrunner.report.Reporter:74 - 2026-04-24T20:06:27.435Z
Insert transactions:
==========
11 ops per second (120 total)
7800 records per second (78000 total)
505.716667 ms mean duration
percentiles: [P95: 886]
650.000000 / 650.000000 / 650.000000 Batch size avg / min / max
[util %: 606.496102 -- report computed in 0]
2026-04-24 16:06:37.446 [pool-1-thread-1] INFO  o.s.loadsimrunner.report.Reporter:74 - 2026-04-24T20:06:37.445Z
Insert transactions:
==========
9 ops per second (92 total)
5980 records per second (59800 total)
643.532609 ms mean duration
percentiles: [P95: 945]
650.000000 / 650.000000 / 650.000000 Batch size avg / min / max
[util %: 591.458541 -- report computed in 0]
2026-04-24 16:06:47.454 [pool-1-thread-1] INFO  o.s.loadsimrunner.report.Reporter:74 - 2026-04-24T20:06:47.453Z
Insert transactions:
==========
13 ops per second (132 total)
8580 records per second (85800 total)
453.537879 ms mean duration
percentiles: [P95: 648]
650.000000 / 650.000000 / 650.000000 Batch size avg / min / max
[util %: 598.191447 -- report computed in 0]
2026-04-24 16:06:57.462 [pool-1-thread-1] INFO  o.s.loadsimrunner.report.Reporter:74 - 2026-04-24T20:06:57.462Z
Insert transactions:
==========
14 ops per second (145 total)
9425 records per second (94250 total)
402.124138 ms mean duration
percentiles: [P95: 513]
650.000000 / 650.000000 / 650.000000 Batch size avg / min / max
[util %: 582.555700 -- report computed in 0]
2026-04-24 16:07:07.471 [pool-1-thread-1] INFO  o.s.loadsimrunner.report.Reporter:74 - 2026-04-24T20:07:07.471Z
Insert transactions:
==========
15 ops per second (152 total)
9880 records per second (98800 total)
391.269737 ms mean duration
percentiles: [P95: 491]
650.000000 / 650.000000 / 650.000000 Batch size avg / min / max
[util %: 594.195224 -- report computed in 0]
2026-04-24 16:07:17.481 [pool-1-thread-1] INFO  o.s.loadsimrunner.report.Reporter:74 - 2026-04-24T20:07:17.481Z
Insert transactions:
==========
14 ops per second (146 total)
9490 records per second (94900 total)
405.212329 ms mean duration
percentiles: [P95: 521]
650.000000 / 650.000000 / 650.000000 Batch size avg / min / max
[util %: 591.018981 -- report computed in 0]
2026-04-24 16:07:27.490 [pool-1-thread-1] INFO  o.s.loadsimrunner.report.Reporter:74 - 2026-04-24T20:07:27.489Z
Insert transactions:
==========
13 ops per second (133 total)
8645 records per second (86450 total)
436.593985 ms mean duration
percentiles: [P95: 903]
650.000000 / 650.000000 / 650.000000 Batch size avg / min / max
[util %: 580.205835 -- report computed in 1]
2026-04-24 16:07:37.500 [pool-1-thread-1] INFO  o.s.loadsimrunner.report.Reporter:74 - 2026-04-24T20:07:37.500Z
Insert transactions:
==========
7 ops per second (78 total)
5070 records per second (50700 total)
777.243590 ms mean duration
percentiles: [P95: 1420]
650.000000 / 650.000000 / 650.000000 Batch size avg / min / max
[util %: 605.583858 -- report computed in 0]
2026-04-24 16:07:47.509 [pool-1-thread-1] INFO  o.s.loadsimrunner.report.Reporter:74 - 2026-04-24T20:07:47.508Z
Insert transactions:
==========
14 ops per second (143 total)
9295 records per second (92950 total)
414.083916 ms mean duration
percentiles: [P95: 626]
650.000000 / 650.000000 / 650.000000 Batch size avg / min / max
[util %: 591.666667 -- report computed in 0]
2026-04-24 16:07:57.513 [pool-1-thread-1] INFO  o.s.loadsimrunner.report.Reporter:74 - 2026-04-24T20:07:57.513Z
Insert transactions:
==========
11 ops per second (111 total)
7215 records per second (72150 total)
504.009009 ms mean duration
percentiles: [P95: 872]
650.000000 / 650.000000 / 650.000000 Batch size avg / min / max
[util %: 559.170415 -- report computed in 0]
2026-04-24 16:08:07.524 [pool-1-thread-1] INFO  o.s.loadsimrunner.report.Reporter:74 - 2026-04-24T20:08:07.523Z
Insert transactions:
==========
7 ops per second (79 total)
5135 records per second (51350 total)
780.936709 ms mean duration
percentiles: [P95: 998]
650.000000 / 650.000000 / 650.000000 Batch size avg / min / max
[util %: 616.323676 -- report computed in 0]
2026-04-24 16:08:17.530 [pool-1-thread-1] INFO  o.s.loadsimrunner.report.Reporter:74 - 2026-04-24T20:08:17.530Z
Insert transactions:
==========
12 ops per second (121 total)
7865 records per second (78650 total)
492.198347 ms mean duration
percentiles: [P95: 711]
650.000000 / 650.000000 / 650.000000 Batch size avg / min / max
[util %: 595.143400 -- report computed in 0]
2026-04-24 16:08:27.540 [pool-1-thread-1] INFO  o.s.loadsimrunner.report.Reporter:74 - 2026-04-24T20:08:27.540Z
Insert transactions:
==========
11 ops per second (115 total)
7475 records per second (74750 total)
498.617391 ms mean duration
percentiles: [P95: 626]
650.000000 / 650.000000 / 650.000000 Batch size avg / min / max
[util %: 572.837163 -- report computed in 0]
2026-04-24 16:08:37.548 [pool-1-thread-1] INFO  o.s.loadsimrunner.report.Reporter:74 - 2026-04-24T20:08:37.548Z
Insert transactions:
==========
12 ops per second (127 total)
8255 records per second (82550 total)
478.535433 ms mean duration
percentiles: [P95: 578]
650.000000 / 650.000000 / 650.000000 Batch size avg / min / max
[util %: 607.254197 -- report computed in 0]
2026-04-24 16:08:47.559 [pool-1-thread-1] INFO  o.s.loadsimrunner.report.Reporter:74 - 2026-04-24T20:08:47.558Z
Insert transactions:
==========
13 ops per second (138 total)
8970 records per second (89700 total)
426.927536 ms mean duration
percentiles: [P95: 503]
650.000000 / 650.000000 / 650.000000 Batch size avg / min / max
[util %: 588.571429 -- report computed in 0]
2026-04-24 16:08:57.569 [pool-1-thread-1] INFO  o.s.loadsimrunner.report.Reporter:74 - 2026-04-24T20:08:57.568Z
Insert transactions:
==========
14 ops per second (144 total)
9360 records per second (93600 total)
411.055556 ms mean duration
percentiles: [P95: 564]
650.000000 / 650.000000 / 650.000000 Batch size avg / min / max
[util %: 591.328671 -- report computed in 0]
2026-04-24 16:09:07.575 [pool-1-thread-1] INFO  o.s.loadsimrunner.report.Reporter:74 - 2026-04-24T20:09:07.575Z
Insert transactions:
==========
8 ops per second (89 total)
5785 records per second (57850 total)
615.314607 ms mean duration
percentiles: [P95: 1451]
650.000000 / 650.000000 / 650.000000 Batch size avg / min / max
[util %: 547.246927 -- report computed in 0]
2026-04-24 16:09:17.582 [pool-1-thread-1] INFO  o.s.loadsimrunner.report.Reporter:74 - 2026-04-24T20:09:17.582Z
Insert transactions:
==========
12 ops per second (121 total)
7865 records per second (78650 total)
531.785124 ms mean duration
percentiles: [P95: 1317]
650.000000 / 650.000000 / 650.000000 Batch size avg / min / max
[util %: 643.009893 -- report computed in 0]
2026-04-24 16:09:27.591 [pool-1-thread-1] INFO  o.s.loadsimrunner.report.Reporter:74 - 2026-04-24T20:09:27.588Z
Insert transactions:
==========
11 ops per second (116 total)
7540 records per second (75400 total)
490.413793 ms mean duration
percentiles: [P95: 905]
650.000000 / 650.000000 / 650.000000 Batch size avg / min / max
[util %: 568.538877 -- report computed in 1]
2026-04-24 16:09:37.596 [pool-1-thread-1] INFO  o.s.loadsimrunner.report.Reporter:74 - 2026-04-24T20:09:37.596Z
Insert transactions:
==========
10 ops per second (109 total)
7085 records per second (70850 total)
571.302752 ms mean duration
percentiles: [P95: 814]
650.000000 / 650.000000 / 650.000000 Batch size avg / min / max
[util %: 622.222222 -- report computed in 0]
2026-04-24 16:09:47.607 [pool-1-thread-1] INFO  o.s.loadsimrunner.report.Reporter:74 - 2026-04-24T20:09:47.606Z
Insert transactions:
==========
12 ops per second (127 total)
8255 records per second (82550 total)
468.188976 ms mean duration
percentiles: [P95: 626]
650.000000 / 650.000000 / 650.000000 Batch size avg / min / max
[util %: 594.005994 -- report computed in 0]
2026-04-24 16:09:57.615 [pool-1-thread-1] INFO  o.s.loadsimrunner.report.Reporter:74 - 2026-04-24T20:09:57.615Z
Insert transactions:
==========
13 ops per second (136 total)
8840 records per second (88400 total)
427.161765 ms mean duration
percentiles: [P95: 537]
650.000000 / 650.000000 / 650.000000 Batch size avg / min / max
[util %: 580.417624 -- report computed in 0]
2026-04-24 16:10:07.616 [pool-1-thread-1] INFO  o.s.loadsimrunner.report.Reporter:74 - 2026-04-24T20:10:07.616Z
Insert transactions:
==========
13 ops per second (140 total)
9100 records per second (91000 total)
430.742857 ms mean duration
percentiles: [P95: 544]
650.000000 / 650.000000 / 650.000000 Batch size avg / min / max
[util %: 602.979702 -- report computed in 0]
2026-04-24 16:10:17.627 [pool-1-thread-1] INFO  o.s.loadsimrunner.report.Reporter:74 - 2026-04-24T20:10:17.626Z
Insert transactions:
==========
10 ops per second (102 total)
6630 records per second (66300 total)
562.950980 ms mean duration
percentiles: [P95: 819]
650.000000 / 650.000000 / 650.000000 Batch size avg / min / max
[util %: 573.636364 -- report computed in 0]
2026-04-24 16:10:27.630 [pool-1-thread-1] INFO  o.s.loadsimrunner.report.Reporter:74 - 2026-04-24T20:10:27.630Z
Insert transactions:
==========
10 ops per second (108 total)
7020 records per second (70200 total)
542.101852 ms mean duration
percentiles: [P95: 628]
650.000000 / 650.000000 / 650.000000 Batch size avg / min / max
[util %: 585.235906 -- report computed in 0]
2026-04-24 16:10:37.634 [pool-1-thread-1] INFO  o.s.loadsimrunner.report.Reporter:74 - 2026-04-24T20:10:37.632Z
Insert transactions:
==========
12 ops per second (123 total)
7995 records per second (79950 total)
488.382114 ms mean duration
percentiles: [P95: 603]
650.000000 / 650.000000 / 650.000000 Batch size avg / min / max
[util %: 600.589882 -- report computed in 0]
2026-04-24 16:10:47.642 [pool-1-thread-1] INFO  o.s.loadsimrunner.report.Reporter:74 - 2026-04-24T20:10:47.642Z
Insert transactions:
==========
13 ops per second (135 total)
8775 records per second (87750 total)
444.681481 ms mean duration
percentiles: [P95: 584]
650.000000 / 650.000000 / 650.000000 Batch size avg / min / max
[util %: 599.720280 -- report computed in 0]
2026-04-24 16:10:57.650 [pool-1-thread-1] INFO  o.s.loadsimrunner.report.Reporter:74 - 2026-04-24T20:10:57.649Z
Insert transactions:
==========
11 ops per second (118 total)
7670 records per second (76700 total)
481.076271 ms mean duration
percentiles: [P95: 728]
650.000000 / 650.000000 / 650.000000 Batch size avg / min / max
[util %: 567.272909 -- report computed in 0]
2026-04-24 16:11:07.659 [pool-1-thread-1] INFO  o.s.loadsimrunner.report.Reporter:74 - 2026-04-24T20:11:07.658Z
Insert transactions:
==========
12 ops per second (126 total)
8190 records per second (81900 total)
490.214286 ms mean duration
percentiles: [P95: 855]
650.000000 / 650.000000 / 650.000000 Batch size avg / min / max
[util %: 617.114597 -- report computed in 0]
2026-04-24 16:11:17.668 [pool-1-thread-1] INFO  o.s.loadsimrunner.report.Reporter:74 - 2026-04-24T20:11:17.668Z
Insert transactions:
==========
12 ops per second (128 total)
8320 records per second (83200 total)
457.492188 ms mean duration
percentiles: [P95: 580]
650.000000 / 650.000000 / 650.000000 Batch size avg / min / max
[util %: 585.004995 -- report computed in 0]
2026-04-24 16:11:27.671 [pool-1-thread-1] INFO  o.s.loadsimrunner.report.Reporter:74 - 2026-04-24T20:11:27.671Z
Insert transactions:
==========
14 ops per second (144 total)
9360 records per second (93600 total)
418.958333 ms mean duration
percentiles: [P95: 484]
650.000000 / 650.000000 / 650.000000 Batch size avg / min / max
[util %: 603.119064 -- report computed in 0]
2026-04-24 16:11:37.677 [pool-1-thread-1] INFO  o.s.loadsimrunner.report.Reporter:74 - 2026-04-24T20:11:37.677Z
Insert transactions:
==========
15 ops per second (155 total)
10075 records per second (100750 total)
375.012903 ms mean duration
percentiles: [P95: 519]
650.000000 / 650.000000 / 650.000000 Batch size avg / min / max
[util %: 580.921447 -- report computed in 0]
2026-04-24 16:11:47.680 [pool-1-thread-1] INFO  o.s.loadsimrunner.report.Reporter:74 - 2026-04-24T20:11:47.679Z
Insert transactions:
==========
15 ops per second (153 total)
9945 records per second (99450 total)
393.333333 ms mean duration
percentiles: [P95: 581]
650.000000 / 650.000000 / 650.000000 Batch size avg / min / max
[util %: 601.679664 -- report computed in 0]
2026-04-24 16:11:57.684 [pool-1-thread-1] INFO  o.s.loadsimrunner.report.Reporter:74 - 2026-04-24T20:11:57.684Z
Insert transactions:
==========
10 ops per second (105 total)
6825 records per second (68250 total)
555.076190 ms mean duration
percentiles: [P95: 1383]
650.000000 / 650.000000 / 650.000000 Batch size avg / min / max
[util %: 582.538731 -- report computed in 0]
2026-04-24 16:12:07.686 [pool-1-thread-1] INFO  o.s.loadsimrunner.report.Reporter:74 - 2026-04-24T20:12:07.685Z
Insert transactions:
==========
10 ops per second (102 total)
6630 records per second (66300 total)
588.696078 ms mean duration
percentiles: [P95: 1063]
650.000000 / 650.000000 / 650.000000 Batch size avg / min / max
[util %: 600.409959 -- report computed in 0]
2026-04-24 16:12:17.688 [pool-1-thread-1] INFO  o.s.loadsimrunner.report.Reporter:74 - 2026-04-24T20:12:17.688Z
Insert transactions:
==========
11 ops per second (119 total)
7735 records per second (77350 total)
494.613445 ms mean duration
percentiles: [P95: 765]
650.000000 / 650.000000 / 650.000000 Batch size avg / min / max
[util %: 588.413476 -- report computed in 0]
2026-04-24 16:12:27.699 [pool-1-thread-1] INFO  o.s.loadsimrunner.report.Reporter:74 - 2026-04-24T20:12:27.698Z
Insert transactions:
==========
10 ops per second (105 total)
6825 records per second (68250 total)
541.009524 ms mean duration
percentiles: [P95: 803]
650.000000 / 650.000000 / 650.000000 Batch size avg / min / max
[util %: 567.492507 -- report computed in 0]
2026-04-24 16:12:37.707 [pool-1-thread-1] INFO  o.s.loadsimrunner.report.Reporter:74 - 2026-04-24T20:12:37.707Z
Insert transactions:
==========
13 ops per second (136 total)
8840 records per second (88400 total)
455.323529 ms mean duration
percentiles: [P95: 621]
650.000000 / 650.000000 / 650.000000 Batch size avg / min / max
[util %: 618.683185 -- report computed in 0]
2026-04-24 16:12:47.708 [pool-1-thread-1] INFO  o.s.loadsimrunner.report.Reporter:74 - 2026-04-24T20:12:47.708Z
Insert transactions:
==========
13 ops per second (134 total)
8710 records per second (87100 total)
443.470149 ms mean duration
percentiles: [P95: 596]
650.000000 / 650.000000 / 650.000000 Batch size avg / min / max
[util %: 594.190581 -- report computed in 0]
2026-04-24 16:12:57.645 [pool-1-thread-1] INFO  o.s.loadsimrunner.report.Reporter:74 - 2026-04-24T20:12:57.644Z
Insert transactions:
==========
13 ops per second (131 total)
9461 records per second (85150 total)
444.045802 ms mean duration
percentiles: [P95: 575]
650.000000 / 650.000000 / 650.000000 Batch size avg / min / max
[util %: 585.446860 -- report computed in 0]
2026-04-24 16:13:07.657 [pool-1-thread-1] INFO  o.s.loadsimrunner.report.Reporter:74 - 2026-04-24T20:13:07.654Z
Insert transactions:
==========
11 ops per second (120 total)
7800 records per second (78000 total)
474.008333 ms mean duration
percentiles: [P95: 589]
650.000000 / 650.000000 / 650.000000 Batch size avg / min / max
[util %: 568.241758 -- report computed in 0]
2026-04-24 16:13:17.658 [pool-1-thread-1] INFO  o.s.loadsimrunner.report.Reporter:74 - 2026-04-24T20:13:17.658Z
Insert transactions:
==========
13 ops per second (134 total)
8710 records per second (87100 total)
460.985075 ms mean duration
percentiles: [P95: 551]
650.000000 / 650.000000 / 650.000000 Batch size avg / min / max
[util %: 617.473011 -- report computed in 0]
2026-04-24 16:13:27.668 [pool-1-thread-1] INFO  o.s.loadsimrunner.report.Reporter:74 - 2026-04-24T20:13:27.668Z
Insert transactions:
==========
14 ops per second (146 total)
9490 records per second (94900 total)
406.020548 ms mean duration
percentiles: [P95: 544]
650.000000 / 650.000000 / 650.000000 Batch size avg / min / max
[util %: 592.197802 -- report computed in 0]
2026-04-24 16:13:37.678 [pool-1-thread-1] INFO  o.s.loadsimrunner.report.Reporter:74 - 2026-04-24T20:13:37.678Z
Insert transactions:
==========
8 ops per second (85 total)
5525 records per second (55250 total)
686.435294 ms mean duration
percentiles: [P95: 1095]
650.000000 / 650.000000 / 650.000000 Batch size avg / min / max
[util %: 582.887113 -- report computed in 0]
2026-04-24 16:13:47.688 [pool-1-thread-1] INFO  o.s.loadsimrunner.report.Reporter:74 - 2026-04-24T20:13:47.688Z
Insert transactions:
==========
7 ops per second (79 total)
5135 records per second (51350 total)
710.531646 ms mean duration
percentiles: [P95: 1206]
650.000000 / 650.000000 / 650.000000 Batch size avg / min / max
[util %: 560.759241 -- report computed in 0]
2026-04-24 16:13:57.697 [pool-1-thread-1] INFO  o.s.loadsimrunner.report.Reporter:74 - 2026-04-24T20:13:57.693Z
Insert transactions:
==========
9 ops per second (98 total)
6370 records per second (63700 total)
627.428571 ms mean duration
percentiles: [P95: 1126]
650.000000 / 650.000000 / 650.000000 Batch size avg / min / max
[util %: 614.572714 -- report computed in 0]
2026-04-24 16:14:07.696 [pool-1-thread-1] INFO  o.s.loadsimrunner.report.Reporter:74 - 2026-04-24T20:14:07.696Z
Insert transactions:
==========
12 ops per second (122 total)
7930 records per second (79300 total)
492.196721 ms mean duration
percentiles: [P95: 590]
650.000000 / 650.000000 / 650.000000 Batch size avg / min / max
[util %: 600.299910 -- report computed in 0]
2026-04-24 16:14:17.702 [pool-1-thread-1] INFO  o.s.loadsimrunner.report.Reporter:74 - 2026-04-24T20:14:17.701Z
Insert transactions:
==========
12 ops per second (127 total)
8255 records per second (82550 total)
458.377953 ms mean duration
percentiles: [P95: 540]
650.000000 / 650.000000 / 650.000000 Batch size avg / min / max
[util %: 581.849075 -- report computed in 0]
2026-04-24 16:14:27.712 [pool-1-thread-1] INFO  o.s.loadsimrunner.report.Reporter:74 - 2026-04-24T20:14:27.711Z
Insert transactions:
==========
13 ops per second (133 total)
8645 records per second (86450 total)
444.766917 ms mean duration
percentiles: [P95: 581]
650.000000 / 650.000000 / 650.000000 Batch size avg / min / max
[util %: 590.949051 -- report computed in 0]
2026-04-24 16:14:37.719 [pool-1-thread-1] INFO  o.s.loadsimrunner.report.Reporter:74 - 2026-04-24T20:14:37.719Z
Insert transactions:
==========
13 ops per second (140 total)
9100 records per second (91000 total)
424.721429 ms mean duration
percentiles: [P95: 613]
650.000000 / 650.000000 / 650.000000 Batch size avg / min / max
[util %: 594.134692 -- report computed in 0]
2026-04-24 16:14:47.730 [pool-1-thread-1] INFO  o.s.loadsimrunner.report.Reporter:74 - 2026-04-24T20:14:47.729Z
Insert transactions:
==========
14 ops per second (147 total)
9555 records per second (95550 total)
399.190476 ms mean duration
percentiles: [P95: 509]
650.000000 / 650.000000 / 650.000000 Batch size avg / min / max
[util %: 586.223776 -- report computed in 0]
2026-04-24 16:14:57.737 [pool-1-thread-1] INFO  o.s.loadsimrunner.report.Reporter:74 - 2026-04-24T20:14:57.737Z
Insert transactions:
==========
12 ops per second (123 total)
7995 records per second (79950 total)
500.910569 ms mean duration
percentiles: [P95: 749]
650.000000 / 650.000000 / 650.000000 Batch size avg / min / max
[util %: 615.627498 -- report computed in 0]
2026-04-24 16:15:07.747 [pool-1-thread-1] INFO  o.s.loadsimrunner.report.Reporter:74 - 2026-04-24T20:15:07.747Z
Insert transactions:
==========
11 ops per second (111 total)
7215 records per second (72150 total)
531.792793 ms mean duration
percentiles: [P95: 886]
650.000000 / 650.000000 / 650.000000 Batch size avg / min / max
[util %: 589.700300 -- report computed in 0]
2026-04-24 16:15:17.757 [pool-1-thread-1] INFO  o.s.loadsimrunner.report.Reporter:74 - 2026-04-24T20:15:17.756Z
Insert transactions:
==========
9 ops per second (100 total)
6500 records per second (65000 total)
567.680000 ms mean duration
percentiles: [P95: 787]
650.000000 / 650.000000 / 650.000000 Batch size avg / min / max
[util %: 567.169547 -- report computed in 0]
2026-04-24 16:15:27.765 [pool-1-thread-1] INFO  o.s.loadsimrunner.report.Reporter:74 - 2026-04-24T20:15:27.765Z
Insert transactions:
==========
11 ops per second (119 total)
7735 records per second (77350 total)
517.134454 ms mean duration
percentiles: [P95: 690]
650.000000 / 650.000000 / 650.000000 Batch size avg / min / max
[util %: 614.836647 -- report computed in 0]
2026-04-24 16:15:37.775 [pool-1-thread-1] INFO  o.s.loadsimrunner.report.Reporter:74 - 2026-04-24T20:15:37.774Z
Insert transactions:
==========
11 ops per second (116 total)
7540 records per second (75400 total)
496.155172 ms mean duration
percentiles: [P95: 730]
650.000000 / 650.000000 / 650.000000 Batch size avg / min / max
[util %: 575.022480 -- report computed in 0]
2026-04-24 16:15:47.775 [pool-1-thread-1] INFO  o.s.loadsimrunner.report.Reporter:74 - 2026-04-24T20:15:47.775Z
Insert transactions:
==========
12 ops per second (130 total)
8450 records per second (84500 total)
472.146154 ms mean duration
percentiles: [P95: 588]
650.000000 / 650.000000 / 650.000000 Batch size avg / min / max
[util %: 613.728627 -- report computed in 0]
2026-04-24 16:15:57.785 [pool-1-thread-1] INFO  o.s.loadsimrunner.report.Reporter:74 - 2026-04-24T20:15:57.785Z
Insert transactions:
==========
13 ops per second (134 total)
8710 records per second (87100 total)
438.559701 ms mean duration
percentiles: [P95: 505]
650.000000 / 650.000000 / 650.000000 Batch size avg / min / max
[util %: 587.082917 -- report computed in 0]
2026-04-24 16:16:07.800 [pool-1-thread-1] INFO  o.s.loadsimrunner.report.Reporter:74 - 2026-04-24T20:16:07.800Z
Insert transactions:
==========
13 ops per second (140 total)
9100 records per second (91000 total)
414.421429 ms mean duration
percentiles: [P95: 496]
650.000000 / 650.000000 / 650.000000 Batch size avg / min / max
[util %: 579.321018 -- report computed in 0]
2026-04-24 16:16:17.810 [pool-1-thread-1] INFO  o.s.loadsimrunner.report.Reporter:74 - 2026-04-24T20:16:17.810Z
Insert transactions:
==========
12 ops per second (127 total)
8255 records per second (82550 total)
469.000000 ms mean duration
percentiles: [P95: 849]
650.000000 / 650.000000 / 650.000000 Batch size avg / min / max
[util %: 595.034965 -- report computed in 0]
2026-04-24 16:16:27.818 [pool-1-thread-1] INFO  o.s.loadsimrunner.report.Reporter:74 - 2026-04-24T20:16:27.817Z
Insert transactions:
==========
13 ops per second (131 total)
8515 records per second (85150 total)
456.618321 ms mean duration
percentiles: [P95: 710]
650.000000 / 650.000000 / 650.000000 Batch size avg / min / max
[util %: 597.751574 -- report computed in 0]
2026-04-24 16:16:37.825 [pool-1-thread-1] INFO  o.s.loadsimrunner.report.Reporter:74 - 2026-04-24T20:16:37.824Z
Insert transactions:
==========
12 ops per second (122 total)
7930 records per second (79300 total)
473.040984 ms mean duration
percentiles: [P95: 649]
650.000000 / 650.000000 / 650.000000 Batch size avg / min / max
[util %: 576.706306 -- report computed in 0]
2026-04-24 16:16:47.835 [pool-1-thread-1] INFO  o.s.loadsimrunner.report.Reporter:74 - 2026-04-24T20:16:47.835Z
Insert transactions:
==========
11 ops per second (112 total)
7280 records per second (72800 total)
541.250000 ms mean duration
percentiles: [P95: 931]
650.000000 / 650.000000 / 650.000000 Batch size avg / min / max
[util %: 605.533913 -- report computed in 0]
2026-04-24 16:16:57.843 [pool-1-thread-1] INFO  o.s.loadsimrunner.report.Reporter:74 - 2026-04-24T20:16:57.842Z
Insert transactions:
==========
10 ops per second (107 total)
6955 records per second (69550 total)
555.682243 ms mean duration
percentiles: [P95: 738]
650.000000 / 650.000000 / 650.000000 Batch size avg / min / max
[util %: 594.164085 -- report computed in 1]
2026-04-24 16:17:07.852 [pool-1-thread-1] INFO  o.s.loadsimrunner.report.Reporter:74 - 2026-04-24T20:17:07.852Z
Insert transactions:
==========
11 ops per second (115 total)
7475 records per second (74750 total)
507.495652 ms mean duration
percentiles: [P95: 633]
650.000000 / 650.000000 / 650.000000 Batch size avg / min / max
[util %: 583.036963 -- report computed in 0]
2026-04-24 16:17:17.859 [pool-1-thread-1] INFO  o.s.loadsimrunner.report.Reporter:74 - 2026-04-24T20:17:17.858Z
Insert transactions:
==========
12 ops per second (128 total)
8320 records per second (83200 total)
472.656250 ms mean duration
percentiles: [P95: 823]
650.000000 / 650.000000 / 650.000000 Batch size avg / min / max
[util %: 604.637218 -- report computed in 0]
2026-04-24 16:17:27.858 [pool-1-thread-1] INFO  o.s.loadsimrunner.report.Reporter:74 - 2026-04-24T20:17:27.858Z
Insert transactions:
==========
14 ops per second (141 total)
9165 records per second (91650 total)
417.255319 ms mean duration
percentiles: [P95: 613]
650.000000 / 650.000000 / 650.000000 Batch size avg / min / max
[util %: 588.330000 -- report computed in 0]
2026-04-24 16:17:37.867 [pool-1-thread-1] INFO  o.s.loadsimrunner.report.Reporter:74 - 2026-04-24T20:17:37.867Z
Insert transactions:
==========
13 ops per second (140 total)
9100 records per second (91000 total)
412.214286 ms mean duration
percentiles: [P95: 576]
650.000000 / 650.000000 / 650.000000 Batch size avg / min / max
[util %: 576.581077 -- report computed in 0]
2026-04-24 16:17:47.878 [pool-1-thread-1] INFO  o.s.loadsimrunner.report.Reporter:74 - 2026-04-24T20:17:47.877Z
Insert transactions:
==========
15 ops per second (152 total)
9880 records per second (98800 total)
391.131579 ms mean duration
percentiles: [P95: 510]
650.000000 / 650.000000 / 650.000000 Batch size avg / min / max
[util %: 593.926074 -- report computed in 0]
2026-04-24 16:17:57.888 [pool-1-thread-1] INFO  o.s.loadsimrunner.report.Reporter:74 - 2026-04-24T20:17:57.887Z
Insert transactions:
==========
14 ops per second (146 total)
9490 records per second (94900 total)
406.239726 ms mean duration
percentiles: [P95: 661]
650.000000 / 650.000000 / 650.000000 Batch size avg / min / max
[util %: 592.517483 -- report computed in 0]
2026-04-24 16:18:07.891 [pool-1-thread-1] INFO  o.s.loadsimrunner.report.Reporter:74 - 2026-04-24T20:18:07.891Z
Insert transactions:
==========
11 ops per second (112 total)
7280 records per second (72800 total)
520.276786 ms mean duration
percentiles: [P95: 875]
650.000000 / 650.000000 / 650.000000 Batch size avg / min / max
[util %: 582.477009 -- report computed in 0]
2026-04-24 16:18:17.901 [pool-1-thread-1] INFO  o.s.loadsimrunner.report.Reporter:74 - 2026-04-24T20:18:17.901Z
Insert transactions:
==========
11 ops per second (115 total)
7475 records per second (74750 total)
523.643478 ms mean duration
percentiles: [P95: 1028]
650.000000 / 650.000000 / 650.000000 Batch size avg / min / max
[util %: 601.588412 -- report computed in 0]
2026-04-24 16:18:27.911 [pool-1-thread-1] INFO  o.s.loadsimrunner.report.Reporter:74 - 2026-04-24T20:18:27.911Z
Insert transactions:
==========
10 ops per second (108 total)
7020 records per second (70200 total)
531.750000 ms mean duration
percentiles: [P95: 697]
650.000000 / 650.000000 / 650.000000 Batch size avg / min / max
[util %: 573.716284 -- report computed in 0]
2026-04-24 16:18:37.912 [pool-1-thread-1] INFO  o.s.loadsimrunner.report.Reporter:74 - 2026-04-24T20:18:37.912Z
Insert transactions:
==========
9 ops per second (100 total)
6500 records per second (65000 total)
603.690000 ms mean duration
percentiles: [P95: 819]
650.000000 / 650.000000 / 650.000000 Batch size avg / min / max
[util %: 603.629637 -- report computed in 0]
2026-04-24 16:18:47.922 [pool-1-thread-1] INFO  o.s.loadsimrunner.report.Reporter:74 - 2026-04-24T20:18:47.921Z
Insert transactions:
==========
12 ops per second (124 total)
8060 records per second (80600 total)
475.879032 ms mean duration
percentiles: [P95: 596]
650.000000 / 650.000000 / 650.000000 Batch size avg / min / max
[util %: 589.559397 -- report computed in 0]
2026-04-24 16:18:57.928 [pool-1-thread-1] INFO  o.s.loadsimrunner.report.Reporter:74 - 2026-04-24T20:18:57.928Z
Insert transactions:
==========
13 ops per second (134 total)
8710 records per second (87100 total)
450.701493 ms mean duration
percentiles: [P95: 577]
650.000000 / 650.000000 / 650.000000 Batch size avg / min / max
[util %: 603.517538 -- report computed in 0]
2026-04-24 16:19:07.937 [pool-1-thread-1] INFO  o.s.loadsimrunner.report.Reporter:74 - 2026-04-24T20:19:07.937Z
Insert transactions:
==========
14 ops per second (141 total)
9165 records per second (91650 total)
411.177305 ms mean duration
percentiles: [P95: 497]
650.000000 / 650.000000 / 650.000000 Batch size avg / min / max
[util %: 579.238685 -- report computed in 0]
2026-04-24 16:19:17.945 [pool-1-thread-1] INFO  o.s.loadsimrunner.report.Reporter:74 - 2026-04-24T20:19:17.944Z
Insert transactions:
==========
14 ops per second (143 total)
9295 records per second (92950 total)
409.125874 ms mean duration
percentiles: [P95: 544]
650.000000 / 650.000000 / 650.000000 Batch size avg / min / max
[util %: 584.640751 -- report computed in 0]
2026-04-24 16:19:27.955 [pool-1-thread-1] INFO  o.s.loadsimrunner.report.Reporter:74 - 2026-04-24T20:19:27.954Z
Insert transactions:
==========
15 ops per second (152 total)
9880 records per second (98800 total)
402.710526 ms mean duration
percentiles: [P95: 525]
650.000000 / 650.000000 / 650.000000 Batch size avg / min / max
[util %: 611.508492 -- report computed in 1]
2026-04-24 16:19:37.962 [pool-1-thread-1] INFO  o.s.loadsimrunner.report.Reporter:74 - 2026-04-24T20:19:37.961Z
Insert transactions:
==========
10 ops per second (105 total)
6825 records per second (68250 total)
560.533333 ms mean duration
percentiles: [P95: 927]
650.000000 / 650.000000 / 650.000000 Batch size avg / min / max
[util %: 588.148296 -- report computed in 0]
2026-04-24 16:19:47.969 [pool-1-thread-1] INFO  o.s.loadsimrunner.report.Reporter:74 - 2026-04-24T20:19:47.969Z
Insert transactions:
==========
9 ops per second (95 total)
6175 records per second (61750 total)
614.136842 ms mean duration
percentiles: [P95: 1030]
650.000000 / 650.000000 / 650.000000 Batch size avg / min / max
[util %: 582.963629 -- report computed in 0]
2026-04-24 16:19:57.979 [pool-1-thread-1] INFO  o.s.loadsimrunner.report.Reporter:74 - 2026-04-24T20:19:57.979Z
Insert transactions:
==========
9 ops per second (91 total)
5915 records per second (59150 total)
655.516484 ms mean duration
percentiles: [P95: 791]
650.000000 / 650.000000 / 650.000000 Batch size avg / min / max
[util %: 595.924076 -- report computed in 0]
2026-04-24 16:20:07.987 [pool-1-thread-1] INFO  o.s.loadsimrunner.report.Reporter:74 - 2026-04-24T20:20:07.986Z
Insert transactions:
==========
11 ops per second (118 total)
7670 records per second (76700 total)
513.644068 ms mean duration
percentiles: [P95: 728]
650.000000 / 650.000000 / 650.000000 Batch size avg / min / max
[util %: 605.676027 -- report computed in 0]
2026-04-24 16:20:17.997 [pool-1-thread-1] INFO  o.s.loadsimrunner.report.Reporter:74 - 2026-04-24T20:20:17.996Z
Insert transactions:
==========
8 ops per second (84 total)
5460 records per second (54600 total)
677.571429 ms mean duration
percentiles: [P95: 925]
650.000000 / 650.000000 / 650.000000 Batch size avg / min / max
[util %: 568.591409 -- report computed in 1]
2026-04-24 16:20:28.002 [pool-1-thread-1] INFO  o.s.loadsimrunner.report.Reporter:74 - 2026-04-24T20:20:28.002Z
Insert transactions:
==========
12 ops per second (127 total)
8255 records per second (82550 total)
480.480315 ms mean duration
percentiles: [P95: 658]
650.000000 / 650.000000 / 650.000000 Batch size avg / min / max
[util %: 609.844094 -- report computed in 0]
2026-04-24 16:20:38.012 [pool-1-thread-1] INFO  o.s.loadsimrunner.report.Reporter:74 - 2026-04-24T20:20:38.012Z
Insert transactions:
==========
12 ops per second (128 total)
8320 records per second (83200 total)
451.734375 ms mean duration
percentiles: [P95: 536]
650.000000 / 650.000000 / 650.000000 Batch size avg / min / max
[util %: 577.642358 -- report computed in 0]
2026-04-24 16:20:48.015 [pool-1-thread-1] INFO  o.s.loadsimrunner.report.Reporter:74 - 2026-04-24T20:20:48.015Z
Insert transactions:
==========
14 ops per second (141 total)
9165 records per second (91650 total)
433.567376 ms mean duration
percentiles: [P95: 536]
650.000000 / 650.000000 / 650.000000 Batch size avg / min / max
[util %: 611.146656 -- report computed in 0]
2026-04-24 16:20:58.018 [pool-1-thread-1] INFO  o.s.loadsimrunner.report.Reporter:74 - 2026-04-24T20:20:58.018Z
Insert transactions:
==========
13 ops per second (140 total)
9100 records per second (91000 total)
415.842857 ms mean duration
percentiles: [P95: 556]
650.000000 / 650.000000 / 650.000000 Batch size avg / min / max
[util %: 582.005398 -- report computed in 0]
2026-04-24 16:21:08.025 [pool-1-thread-1] INFO  o.s.loadsimrunner.report.Reporter:74 - 2026-04-24T20:21:08.025Z
Insert transactions:
==========
13 ops per second (134 total)
8710 records per second (87100 total)
438.932836 ms mean duration
percentiles: [P95: 641]
650.000000 / 650.000000 / 650.000000 Batch size avg / min / max
[util %: 587.758569 -- report computed in 0]
2026-04-24 16:21:18.026 [pool-1-thread-1] INFO  o.s.loadsimrunner.report.Reporter:74 - 2026-04-24T20:21:18.026Z
Insert transactions:
==========
9 ops per second (95 total)
6175 records per second (61750 total)
634.210526 ms mean duration
percentiles: [P95: 1166]
650.000000 / 650.000000 / 650.000000 Batch size avg / min / max
[util %: 602.439756 -- report computed in 0]
2026-04-24 16:21:28.034 [pool-1-thread-1] INFO  o.s.loadsimrunner.report.Reporter:74 - 2026-04-24T20:21:28.034Z
Insert transactions:
==========
9 ops per second (91 total)
5915 records per second (59150 total)
641.307692 ms mean duration
percentiles: [P95: 801]
650.000000 / 650.000000 / 650.000000 Batch size avg / min / max
[util %: 583.123501 -- report computed in 0]
2026-04-24 16:21:38.045 [pool-1-thread-1] INFO  o.s.loadsimrunner.report.Reporter:74 - 2026-04-24T20:21:38.045Z
Insert transactions:
==========
8 ops per second (84 total)
5460 records per second (54600 total)
740.654762 ms mean duration
percentiles: [P95: 1003]
650.000000 / 650.000000 / 650.000000 Batch size avg / min / max
[util %: 621.466387 -- report computed in 0]
2026-04-24 16:21:48.053 [pool-1-thread-1] INFO  o.s.loadsimrunner.report.Reporter:74 - 2026-04-24T20:21:48.053Z
Insert transactions:
==========
10 ops per second (102 total)
6630 records per second (66300 total)
557.872549 ms mean duration
percentiles: [P95: 824]
650.000000 / 650.000000 / 650.000000 Batch size avg / min / max
[util %: 568.575140 -- report computed in 0]
2026-04-24 16:21:58.060 [pool-1-thread-1] INFO  o.s.loadsimrunner.report.Reporter:74 - 2026-04-24T20:21:58.060Z
Insert transactions:
==========
12 ops per second (121 total)
7865 records per second (78650 total)
502.603306 ms mean duration
percentiles: [P95: 591]
650.000000 / 650.000000 / 650.000000 Batch size avg / min / max
[util %: 607.724593 -- report computed in 0]
2026-04-24 16:22:08.068 [pool-1-thread-1] INFO  o.s.loadsimrunner.report.Reporter:74 - 2026-04-24T20:22:08.068Z
Insert transactions:
==========
12 ops per second (128 total)
8320 records per second (83200 total)
460.828125 ms mean duration
percentiles: [P95: 638]
650.000000 / 650.000000 / 650.000000 Batch size avg / min / max
[util %: 589.388489 -- report computed in 0]
2026-04-24 16:22:18.077 [pool-1-thread-1] INFO  o.s.loadsimrunner.report.Reporter:74 - 2026-04-24T20:22:18.077Z
Insert transactions:
==========
13 ops per second (135 total)
8775 records per second (87750 total)
448.792593 ms mean duration
percentiles: [P95: 537]
650.000000 / 650.000000 / 650.000000 Batch size avg / min / max
[util %: 605.325207 -- report computed in 0]
2026-04-24 16:22:28.087 [pool-1-thread-1] INFO  o.s.loadsimrunner.report.Reporter:74 - 2026-04-24T20:22:28.087Z
Insert transactions:
==========
12 ops per second (130 total)
8450 records per second (84500 total)
455.138462 ms mean duration
percentiles: [P95: 599]
650.000000 / 650.000000 / 650.000000 Batch size avg / min / max
[util %: 591.088911 -- report computed in 0]
2026-04-24 16:22:38.097 [pool-1-thread-1] INFO  o.s.loadsimrunner.report.Reporter:74 - 2026-04-24T20:22:38.097Z
Insert transactions:
==========
8 ops per second (86 total)
5590 records per second (55900 total)
642.000000 ms mean duration
percentiles: [P95: 1297]
650.000000 / 650.000000 / 650.000000 Batch size avg / min / max
[util %: 551.568432 -- report computed in 0]
2026-04-24 16:22:48.100 [pool-1-thread-1] INFO  o.s.loadsimrunner.report.Reporter:74 - 2026-04-24T20:22:48.100Z
Insert transactions:
==========
11 ops per second (116 total)
7540 records per second (75400 total)
544.724138 ms mean duration
percentiles: [P95: 1019]
650.000000 / 650.000000 / 650.000000 Batch size avg / min / max
[util %: 631.690493 -- report computed in 0]
2026-04-24 16:22:58.106 [pool-1-thread-1] INFO  o.s.loadsimrunner.report.Reporter:74 - 2026-04-24T20:22:58.106Z
Insert transactions:
==========
10 ops per second (103 total)
6695 records per second (66950 total)
589.825243 ms mean duration
percentiles: [P95: 978]
650.000000 / 650.000000 / 650.000000 Batch size avg / min / max
[util %: 607.155707 -- report computed in 0]
2026-04-24 16:23:08.114 [pool-1-thread-1] INFO  o.s.loadsimrunner.report.Reporter:74 - 2026-04-24T20:23:08.114Z
Insert transactions:
==========
8 ops per second (85 total)
5525 records per second (55250 total)
696.011765 ms mean duration
percentiles: [P95: 1068]
650.000000 / 650.000000 / 650.000000 Batch size avg / min / max
[util %: 591.137090 -- report computed in 0]
2026-04-24 16:23:18.122 [pool-1-thread-1] INFO  o.s.loadsimrunner.report.Reporter:74 - 2026-04-24T20:23:18.122Z
Insert transactions:
==========
11 ops per second (118 total)
7670 records per second (76700 total)
494.262712 ms mean duration
percentiles: [P95: 643]
650.000000 / 650.000000 / 650.000000 Batch size avg / min / max
[util %: 582.763789 -- report computed in 0]
2026-04-24 16:23:28.132 [pool-1-thread-1] INFO  o.s.loadsimrunner.report.Reporter:74 - 2026-04-24T20:23:28.131Z
Insert transactions:
==========
11 ops per second (114 total)
7410 records per second (74100 total)
525.710526 ms mean duration
percentiles: [P95: 627]
650.000000 / 650.000000 / 650.000000 Batch size avg / min / max
[util %: 598.771106 -- report computed in 1]
2026-04-24 16:23:38.134 [pool-1-thread-1] INFO  o.s.loadsimrunner.report.Reporter:74 - 2026-04-24T20:23:38.133Z
Insert transactions:
==========
11 ops per second (111 total)
7215 records per second (72150 total)
532.279279 ms mean duration
percentiles: [P95: 850]
650.000000 / 650.000000 / 650.000000 Batch size avg / min / max
[util %: 590.711858 -- report computed in 0]
2026-04-24 16:23:48.142 [pool-1-thread-1] INFO  o.s.loadsimrunner.report.Reporter:74 - 2026-04-24T20:23:48.142Z
Insert transactions:
==========
11 ops per second (113 total)
7345 records per second (73450 total)
522.203540 ms mean duration
percentiles: [P95: 665]
650.000000 / 650.000000 / 650.000000 Batch size avg / min / max
[util %: 589.559397 -- report computed in 0]
2026-04-24 16:23:58.147 [pool-1-thread-1] INFO  o.s.loadsimrunner.report.Reporter:74 - 2026-04-24T20:23:58.147Z
Insert transactions:
==========
9 ops per second (97 total)
6305 records per second (63050 total)
633.505155 ms mean duration
percentiles: [P95: 1218]
650.000000 / 650.000000 / 650.000000 Batch size avg / min / max
[util %: 614.192904 -- report computed in 0]
2026-04-24 16:24:08.157 [pool-1-thread-1] INFO  o.s.loadsimrunner.report.Reporter:74 - 2026-04-24T20:24:08.157Z
Insert transactions:
==========
10 ops per second (101 total)
6565 records per second (65650 total)
597.900990 ms mean duration
percentiles: [P95: 764]
650.000000 / 650.000000 / 650.000000 Batch size avg / min / max
[util %: 603.276723 -- report computed in 0]
2026-04-24 16:24:18.159 [pool-1-thread-1] INFO  o.s.loadsimrunner.report.Reporter:74 - 2026-04-24T20:24:18.159Z
Insert transactions:
==========
9 ops per second (96 total)
6240 records per second (62400 total)
604.062500 ms mean duration
percentiles: [P95: 764]
650.000000 / 650.000000 / 650.000000 Batch size avg / min / max
[util %: 579.784043 -- report computed in 0]
2026-04-24 16:24:28.161 [pool-1-thread-1] INFO  o.s.loadsimrunner.report.Reporter:74 - 2026-04-24T20:24:28.161Z
Insert transactions:
==========
8 ops per second (84 total)
5460 records per second (54600 total)
720.023810 ms mean duration
percentiles: [P95: 1037]
650.000000 / 650.000000 / 650.000000 Batch size avg / min / max
[util %: 604.699060 -- report computed in 0]
2026-04-24 16:24:38.165 [pool-1-thread-1] INFO  o.s.loadsimrunner.report.Reporter:74 - 2026-04-24T20:24:38.165Z
Insert transactions:
==========
7 ops per second (75 total)
4875 records per second (48750 total)
806.720000 ms mean duration
percentiles: [P95: 1252]
650.000000 / 650.000000 / 650.000000 Batch size avg / min / max
[util %: 604.798081 -- report computed in 0]
2026-04-24 16:24:48.170 [pool-1-thread-1] INFO  o.s.loadsimrunner.report.Reporter:74 - 2026-04-24T20:24:48.169Z
Insert transactions:
==========
7 ops per second (80 total)
5200 records per second (52000 total)
685.262500 ms mean duration
percentiles: [P95: 938]
650.000000 / 650.000000 / 650.000000 Batch size avg / min / max
[util %: 547.990804 -- report computed in 1]
2026-04-24 16:24:58.176 [pool-1-thread-1] INFO  o.s.loadsimrunner.report.Reporter:74 - 2026-04-24T20:24:58.175Z
Insert transactions:
==========
10 ops per second (109 total)
7085 records per second (70850 total)
574.715596 ms mean duration
percentiles: [P95: 1110]
650.000000 / 650.000000 / 650.000000 Batch size avg / min / max
[util %: 626.064361 -- report computed in 0]
2026-04-24 16:25:08.186 [pool-1-thread-1] INFO  o.s.loadsimrunner.report.Reporter:74 - 2026-04-24T20:25:08.185Z
Insert transactions:
==========
10 ops per second (109 total)
7085 records per second (70850 total)
550.091743 ms mean duration
percentiles: [P95: 707]
650.000000 / 650.000000 / 650.000000 Batch size avg / min / max
[util %: 599.000999 -- report computed in 0]
2026-04-24 16:25:18.194 [pool-1-thread-1] INFO  o.s.loadsimrunner.report.Reporter:74 - 2026-04-24T20:25:18.194Z
Insert transactions:
==========
11 ops per second (111 total)
7215 records per second (72150 total)
531.072072 ms mean duration
percentiles: [P95: 710]
650.000000 / 650.000000 / 650.000000 Batch size avg / min / max
[util %: 588.959936 -- report computed in 0]
2026-04-24 16:25:28.195 [pool-1-thread-1] INFO  o.s.loadsimrunner.report.Reporter:74 - 2026-04-24T20:25:28.195Z
Insert transactions:
==========
9 ops per second (100 total)
6500 records per second (65000 total)
595.510000 ms mean duration
percentiles: [P95: 953]
650.000000 / 650.000000 / 650.000000 Batch size avg / min / max
[util %: 595.450455 -- report computed in 0]
2026-04-24 16:25:38.199 [pool-1-thread-1] INFO  o.s.loadsimrunner.report.Reporter:74 - 2026-04-24T20:25:38.199Z
Insert transactions:
==========
10 ops per second (105 total)
6825 records per second (68250 total)
583.019048 ms mean duration
percentiles: [P95: 837]
650.000000 / 650.000000 / 650.000000 Batch size avg / min / max
[util %: 611.925230 -- report computed in 0]
2026-04-24 16:25:48.207 [pool-1-thread-1] INFO  o.s.loadsimrunner.report.Reporter:74 - 2026-04-24T20:25:48.207Z
Insert transactions:
==========
8 ops per second (85 total)
5525 records per second (55250 total)
697.917647 ms mean duration
percentiles: [P95: 902]
650.000000 / 650.000000 / 650.000000 Batch size avg / min / max
[util %: 592.755795 -- report computed in 0]
2026-04-24 16:25:58.216 [pool-1-thread-1] INFO  o.s.loadsimrunner.report.Reporter:74 - 2026-04-24T20:25:58.216Z
Insert transactions:
==========
7 ops per second (80 total)
5200 records per second (52000 total)
704.512500 ms mean duration
percentiles: [P95: 843]
650.000000 / 650.000000 / 650.000000 Batch size avg / min / max
[util %: 563.103207 -- report computed in 0]
2026-04-24 16:26:08.220 [pool-1-thread-1] INFO  o.s.loadsimrunner.report.Reporter:74 - 2026-04-24T20:26:08.220Z
Insert transactions:
==========
7 ops per second (79 total)
5135 records per second (51350 total)
770.392405 ms mean duration
percentiles: [P95: 1356]
650.000000 / 650.000000 / 650.000000 Batch size avg / min / max
[util %: 608.366653 -- report computed in 0]
2026-04-24 16:26:18.224 [pool-1-thread-1] INFO  o.s.loadsimrunner.report.Reporter:74 - 2026-04-24T20:26:18.224Z
Insert transactions:
==========
9 ops per second (100 total)
6500 records per second (65000 total)
590.160000 ms mean duration
percentiles: [P95: 920]
650.000000 / 650.000000 / 650.000000 Batch size avg / min / max
[util %: 589.924030 -- report computed in 0]
2026-04-24 16:26:28.226 [pool-1-thread-1] INFO  o.s.loadsimrunner.report.Reporter:74 - 2026-04-24T20:26:28.226Z
Insert transactions:
==========
11 ops per second (114 total)
7410 records per second (74100 total)
535.807018 ms mean duration
percentiles: [P95: 651]
650.000000 / 650.000000 / 650.000000 Batch size avg / min / max
[util %: 610.697860 -- report computed in 0]
2026-04-24 16:26:38.236 [pool-1-thread-1] INFO  o.s.loadsimrunner.report.Reporter:74 - 2026-04-24T20:26:38.235Z
Insert transactions:
==========
11 ops per second (116 total)
7540 records per second (75400 total)
497.750000 ms mean duration
percentiles: [P95: 573]
650.000000 / 650.000000 / 650.000000 Batch size avg / min / max
[util %: 576.870816 -- report computed in 0]
2026-04-24 16:26:48.241 [pool-1-thread-1] INFO  o.s.loadsimrunner.report.Reporter:74 - 2026-04-24T20:26:48.241Z
Insert transactions:
==========
11 ops per second (118 total)
7670 records per second (76700 total)
496.711864 ms mean duration
percentiles: [P95: 796]
650.000000 / 650.000000 / 650.000000 Batch size avg / min / max
[util %: 585.768539 -- report computed in 0]
2026-04-24 16:26:58.241 [pool-1-thread-1] INFO  o.s.loadsimrunner.report.Reporter:74 - 2026-04-24T20:26:58.241Z
Insert transactions:
==========
9 ops per second (98 total)
6370 records per second (63700 total)
607.744898 ms mean duration
percentiles: [P95: 1249]
650.000000 / 650.000000 / 650.000000 Batch size avg / min / max
[util %: 595.590000 -- report computed in 0]
2026-04-24 16:27:08.252 [pool-1-thread-1] INFO  o.s.loadsimrunner.report.Reporter:74 - 2026-04-24T20:27:08.251Z
Insert transactions:
==========
10 ops per second (110 total)
7150 records per second (71500 total)
551.154545 ms mean duration
percentiles: [P95: 838]
650.000000 / 650.000000 / 650.000000 Batch size avg / min / max
[util %: 605.664336 -- report computed in 0]
2026-04-24 16:27:18.261 [pool-1-thread-1] INFO  o.s.loadsimrunner.report.Reporter:74 - 2026-04-24T20:27:18.261Z
Insert transactions:
==========
8 ops per second (88 total)
5720 records per second (57200 total)
652.659091 ms mean duration
percentiles: [P95: 824]
650.000000 / 650.000000 / 650.000000 Batch size avg / min / max
[util %: 573.766234 -- report computed in 0]
2026-04-24 16:27:28.266 [pool-1-thread-1] INFO  o.s.loadsimrunner.report.Reporter:74 - 2026-04-24T20:27:28.266Z
Insert transactions:
==========
7 ops per second (79 total)
5135 records per second (51350 total)
779.063291 ms mean duration
percentiles: [P95: 1112]
650.000000 / 650.000000 / 650.000000 Batch size avg / min / max
[util %: 615.152424 -- report computed in 0]
2026-04-24 16:27:38.272 [pool-1-thread-1] INFO  o.s.loadsimrunner.report.Reporter:74 - 2026-04-24T20:27:38.271Z
Insert transactions:
==========
7 ops per second (80 total)
5200 records per second (52000 total)
729.675000 ms mean duration
percentiles: [P95: 1040]
650.000000 / 650.000000 / 650.000000 Batch size avg / min / max
[util %: 583.448276 -- report computed in 0]
2026-04-24 16:27:48.281 [pool-1-thread-1] INFO  o.s.loadsimrunner.report.Reporter:74 - 2026-04-24T20:27:48.280Z
Insert transactions:
==========
10 ops per second (101 total)
6565 records per second (65650 total)
589.356436 ms mean duration
percentiles: [P95: 801]
650.000000 / 650.000000 / 650.000000 Batch size avg / min / max
[util %: 594.714757 -- report computed in 0]
2026-04-24 16:27:58.286 [pool-1-thread-1] INFO  o.s.loadsimrunner.report.Reporter:74 - 2026-04-24T20:27:58.286Z
Insert transactions:
==========
9 ops per second (96 total)
6240 records per second (62400 total)
612.635417 ms mean duration
percentiles: [P95: 798]
650.000000 / 650.000000 / 650.000000 Batch size avg / min / max
[util %: 587.777334 -- report computed in 0]
2026-04-24 16:28:08.296 [pool-1-thread-1] INFO  o.s.loadsimrunner.report.Reporter:74 - 2026-04-24T20:28:08.296Z
Insert transactions:
==========
10 ops per second (108 total)
7020 records per second (70200 total)
564.666667 ms mean duration
percentiles: [P95: 707]
650.000000 / 650.000000 / 650.000000 Batch size avg / min / max
[util %: 609.230769 -- report computed in 0]
2026-04-24 16:28:18.306 [pool-1-thread-1] INFO  o.s.loadsimrunner.report.Reporter:74 - 2026-04-24T20:28:18.306Z
Insert transactions:
==========
11 ops per second (116 total)
7540 records per second (75400 total)
510.137931 ms mean duration
percentiles: [P95: 607]
650.000000 / 650.000000 / 650.000000 Batch size avg / min / max
[util %: 591.168831 -- report computed in 0]
2026-04-24 16:28:28.317 [pool-1-thread-1] INFO  o.s.loadsimrunner.report.Reporter:74 - 2026-04-24T20:28:28.316Z
Insert transactions:
==========
9 ops per second (95 total)
6175 records per second (61750 total)
590.284211 ms mean duration
percentiles: [P95: 1112]
650.000000 / 650.000000 / 650.000000 Batch size avg / min / max
[util %: 560.209790 -- report computed in 0]
2026-04-24 16:28:38.327 [pool-1-thread-1] INFO  o.s.loadsimrunner.report.Reporter:74 - 2026-04-24T20:28:38.326Z
Insert transactions:
==========
9 ops per second (91 total)
5915 records per second (59150 total)
664.153846 ms mean duration
percentiles: [P95: 1542]
650.000000 / 650.000000 / 650.000000 Batch size avg / min / max
[util %: 603.776224 -- report computed in 0]
2026-04-24 16:28:48.335 [pool-1-thread-1] INFO  o.s.loadsimrunner.report.Reporter:74 - 2026-04-24T20:28:48.334Z
Insert transactions:
==========
8 ops per second (90 total)
5850 records per second (58500 total)
657.200000 ms mean duration
percentiles: [P95: 863]
650.000000 / 650.000000 / 650.000000 Batch size avg / min / max
[util %: 591.007194 -- report computed in 0]
2026-04-24 16:28:58.345 [pool-1-thread-1] INFO  o.s.loadsimrunner.report.Reporter:74 - 2026-04-24T20:28:58.345Z
Insert transactions:
==========
8 ops per second (85 total)
5525 records per second (55250 total)
681.929412 ms mean duration
percentiles: [P95: 889]
650.000000 / 650.000000 / 650.000000 Batch size avg / min / max
[util %: 579.003097 -- report computed in 0]
2026-04-24 16:29:08.354 [pool-1-thread-1] INFO  o.s.loadsimrunner.report.Reporter:74 - 2026-04-24T20:29:08.353Z
Insert transactions:
==========
8 ops per second (82 total)
5330 records per second (53300 total)
771.365854 ms mean duration
percentiles: [P95: 1071]
650.000000 / 650.000000 / 650.000000 Batch size avg / min / max
[util %: 632.014388 -- report computed in 1]
2026-04-24 16:29:18.365 [pool-1-thread-1] INFO  o.s.loadsimrunner.report.Reporter:74 - 2026-04-24T20:29:18.364Z
Insert transactions:
==========
10 ops per second (108 total)
7020 records per second (70200 total)
531.222222 ms mean duration
percentiles: [P95: 797]
650.000000 / 650.000000 / 650.000000 Batch size avg / min / max
[util %: 573.089601 -- report computed in 0]
2026-04-24 16:29:28.367 [pool-1-thread-1] INFO  o.s.loadsimrunner.report.Reporter:74 - 2026-04-24T20:29:28.367Z
Insert transactions:
==========
9 ops per second (94 total)
6110 records per second (61100 total)
579.553191 ms mean duration
percentiles: [P95: 862]
650.000000 / 650.000000 / 650.000000 Batch size avg / min / max
[util %: 544.616615 -- report computed in 0]
2026-04-24 16:29:38.376 [pool-1-thread-1] INFO  o.s.loadsimrunner.report.Reporter:74 - 2026-04-24T20:29:38.372Z
Insert transactions:
==========
9 ops per second (95 total)
6175 records per second (61750 total)
679.863158 ms mean duration
percentiles: [P95: 1313]
650.000000 / 650.000000 / 650.000000 Batch size avg / min / max
[util %: 645.547226 -- report computed in 1]
2026-04-24 16:29:48.376 [pool-1-thread-1] INFO  o.s.loadsimrunner.report.Reporter:74 - 2026-04-24T20:29:48.376Z
Insert transactions:
==========
10 ops per second (110 total)
7150 records per second (71500 total)
552.981818 ms mean duration
percentiles: [P95: 753]
650.000000 / 650.000000 / 650.000000 Batch size avg / min / max
[util %: 608.036785 -- report computed in 0]
2026-04-24 16:29:58.380 [pool-1-thread-1] INFO  o.s.loadsimrunner.report.Reporter:74 - 2026-04-24T20:29:58.379Z
Insert transactions:
==========
11 ops per second (113 total)
7345 records per second (73450 total)
518.955752 ms mean duration
percentiles: [P95: 675]
650.000000 / 650.000000 / 650.000000 Batch size avg / min / max
[util %: 586.244127 -- report computed in 0]
2026-04-24 16:30:08.387 [pool-1-thread-1] INFO  o.s.loadsimrunner.report.Reporter:74 - 2026-04-24T20:30:08.385Z
Insert transactions:
==========
11 ops per second (115 total)
7475 records per second (74750 total)
516.156522 ms mean duration
percentiles: [P95: 783]
650.000000 / 650.000000 / 650.000000 Batch size avg / min / max
[util %: 593.224066 -- report computed in 0]
2026-04-24 16:30:18.391 [pool-1-thread-1] INFO  o.s.loadsimrunner.report.Reporter:74 - 2026-04-24T20:30:18.390Z
Insert transactions:
==========
7 ops per second (75 total)
4875 records per second (48750 total)
750.226667 ms mean duration
percentiles: [P95: 950]
650.000000 / 650.000000 / 650.000000 Batch size avg / min / max
[util %: 562.388806 -- report computed in 0]
2026-04-24 16:30:28.393 [pool-1-thread-1] INFO  o.s.loadsimrunner.report.Reporter:74 - 2026-04-24T20:30:28.393Z
Insert transactions:
==========
7 ops per second (79 total)
5135 records per second (51350 total)
747.354430 ms mean duration
percentiles: [P95: 892]
650.000000 / 650.000000 / 650.000000 Batch size avg / min / max
[util %: 590.232930 -- report computed in 0]
2026-04-24 16:30:38.398 [pool-1-thread-1] INFO  o.s.loadsimrunner.report.Reporter:74 - 2026-04-24T20:30:38.398Z
Insert transactions:
==========
10 ops per second (104 total)
6760 records per second (67600 total)
601.855769 ms mean duration
percentiles: [P95: 994]
650.000000 / 650.000000 / 650.000000 Batch size avg / min / max
[util %: 625.617191 -- report computed in 0]
2026-04-24 16:30:48.403 [pool-1-thread-1] INFO  o.s.loadsimrunner.report.Reporter:74 - 2026-04-24T20:30:48.403Z
Insert transactions:
==========
6 ops per second (61 total)
3965 records per second (39650 total)
955.803279 ms mean duration
percentiles: [P95: 1372]
650.000000 / 650.000000 / 650.000000 Batch size avg / min / max
[util %: 582.748626 -- report computed in 0]
2026-04-24 16:30:58.404 [pool-1-thread-1] INFO  o.s.loadsimrunner.report.Reporter:74 - 2026-04-24T20:30:58.403Z
Insert transactions:
==========
10 ops per second (107 total)
6955 records per second (69550 total)
572.495327 ms mean duration
percentiles: [P95: 749]
650.000000 / 650.000000 / 650.000000 Batch size avg / min / max
[util %: 612.570000 -- report computed in 0]
2026-04-24 16:31:08.406 [pool-1-thread-1] INFO  o.s.loadsimrunner.report.Reporter:74 - 2026-04-24T20:31:08.406Z
Insert transactions:
==========
10 ops per second (110 total)
7150 records per second (71500 total)
528.963636 ms mean duration
percentiles: [P95: 735]
650.000000 / 650.000000 / 650.000000 Batch size avg / min / max
[util %: 581.685494 -- report computed in 0]
2026-04-24 16:31:18.411 [pool-1-thread-1] INFO  o.s.loadsimrunner.report.Reporter:74 - 2026-04-24T20:31:18.411Z
Insert transactions:
==========
11 ops per second (117 total)
7605 records per second (76050 total)
509.658120 ms mean duration
percentiles: [P95: 693]
650.000000 / 650.000000 / 650.000000 Batch size avg / min / max
[util %: 596.001999 -- report computed in 0]
2026-04-24 16:31:28.414 [pool-1-thread-1] INFO  o.s.loadsimrunner.report.Reporter:74 - 2026-04-24T20:31:28.414Z
Insert transactions:
==========
7 ops per second (76 total)
4940 records per second (49400 total)
756.289474 ms mean duration
percentiles: [P95: 1167]
650.000000 / 650.000000 / 650.000000 Batch size avg / min / max
[util %: 574.607618 -- report computed in 0]
2026-04-24 16:31:38.420 [pool-1-thread-1] INFO  o.s.loadsimrunner.report.Reporter:74 - 2026-04-24T20:31:38.419Z
Insert transactions:
==========
10 ops per second (109 total)
7085 records per second (70850 total)
558.440367 ms mean duration
percentiles: [P95: 940]
650.000000 / 650.000000 / 650.000000 Batch size avg / min / max
[util %: 608.395802 -- report computed in 0]
2026-04-24 16:31:48.424 [pool-1-thread-1] INFO  o.s.loadsimrunner.report.Reporter:74 - 2026-04-24T20:31:48.424Z
Insert transactions:
==========
12 ops per second (127 total)
8255 records per second (82550 total)
469.165354 ms mean duration
percentiles: [P95: 695]
650.000000 / 650.000000 / 650.000000 Batch size avg / min / max
[util %: 595.542229 -- report computed in 0]
2026-04-24 16:31:58.427 [pool-1-thread-1] INFO  o.s.loadsimrunner.report.Reporter:74 - 2026-04-24T20:31:58.425Z
Insert transactions:
==========
9 ops per second (93 total)
6045 records per second (60450 total)
615.129032 ms mean duration
percentiles: [P95: 767]
650.000000 / 650.000000 / 650.000000 Batch size avg / min / max
[util %: 572.012799 -- report computed in 0]
2026-04-24 16:32:08.430 [pool-1-thread-1] INFO  o.s.loadsimrunner.report.Reporter:74 - 2026-04-24T20:32:08.429Z
Insert transactions:
==========
7 ops per second (75 total)
4875 records per second (48750 total)
807.560000 ms mean duration
percentiles: [P95: 1147]
650.000000 / 650.000000 / 650.000000 Batch size avg / min / max
[util %: 605.427829 -- report computed in 1]
2026-04-24 16:32:18.433 [pool-1-thread-1] INFO  o.s.loadsimrunner.report.Reporter:74 - 2026-04-24T20:32:18.433Z
Insert transactions:
==========
9 ops per second (98 total)
6370 records per second (63700 total)
595.326531 ms mean duration
percentiles: [P95: 965]
650.000000 / 650.000000 / 650.000000 Batch size avg / min / max
[util %: 583.186725 -- report computed in 0]
2026-04-24 16:32:28.438 [pool-1-thread-1] INFO  o.s.loadsimrunner.report.Reporter:74 - 2026-04-24T20:32:28.438Z
Insert transactions:
==========
12 ops per second (121 total)
7865 records per second (78650 total)
503.041322 ms mean duration
percentiles: [P95: 615]
650.000000 / 650.000000 / 650.000000 Batch size avg / min / max
[util %: 608.375812 -- report computed in 0]
2026-04-24 16:32:38.442 [pool-1-thread-1] INFO  o.s.loadsimrunner.report.Reporter:74 - 2026-04-24T20:32:38.442Z
Insert transactions:
==========
9 ops per second (91 total)
5915 records per second (59150 total)
633.109890 ms mean duration
percentiles: [P95: 1591]
650.000000 / 650.000000 / 650.000000 Batch size avg / min / max
[util %: 575.899640 -- report computed in 0]
2026-04-24 16:32:48.447 [pool-1-thread-1] INFO  o.s.loadsimrunner.report.Reporter:74 - 2026-04-24T20:32:48.447Z
Insert transactions:
==========
5 ops per second (54 total)
3510 records per second (35100 total)
1126.055556 ms mean duration
percentiles: [P95: 2262]
650.000000 / 650.000000 / 650.000000 Batch size avg / min / max
[util %: 607.766117 -- report computed in 0]
2026-04-24 16:32:58.451 [pool-1-thread-1] INFO  o.s.loadsimrunner.report.Reporter:74 - 2026-04-24T20:32:58.450Z
Insert transactions:
==========
6 ops per second (65 total)
4225 records per second (42250 total)
924.200000 ms mean duration
percentiles: [P95: 2827]
650.000000 / 650.000000 / 650.000000 Batch size avg / min / max
[util %: 600.549835 -- report computed in 0]
2026-04-24 16:33:08.456 [pool-1-thread-1] INFO  o.s.loadsimrunner.report.Reporter:74 - 2026-04-24T20:33:08.453Z
Insert transactions:
==========
8 ops per second (85 total)
5525 records per second (55250 total)
706.905882 ms mean duration
percentiles: [P95: 1047]
650.000000 / 650.000000 / 650.000000 Batch size avg / min / max
[util %: 600.689793 -- report computed in 0]
2026-04-24 16:33:18.459 [pool-1-thread-1] INFO  o.s.loadsimrunner.report.Reporter:74 - 2026-04-24T20:33:18.459Z
Insert transactions:
==========
7 ops per second (73 total)
4745 records per second (47450 total)
806.890411 ms mean duration
percentiles: [P95: 1032]
650.000000 / 650.000000 / 650.000000 Batch size avg / min / max
[util %: 588.676794 -- report computed in 0]
2026-04-24 16:33:28.460 [pool-1-thread-1] INFO  o.s.loadsimrunner.report.Reporter:74 - 2026-04-24T20:33:28.460Z
Insert transactions:
==========
6 ops per second (61 total)
3965 records per second (39650 total)
943.819672 ms mean duration
percentiles: [P95: 1305]
650.000000 / 650.000000 / 650.000000 Batch size avg / min / max
[util %: 575.672433 -- report computed in 0]
2026-04-24 16:33:38.461 [pool-1-thread-1] INFO  o.s.loadsimrunner.report.Reporter:74 - 2026-04-24T20:33:38.460Z
Insert transactions:
==========
11 ops per second (112 total)
7280 records per second (72800 total)
546.142857 ms mean duration
percentiles: [P95: 775]
650.000000 / 650.000000 / 650.000000 Batch size avg / min / max
[util %: 611.680000 -- report computed in 0]
2026-04-24 16:33:48.463 [pool-1-thread-1] INFO  o.s.loadsimrunner.report.Reporter:74 - 2026-04-24T20:33:48.461Z
Insert transactions:
==========
10 ops per second (103 total)
6695 records per second (66950 total)
568.669903 ms mean duration
percentiles: [P95: 848]
650.000000 / 650.000000 / 650.000000 Batch size avg / min / max
[util %: 585.671433 -- report computed in 0]
2026-04-24 16:33:58.465 [pool-1-thread-1] INFO  o.s.loadsimrunner.report.Reporter:74 - 2026-04-24T20:33:58.464Z
Insert transactions:
==========
11 ops per second (117 total)
7605 records per second (76050 total)
520.948718 ms mean duration
percentiles: [P95: 628]
650.000000 / 650.000000 / 650.000000 Batch size avg / min / max
[util %: 609.327202 -- report computed in 0]
2026-04-24 16:34:08.468 [pool-1-thread-1] INFO  o.s.loadsimrunner.report.Reporter:74 - 2026-04-24T20:34:08.468Z
Insert transactions:
==========
9 ops per second (93 total)
6045 records per second (60450 total)
616.096774 ms mean duration
percentiles: [P95: 1201]
650.000000 / 650.000000 / 650.000000 Batch size avg / min / max
[util %: 572.740904 -- report computed in 0]
2026-04-24 16:34:18.474 [pool-1-thread-1] INFO  o.s.loadsimrunner.report.Reporter:74 - 2026-04-24T20:34:18.473Z
Insert transactions:
==========
5 ops per second (60 total)
3900 records per second (39000 total)
920.850000 ms mean duration
percentiles: [P95: 1582]
650.000000 / 650.000000 / 650.000000 Batch size avg / min / max
[util %: 552.233883 -- report computed in 0]
2026-04-24 16:34:28.475 [pool-1-thread-1] INFO  o.s.loadsimrunner.report.Reporter:74 - 2026-04-24T20:34:28.474Z
Insert transactions:
==========
5 ops per second (53 total)
3445 records per second (34450 total)
1198.056604 ms mean duration
percentiles: [P95: 1853]
650.000000 / 650.000000 / 650.000000 Batch size avg / min / max
[util %: 634.906509 -- report computed in 0]
2026-04-24 16:34:38.476 [pool-1-thread-1] INFO  o.s.loadsimrunner.report.Reporter:74 - 2026-04-24T20:34:38.475Z
Insert transactions:
==========
11 ops per second (114 total)
7410 records per second (74100 total)
535.631579 ms mean duration
percentiles: [P95: 891]
650.000000 / 650.000000 / 650.000000 Batch size avg / min / max
[util %: 610.558944 -- report computed in 0]
2026-04-24 16:34:48.483 [pool-1-thread-1] INFO  o.s.loadsimrunner.report.Reporter:74 - 2026-04-24T20:34:48.482Z
Insert transactions:
==========
5 ops per second (59 total)
3835 records per second (38350 total)
965.762712 ms mean duration
percentiles: [P95: 1789]
650.000000 / 650.000000 / 650.000000 Batch size avg / min / max
[util %: 569.401419 -- report computed in 1]
2026-04-24 16:34:58.493 [pool-1-thread-1] INFO  o.s.loadsimrunner.report.Reporter:74 - 2026-04-24T20:34:58.492Z
Insert transactions:
==========
10 ops per second (103 total)
6695 records per second (66950 total)
589.281553 ms mean duration
percentiles: [P95: 978]
650.000000 / 650.000000 / 650.000000 Batch size avg / min / max
[util %: 606.353646 -- report computed in 1]
2026-04-24 16:35:08.500 [pool-1-thread-1] INFO  o.s.loadsimrunner.report.Reporter:74 - 2026-04-24T20:35:08.499Z
Insert transactions:
==========
9 ops per second (100 total)
6500 records per second (65000 total)
607.110000 ms mean duration
percentiles: [P95: 852]
650.000000 / 650.000000 / 650.000000 Batch size avg / min / max
[util %: 606.685320 -- report computed in 0]
2026-04-24 16:35:18.509 [pool-1-thread-1] INFO  o.s.loadsimrunner.report.Reporter:74 - 2026-04-24T20:35:18.508Z
Insert transactions:
==========
9 ops per second (100 total)
6500 records per second (65000 total)
579.100000 ms mean duration
percentiles: [P95: 849]
650.000000 / 650.000000 / 650.000000 Batch size avg / min / max
[util %: 578.579279 -- report computed in 0]
2026-04-24 16:35:28.518 [pool-1-thread-1] INFO  o.s.loadsimrunner.report.Reporter:74 - 2026-04-24T20:35:28.518Z
Insert transactions:
==========
11 ops per second (115 total)
7475 records per second (74750 total)
531.730435 ms mean duration
percentiles: [P95: 677]
650.000000 / 650.000000 / 650.000000 Batch size avg / min / max
[util %: 610.879121 -- report computed in 0]
2026-04-24 16:35:38.524 [pool-1-thread-1] INFO  o.s.loadsimrunner.report.Reporter:74 - 2026-04-24T20:35:38.524Z
Insert transactions:
==========
12 ops per second (128 total)
8320 records per second (83200 total)
448.984375 ms mean duration
percentiles: [P95: 685]
650.000000 / 650.000000 / 650.000000 Batch size avg / min / max
[util %: 574.355387 -- report computed in 0]
2026-04-24 16:35:48.534 [pool-1-thread-1] INFO  o.s.loadsimrunner.report.Reporter:74 - 2026-04-24T20:35:48.534Z
Insert transactions:
==========
7 ops per second (74 total)
4810 records per second (48100 total)
737.554054 ms mean duration
percentiles: [P95: 1363]
650.000000 / 650.000000 / 650.000000 Batch size avg / min / max
[util %: 545.244755 -- report computed in 0]
2026-04-24 16:35:58.541 [pool-1-thread-1] INFO  o.s.loadsimrunner.report.Reporter:74 - 2026-04-24T20:35:58.540Z
Insert transactions:
==========
4 ops per second (49 total)
3185 records per second (31850 total)
1270.775510 ms mean duration
percentiles: [P95: 1533]
650.000000 / 650.000000 / 650.000000 Batch size avg / min / max
[util %: 622.306616 -- report computed in 0]
2026-04-24 16:36:08.551 [pool-1-thread-1] INFO  o.s.loadsimrunner.report.Reporter:74 - 2026-04-24T20:36:08.550Z
Insert transactions:
==========
5 ops per second (55 total)
3575 records per second (35750 total)
1062.327273 ms mean duration
percentiles: [P95: 1369]
650.000000 / 650.000000 / 650.000000 Batch size avg / min / max
[util %: 583.696304 -- report computed in 0]
2026-04-24 16:36:18.560 [pool-1-thread-1] INFO  o.s.loadsimrunner.report.Reporter:74 - 2026-04-24T20:36:18.560Z
Insert transactions:
==========
4 ops per second (43 total)
2795 records per second (27950 total)
1415.186047 ms mean duration
percentiles: [P95: 2279]
650.000000 / 650.000000 / 650.000000 Batch size avg / min / max
[util %: 607.922078 -- report computed in 0]
2026-04-24 16:36:28.569 [pool-1-thread-1] INFO  o.s.loadsimrunner.report.Reporter:74 - 2026-04-24T20:36:28.569Z
Insert transactions:
==========
8 ops per second (81 total)
5265 records per second (52650 total)
773.567901 ms mean duration
percentiles: [P95: 1179]
650.000000 / 650.000000 / 650.000000 Batch size avg / min / max
[util %: 626.026576 -- report computed in 0]
2026-04-24 16:36:38.572 [pool-1-thread-1] INFO  o.s.loadsimrunner.report.Reporter:74 - 2026-04-24T20:36:38.572Z
Insert transactions:
==========
8 ops per second (82 total)
5330 records per second (53300 total)
719.609756 ms mean duration
percentiles: [P95: 891]
650.000000 / 650.000000 / 650.000000 Batch size avg / min / max
[util %: 589.903029 -- report computed in 0]
2026-04-24 16:36:48.579 [pool-1-thread-1] INFO  o.s.loadsimrunner.report.Reporter:74 - 2026-04-24T20:36:48.578Z
Insert transactions:
==========
8 ops per second (85 total)
5525 records per second (55250 total)
718.811765 ms mean duration
percentiles: [P95: 810]
650.000000 / 650.000000 / 650.000000 Batch size avg / min / max
[util %: 610.623626 -- report computed in 0]
2026-04-24 16:36:58.582 [pool-1-thread-1] INFO  o.s.loadsimrunner.report.Reporter:74 - 2026-04-24T20:36:58.581Z
Insert transactions:
==========
8 ops per second (85 total)
5525 records per second (55250 total)
674.223529 ms mean duration
percentiles: [P95: 803]
650.000000 / 650.000000 / 650.000000 Batch size avg / min / max
[util %: 572.918125 -- report computed in 0]
2026-04-24 16:37:08.589 [pool-1-thread-1] INFO  o.s.loadsimrunner.report.Reporter:74 - 2026-04-24T20:37:08.589Z
Insert transactions:
==========
9 ops per second (99 total)
6435 records per second (64350 total)
597.060606 ms mean duration
percentiles: [P95: 1142]
650.000000 / 650.000000 / 650.000000 Batch size avg / min / max
[util %: 590.617506 -- report computed in 0]
2026-04-24 16:37:18.596 [pool-1-thread-1] INFO  o.s.loadsimrunner.report.Reporter:74 - 2026-04-24T20:37:18.596Z
Insert transactions:
==========
11 ops per second (120 total)
7800 records per second (78000 total)
504.666667 ms mean duration
percentiles: [P95: 642]
650.000000 / 650.000000 / 650.000000 Batch size avg / min / max
[util %: 605.176377 -- report computed in 0]
2026-04-24 16:37:28.607 [pool-1-thread-1] INFO  o.s.loadsimrunner.report.Reporter:74 - 2026-04-24T20:37:28.606Z
Insert transactions:
==========
10 ops per second (104 total)
6760 records per second (67600 total)
568.490385 ms mean duration
percentiles: [P95: 944]
650.000000 / 650.000000 / 650.000000 Batch size avg / min / max
[util %: 590.639361 -- report computed in 0]
2026-04-24 16:37:38.608 [pool-1-thread-1] INFO  o.s.loadsimrunner.report.Reporter:74 - 2026-04-24T20:37:38.608Z
Insert transactions:
==========
6 ops per second (63 total)
4095 records per second (40950 total)
959.507937 ms mean duration
percentiles: [P95: 1224]
650.000000 / 650.000000 / 650.000000 Batch size avg / min / max
[util %: 604.369126 -- report computed in 0]
2026-04-24 16:37:48.618 [pool-1-thread-1] INFO  o.s.loadsimrunner.report.Reporter:74 - 2026-04-24T20:37:48.618Z
Insert transactions:
==========
5 ops per second (54 total)
3510 records per second (35100 total)
1039.333333 ms mean duration
percentiles: [P95: 1241]
650.000000 / 650.000000 / 650.000000 Batch size avg / min / max
[util %: 560.679321 -- report computed in 0]
2026-04-24 16:37:58.621 [pool-1-thread-1] INFO  o.s.loadsimrunner.report.Reporter:74 - 2026-04-24T20:37:58.621Z
Insert transactions:
==========
5 ops per second (54 total)
3510 records per second (35100 total)
1145.129630 ms mean duration
percentiles: [P95: 2120]
650.000000 / 650.000000 / 650.000000 Batch size avg / min / max
[util %: 618.184545 -- report computed in 0]
2026-04-24 16:38:08.631 [pool-1-thread-1] INFO  o.s.loadsimrunner.report.Reporter:74 - 2026-04-24T20:38:08.630Z
Insert transactions:
==========
9 ops per second (99 total)
6435 records per second (64350 total)
607.525253 ms mean duration
percentiles: [P95: 953]
650.000000 / 650.000000 / 650.000000 Batch size avg / min / max
[util %: 600.909182 -- report computed in 1]
2026-04-24 16:38:18.641 [pool-1-thread-1] INFO  o.s.loadsimrunner.report.Reporter:74 - 2026-04-24T20:38:18.641Z
Insert transactions:
==========
8 ops per second (90 total)
5850 records per second (58500 total)
625.477778 ms mean duration
percentiles: [P95: 732]
650.000000 / 650.000000 / 650.000000 Batch size avg / min / max
[util %: 562.311457 -- report computed in 0]
2026-04-24 16:38:28.651 [pool-1-thread-1] INFO  o.s.loadsimrunner.report.Reporter:74 - 2026-04-24T20:38:28.651Z
Insert transactions:
==========
9 ops per second (98 total)
6370 records per second (63700 total)
615.775510 ms mean duration
percentiles: [P95: 759]
650.000000 / 650.000000 / 650.000000 Batch size avg / min / max
[util %: 602.857143 -- report computed in 0]
2026-04-24 16:38:38.657 [pool-1-thread-1] INFO  o.s.loadsimrunner.report.Reporter:74 - 2026-04-24T20:38:38.656Z
Insert transactions:
==========
9 ops per second (98 total)
6370 records per second (63700 total)
611.857143 ms mean duration
percentiles: [P95: 810]
650.000000 / 650.000000 / 650.000000 Batch size avg / min / max
[util %: 599.320340 -- report computed in 0]
2026-04-24 16:38:48.666 [pool-1-thread-1] INFO  o.s.loadsimrunner.report.Reporter:74 - 2026-04-24T20:38:48.666Z
Insert transactions:
==========
11 ops per second (114 total)
7410 records per second (74100 total)
513.552632 ms mean duration
percentiles: [P95: 617]
650.000000 / 650.000000 / 650.000000 Batch size avg / min / max
[util %: 584.865135 -- report computed in 0]
2026-04-24 16:38:58.674 [pool-1-thread-1] INFO  o.s.loadsimrunner.report.Reporter:74 - 2026-04-24T20:38:58.674Z
Insert transactions:
==========
12 ops per second (129 total)
8385 records per second (83850 total)
478.348837 ms mean duration
percentiles: [P95: 587]
650.000000 / 650.000000 / 650.000000 Batch size avg / min / max
[util %: 616.576739 -- report computed in 0]
2026-04-24 16:39:08.682 [pool-1-thread-1] INFO  o.s.loadsimrunner.report.Reporter:74 - 2026-04-24T20:39:08.681Z
Insert transactions:
==========
9 ops per second (96 total)
6240 records per second (62400 total)
605.260417 ms mean duration
percentiles: [P95: 882]
650.000000 / 650.000000 / 650.000000 Batch size avg / min / max
[util %: 580.643550 -- report computed in 0]
2026-04-24 16:39:18.688 [pool-1-thread-1] INFO  o.s.loadsimrunner.report.Reporter:74 - 2026-04-24T20:39:18.688Z
Insert transactions:
==========
6 ops per second (66 total)
4290 records per second (42900 total)
881.242424 ms mean duration
percentiles: [P95: 1089]
650.000000 / 650.000000 / 650.000000 Batch size avg / min / max
[util %: 581.213151 -- report computed in 0]
2026-04-24 16:39:28.693 [pool-1-thread-1] INFO  o.s.loadsimrunner.report.Reporter:74 - 2026-04-24T20:39:28.692Z
Insert transactions:
==========
6 ops per second (67 total)
4355 records per second (43550 total)
883.626866 ms mean duration
percentiles: [P95: 1066]
650.000000 / 650.000000 / 650.000000 Batch size avg / min / max
[util %: 591.793283 -- report computed in 0]
2026-04-24 16:39:38.696 [pool-1-thread-1] INFO  o.s.loadsimrunner.report.Reporter:74 - 2026-04-24T20:39:38.696Z
Insert transactions:
==========
11 ops per second (111 total)
7215 records per second (72150 total)
556.441441 ms mean duration
percentiles: [P95: 803]
650.000000 / 650.000000 / 650.000000 Batch size avg / min / max
[util %: 617.403039 -- report computed in 0]
2026-04-24 16:39:48.698 [pool-1-thread-1] INFO  o.s.loadsimrunner.report.Reporter:74 - 2026-04-24T20:39:48.697Z
Insert transactions:
==========
9 ops per second (95 total)
6175 records per second (61750 total)
614.505263 ms mean duration
percentiles: [P95: 840]
650.000000 / 650.000000 / 650.000000 Batch size avg / min / max
[util %: 583.721628 -- report computed in 0]
2026-04-24 16:39:58.708 [pool-1-thread-1] INFO  o.s.loadsimrunner.report.Reporter:74 - 2026-04-24T20:39:58.708Z
Insert transactions:
==========
9 ops per second (96 total)
6240 records per second (62400 total)
617.333333 ms mean duration
percentiles: [P95: 721]
650.000000 / 650.000000 / 650.000000 Batch size avg / min / max
[util %: 591.988812 -- report computed in 0]
2026-04-24 16:40:08.718 [pool-1-thread-1] INFO  o.s.loadsimrunner.report.Reporter:74 - 2026-04-24T20:40:08.717Z
Insert transactions:
==========
7 ops per second (72 total)
4680 records per second (46800 total)
792.569444 ms mean duration
percentiles: [P95: 1127]
650.000000 / 650.000000 / 650.000000 Batch size avg / min / max
[util %: 570.136877 -- report computed in 0]
2026-04-24 16:40:18.728 [pool-1-thread-1] INFO  o.s.loadsimrunner.report.Reporter:74 - 2026-04-24T20:40:18.727Z
Insert transactions:
==========
9 ops per second (96 total)
6240 records per second (62400 total)
659.385417 ms mean duration
percentiles: [P95: 1043]
650.000000 / 650.000000 / 650.000000 Batch size avg / min / max
[util %: 632.377622 -- report computed in 1]
2026-04-24 16:40:28.735 [pool-1-thread-1] INFO  o.s.loadsimrunner.report.Reporter:74 - 2026-04-24T20:40:28.734Z
Insert transactions:
==========
11 ops per second (120 total)
7800 records per second (78000 total)
495.466667 ms mean duration
percentiles: [P95: 652]
650.000000 / 650.000000 / 650.000000 Batch size avg / min / max
[util %: 594.144099 -- report computed in 0]
2026-04-24 16:40:38.737 [pool-1-thread-1] INFO  o.s.loadsimrunner.report.Reporter:74 - 2026-04-24T20:40:38.737Z
Insert transactions:
==========
6 ops per second (67 total)
4355 records per second (43550 total)
825.432836 ms mean duration
percentiles: [P95: 1190]
650.000000 / 650.000000 / 650.000000 Batch size avg / min / max
[util %: 552.874138 -- report computed in 0]
2026-04-24 16:40:48.740 [pool-1-thread-1] INFO  o.s.loadsimrunner.report.Reporter:74 - 2026-04-24T20:40:48.739Z
Insert transactions:
==========
4 ops per second (49 total)
3185 records per second (31850 total)
1241.183673 ms mean duration
percentiles: [P95: 1656]
650.000000 / 650.000000 / 650.000000 Batch size avg / min / max
[util %: 608.058388 -- report computed in 0]
2026-04-24 16:40:58.741 [pool-1-thread-1] INFO  o.s.loadsimrunner.report.Reporter:74 - 2026-04-24T20:40:58.740Z
Insert transactions:
==========
5 ops per second (56 total)
3640 records per second (36400 total)
1091.714286 ms mean duration
percentiles: [P95: 1547]
650.000000 / 650.000000 / 650.000000 Batch size avg / min / max
[util %: 611.298870 -- report computed in 0]
2026-04-24 16:41:08.751 [pool-1-thread-1] INFO  o.s.loadsimrunner.report.Reporter:74 - 2026-04-24T20:41:08.750Z
Insert transactions:
==========
9 ops per second (97 total)
6305 records per second (63050 total)
612.041237 ms mean duration
percentiles: [P95: 787]
650.000000 / 650.000000 / 650.000000 Batch size avg / min / max
[util %: 593.086913 -- report computed in 0]
2026-04-24 16:41:18.756 [pool-1-thread-1] INFO  o.s.loadsimrunner.report.Reporter:74 - 2026-04-24T20:41:18.756Z
Insert transactions:
==========
7 ops per second (72 total)
4680 records per second (46800 total)
838.361111 ms mean duration
percentiles: [P95: 1017]
650.000000 / 650.000000 / 650.000000 Batch size avg / min / max
[util %: 603.258045 -- report computed in 0]
2026-04-24 16:41:28.765 [pool-1-thread-1] INFO  o.s.loadsimrunner.report.Reporter:74 - 2026-04-24T20:41:28.765Z
Insert transactions:
==========
6 ops per second (61 total)
3965 records per second (39650 total)
917.950820 ms mean duration
percentiles: [P95: 1061]
650.000000 / 650.000000 / 650.000000 Batch size avg / min / max
[util %: 559.446498 -- report computed in 0]
2026-04-24 16:41:38.775 [pool-1-thread-1] INFO  o.s.loadsimrunner.report.Reporter:74 - 2026-04-24T20:41:38.775Z
Insert transactions:
==========
6 ops per second (67 total)
4355 records per second (43550 total)
900.985075 ms mean duration
percentiles: [P95: 1062]
650.000000 / 650.000000 / 650.000000 Batch size avg / min / max
[util %: 603.056943 -- report computed in 0]
2026-04-24 16:41:48.781 [pool-1-thread-1] INFO  o.s.loadsimrunner.report.Reporter:74 - 2026-04-24T20:41:48.780Z
Insert transactions:
==========
7 ops per second (79 total)
5135 records per second (51350 total)
779.708861 ms mean duration
percentiles: [P95: 1057]
650.000000 / 650.000000 / 650.000000 Batch size avg / min / max
[util %: 615.662169 -- report computed in 0]
2026-04-24 16:41:58.783 [pool-1-thread-1] INFO  o.s.loadsimrunner.report.Reporter:74 - 2026-04-24T20:41:58.783Z
Insert transactions:
==========
9 ops per second (99 total)
6435 records per second (64350 total)
610.898990 ms mean duration
percentiles: [P95: 829]
650.000000 / 650.000000 / 650.000000 Batch size avg / min / max
[util %: 604.608617 -- report computed in 0]
2026-04-24 16:42:08.793 [pool-1-thread-1] INFO  o.s.loadsimrunner.report.Reporter:74 - 2026-04-24T20:42:08.792Z
Insert transactions:
==========
6 ops per second (61 total)
3965 records per second (39650 total)
894.540984 ms mean duration
percentiles: [P95: 1312]
650.000000 / 650.000000 / 650.000000 Batch size avg / min / max
[util %: 545.179339 -- report computed in 1]
2026-04-24 16:42:18.803 [pool-1-thread-1] INFO  o.s.loadsimrunner.report.Reporter:74 - 2026-04-24T20:42:18.803Z
Insert transactions:
==========
4 ops per second (48 total)
3120 records per second (31200 total)
1260.041667 ms mean duration
percentiles: [P95: 1496]
650.000000 / 650.000000 / 650.000000 Batch size avg / min / max
[util %: 604.155429 -- report computed in 0]
2026-04-24 16:42:28.811 [pool-1-thread-1] INFO  o.s.loadsimrunner.report.Reporter:74 - 2026-04-24T20:42:28.810Z
Insert transactions:
==========
4 ops per second (42 total)
2730 records per second (27300 total)
1441.333333 ms mean duration
percentiles: [P95: 1654]
650.000000 / 650.000000 / 650.000000 Batch size avg / min / max
[util %: 604.936544 -- report computed in 0]
2026-04-24 16:42:38.818 [pool-1-thread-1] INFO  o.s.loadsimrunner.report.Reporter:74 - 2026-04-24T20:42:38.818Z
Insert transactions:
==========
5 ops per second (55 total)
3575 records per second (35750 total)
1083.381818 ms mean duration
percentiles: [P95: 1664]
650.000000 / 650.000000 / 650.000000 Batch size avg / min / max
[util %: 595.383693 -- report computed in 0]
2026-04-24 16:42:48.826 [pool-1-thread-1] INFO  o.s.loadsimrunner.report.Reporter:74 - 2026-04-24T20:42:48.825Z
Insert transactions:
==========
6 ops per second (69 total)
4485 records per second (44850 total)
861.855072 ms mean duration
percentiles: [P95: 1069]
650.000000 / 650.000000 / 650.000000 Batch size avg / min / max
[util %: 594.264015 -- report computed in 0]
2026-04-24 16:42:58.833 [pool-1-thread-1] INFO  o.s.loadsimrunner.report.Reporter:74 - 2026-04-24T20:42:58.832Z
Insert transactions:
==========
8 ops per second (89 total)
5785 records per second (57850 total)
710.606742 ms mean duration
percentiles: [P95: 877]
650.000000 / 650.000000 / 650.000000 Batch size avg / min / max
[util %: 631.997602 -- report computed in 0]
2026-04-24 16:43:08.842 [pool-1-thread-1] INFO  o.s.loadsimrunner.report.Reporter:74 - 2026-04-24T20:43:08.841Z
Insert transactions:
==========
7 ops per second (74 total)
4810 records per second (48100 total)
756.054054 ms mean duration
percentiles: [P95: 923]
650.000000 / 650.000000 / 650.000000 Batch size avg / min / max
[util %: 558.976921 -- report computed in 1]
2026-04-24 16:43:18.851 [pool-1-thread-1] INFO  o.s.loadsimrunner.report.Reporter:74 - 2026-04-24T20:43:18.850Z
Insert transactions:
==========
8 ops per second (84 total)
5460 records per second (54600 total)
741.892857 ms mean duration
percentiles: [P95: 937]
650.000000 / 650.000000 / 650.000000 Batch size avg / min / max
[util %: 622.629633 -- report computed in 1]
2026-04-24 16:43:28.854 [pool-1-thread-1] INFO  o.s.loadsimrunner.report.Reporter:74 - 2026-04-24T20:43:28.854Z
Insert transactions:
==========
8 ops per second (86 total)
5590 records per second (55900 total)
683.232558 ms mean duration
percentiles: [P95: 806]
650.000000 / 650.000000 / 650.000000 Batch size avg / min / max
[util %: 587.345062 -- report computed in 0]
2026-04-24 16:43:38.865 [pool-1-thread-1] INFO  o.s.loadsimrunner.report.Reporter:74 - 2026-04-24T20:43:38.864Z
Insert transactions:
==========
10 ops per second (101 total)
6565 records per second (65650 total)
571.980198 ms mean duration
percentiles: [P95: 761]
650.000000 / 650.000000 / 650.000000 Batch size avg / min / max
[util %: 577.122877 -- report computed in 0]
2026-04-24 16:43:48.868 [pool-1-thread-1] INFO  o.s.loadsimrunner.report.Reporter:74 - 2026-04-24T20:43:48.867Z
Insert transactions:
==========
5 ops per second (56 total)
3640 records per second (36400 total)
1095.053571 ms mean duration
percentiles: [P95: 1556]
650.000000 / 650.000000 / 650.000000 Batch size avg / min / max
[util %: 613.046086 -- report computed in 0]
2026-04-24 16:43:58.873 [pool-1-thread-1] INFO  o.s.loadsimrunner.report.Reporter:74 - 2026-04-24T20:43:58.872Z
Insert transactions:
==========
4 ops per second (43 total)
2795 records per second (27950 total)
1298.883721 ms mean duration
percentiles: [P95: 1578]
650.000000 / 650.000000 / 650.000000 Batch size avg / min / max
[util %: 558.240880 -- report computed in 0]
2026-04-24 16:44:08.881 [pool-1-thread-1] INFO  o.s.loadsimrunner.report.Reporter:74 - 2026-04-24T20:44:08.879Z
Insert transactions:
==========
4 ops per second (43 total)
2795 records per second (27950 total)
1400.790698 ms mean duration
percentiles: [P95: 1897]
650.000000 / 650.000000 / 650.000000 Batch size avg / min / max
[util %: 601.918657 -- report computed in 0]
2026-04-24 16:44:18.886 [pool-1-thread-1] INFO  o.s.loadsimrunner.report.Reporter:74 - 2026-04-24T20:44:18.885Z
Insert transactions:
==========
6 ops per second (66 total)
4290 records per second (42900 total)
972.318182 ms mean duration
percentiles: [P95: 2455]
650.000000 / 650.000000 / 650.000000 Batch size avg / min / max
[util %: 641.345193 -- report computed in 0]
2026-04-24 16:44:28.886 [pool-1-thread-1] INFO  o.s.loadsimrunner.report.Reporter:74 - 2026-04-24T20:44:28.886Z
Insert transactions:
==========
6 ops per second (69 total)
4485 records per second (44850 total)
816.376812 ms mean duration
percentiles: [P95: 994]
650.000000 / 650.000000 / 650.000000 Batch size avg / min / max
[util %: 563.243676 -- report computed in 0]
2026-04-24 16:44:38.893 [pool-1-thread-1] INFO  o.s.loadsimrunner.report.Reporter:74 - 2026-04-24T20:44:38.893Z
Insert transactions:
==========
8 ops per second (85 total)
5525 records per second (55250 total)
712.235294 ms mean duration
percentiles: [P95: 974]
650.000000 / 650.000000 / 650.000000 Batch size avg / min / max
[util %: 604.976516 -- report computed in 0]
2026-04-24 16:44:48.901 [pool-1-thread-1] INFO  o.s.loadsimrunner.report.Reporter:74 - 2026-04-24T20:44:48.901Z
Insert transactions:
==========
6 ops per second (61 total)
3965 records per second (39650 total)
986.770492 ms mean duration
percentiles: [P95: 1248]
650.000000 / 650.000000 / 650.000000 Batch size avg / min / max
[util %: 601.448841 -- report computed in 0]
2026-04-24 16:44:58.906 [pool-1-thread-1] INFO  o.s.loadsimrunner.report.Reporter:74 - 2026-04-24T20:44:58.905Z
Insert transactions:
==========
6 ops per second (67 total)
4355 records per second (43550 total)
868.686567 ms mean duration
percentiles: [P95: 997]
650.000000 / 650.000000 / 650.000000 Batch size avg / min / max
[util %: 581.787285 -- report computed in 0]
2026-04-24 16:45:08.916 [pool-1-thread-1] INFO  o.s.loadsimrunner.report.Reporter:74 - 2026-04-24T20:45:08.915Z
Insert transactions:
==========
7 ops per second (76 total)
4940 records per second (49400 total)
817.802632 ms mean duration
percentiles: [P95: 1190]
650.000000 / 650.000000 / 650.000000 Batch size avg / min / max
[util %: 620.909091 -- report computed in 0]
2026-04-24 16:45:18.926 [pool-1-thread-1] INFO  o.s.loadsimrunner.report.Reporter:74 - 2026-04-24T20:45:18.925Z
Insert transactions:
==========
9 ops per second (92 total)
5980 records per second (59800 total)
644.510870 ms mean duration
percentiles: [P95: 860]
650.000000 / 650.000000 / 650.000000 Batch size avg / min / max
[util %: 592.357642 -- report computed in 1]
2026-04-24 16:45:28.933 [pool-1-thread-1] INFO  o.s.loadsimrunner.report.Reporter:74 - 2026-04-24T20:45:28.933Z
Insert transactions:
==========
4 ops per second (49 total)
3185 records per second (31850 total)
1104.040816 ms mean duration
percentiles: [P95: 1450]
650.000000 / 650.000000 / 650.000000 Batch size avg / min / max
[util %: 540.547562 -- report computed in 0]
2026-04-24 16:45:38.935 [pool-1-thread-1] INFO  o.s.loadsimrunner.report.Reporter:74 - 2026-04-24T20:45:38.934Z
Insert transactions:
==========
4 ops per second (45 total)
2925 records per second (29250 total)
1419.600000 ms mean duration
percentiles: [P95: 1793]
650.000000 / 650.000000 / 650.000000 Batch size avg / min / max
[util %: 638.756124 -- report computed in 1]
2026-04-24 16:45:48.944 [pool-1-thread-1] INFO  o.s.loadsimrunner.report.Reporter:74 - 2026-04-24T20:45:48.944Z
Insert transactions:
==========
4 ops per second (45 total)
2925 records per second (29250 total)
1274.911111 ms mean duration
percentiles: [P95: 1653]
650.000000 / 650.000000 / 650.000000 Batch size avg / min / max
[util %: 573.136863 -- report computed in 0]
2026-04-24 16:45:58.955 [pool-1-thread-1] INFO  o.s.loadsimrunner.report.Reporter:74 - 2026-04-24T20:45:58.954Z
Insert transactions:
==========
7 ops per second (77 total)
5005 records per second (50050 total)
816.051948 ms mean duration
percentiles: [P95: 1345]
650.000000 / 650.000000 / 650.000000 Batch size avg / min / max
[util %: 627.732268 -- report computed in 0]
2026-04-24 16:46:08.959 [pool-1-thread-1] INFO  o.s.loadsimrunner.report.Reporter:74 - 2026-04-24T20:46:08.958Z
Insert transactions:
==========
7 ops per second (78 total)
5070 records per second (50700 total)
754.756410 ms mean duration
percentiles: [P95: 951]
650.000000 / 650.000000 / 650.000000 Batch size avg / min / max
[util %: 588.474610 -- report computed in 0]
2026-04-24 16:46:18.962 [pool-1-thread-1] INFO  o.s.loadsimrunner.report.Reporter:74 - 2026-04-24T20:46:18.962Z
Insert transactions:
==========
7 ops per second (76 total)
4940 records per second (49400 total)
781.447368 ms mean duration
percentiles: [P95: 981]
650.000000 / 650.000000 / 650.000000 Batch size avg / min / max
[util %: 593.662535 -- report computed in 0]
2026-04-24 16:46:28.963 [pool-1-thread-1] INFO  o.s.loadsimrunner.report.Reporter:74 - 2026-04-24T20:46:28.963Z
Insert transactions:
==========
7 ops per second (78 total)
5070 records per second (50700 total)
759.987179 ms mean duration
percentiles: [P95: 903]
650.000000 / 650.000000 / 650.000000 Batch size avg / min / max
[util %: 592.730727 -- report computed in 0]
2026-04-24 16:46:38.973 [pool-1-thread-1] INFO  o.s.loadsimrunner.report.Reporter:74 - 2026-04-24T20:46:38.973Z
Insert transactions:
==========
5 ops per second (60 total)
3900 records per second (39000 total)
948.150000 ms mean duration
percentiles: [P95: 1484]
650.000000 / 650.000000 / 650.000000 Batch size avg / min / max
[util %: 568.321678 -- report computed in 0]
2026-04-24 16:46:48.975 [pool-1-thread-1] INFO  o.s.loadsimrunner.report.Reporter:74 - 2026-04-24T20:46:48.975Z
Insert transactions:
==========
5 ops per second (55 total)
3575 records per second (35750 total)
1097.000000 ms mean duration
percentiles: [P95: 1375]
650.000000 / 650.000000 / 650.000000 Batch size avg / min / max
[util %: 603.229354 -- report computed in 0]
2026-04-24 16:46:58.983 [pool-1-thread-1] INFO  o.s.loadsimrunner.report.Reporter:74 - 2026-04-24T20:46:58.983Z
Insert transactions:
==========
6 ops per second (67 total)
4355 records per second (43550 total)
860.835821 ms mean duration
percentiles: [P95: 1397]
650.000000 / 650.000000 / 650.000000 Batch size avg / min / max
[util %: 576.298961 -- report computed in 0]
2026-04-24 16:47:08.988 [pool-1-thread-1] INFO  o.s.loadsimrunner.report.Reporter:74 - 2026-04-24T20:47:08.987Z
Insert transactions:
==========
4 ops per second (42 total)
2730 records per second (27300 total)
1539.357143 ms mean duration
percentiles: [P95: 1731]
650.000000 / 650.000000 / 650.000000 Batch size avg / min / max
[util %: 646.271491 -- report computed in 0]
2026-04-24 16:47:18.996 [pool-1-thread-1] INFO  o.s.loadsimrunner.report.Reporter:74 - 2026-04-24T20:47:18.995Z
Insert transactions:
==========
3 ops per second (37 total)
2405 records per second (24050 total)
1586.270270 ms mean duration
percentiles: [P95: 1996]
650.000000 / 650.000000 / 650.000000 Batch size avg / min / max
[util %: 586.450839 -- report computed in 0]
2026-04-24 16:47:29.006 [pool-1-thread-1] INFO  o.s.loadsimrunner.report.Reporter:74 - 2026-04-24T20:47:29.005Z
Insert transactions:
==========
5 ops per second (55 total)
3575 records per second (35750 total)
1047.836364 ms mean duration
percentiles: [P95: 1772]
650.000000 / 650.000000 / 650.000000 Batch size avg / min / max
[util %: 575.734266 -- report computed in 0]
2026-04-24 16:47:39.007 [pool-1-thread-1] INFO  o.s.loadsimrunner.report.Reporter:74 - 2026-04-24T20:47:39.006Z
Insert transactions:
==========
5 ops per second (54 total)
3510 records per second (35100 total)
1113.574074 ms mean duration
percentiles: [P95: 1386]
650.000000 / 650.000000 / 650.000000 Batch size avg / min / max
[util %: 601.269873 -- report computed in 0]
2026-04-24 16:47:49.010 [pool-1-thread-1] INFO  o.s.loadsimrunner.report.Reporter:74 - 2026-04-24T20:47:49.010Z
Insert transactions:
==========
6 ops per second (65 total)
4225 records per second (42250 total)
967.569231 ms mean duration
percentiles: [P95: 1144]
650.000000 / 650.000000 / 650.000000 Batch size avg / min / max
[util %: 628.668533 -- report computed in 0]
2026-04-24 16:47:59.020 [pool-1-thread-1] INFO  o.s.loadsimrunner.report.Reporter:74 - 2026-04-24T20:47:59.020Z
Insert transactions:
==========
6 ops per second (68 total)
4420 records per second (44200 total)
849.132353 ms mean duration
percentiles: [P95: 1099]
650.000000 / 650.000000 / 650.000000 Batch size avg / min / max
[util %: 576.833167 -- report computed in 0]
2026-04-24 16:48:09.022 [pool-1-thread-1] INFO  o.s.loadsimrunner.report.Reporter:74 - 2026-04-24T20:48:09.021Z
Insert transactions:
==========
7 ops per second (73 total)
4745 records per second (47450 total)
802.589041 ms mean duration
percentiles: [P95: 933]
650.000000 / 650.000000 / 650.000000 Batch size avg / min / max
[util %: 585.831417 -- report computed in 0]
2026-04-24 16:48:19.026 [pool-1-thread-1] INFO  o.s.loadsimrunner.report.Reporter:74 - 2026-04-24T20:48:19.026Z
Insert transactions:
==========
7 ops per second (76 total)
4940 records per second (49400 total)
784.828947 ms mean duration
percentiles: [P95: 971]
650.000000 / 650.000000 / 650.000000 Batch size avg / min / max
[util %: 596.171914 -- report computed in 0]
2026-04-24 16:48:29.031 [pool-1-thread-1] INFO  o.s.loadsimrunner.report.Reporter:74 - 2026-04-24T20:48:29.030Z
Insert transactions:
==========
7 ops per second (79 total)
5135 records per second (51350 total)
772.050633 ms mean duration
percentiles: [P95: 1042]
650.000000 / 650.000000 / 650.000000 Batch size avg / min / max
[util %: 609.676130 -- report computed in 0]
2026-04-24 16:48:39.038 [pool-1-thread-1] INFO  o.s.loadsimrunner.report.Reporter:74 - 2026-04-24T20:48:39.036Z
Insert transactions:
==========
4 ops per second (50 total)
3250 records per second (32500 total)
1117.560000 ms mean duration
percentiles: [P95: 1780]
650.000000 / 650.000000 / 650.000000 Batch size avg / min / max
[util %: 558.444933 -- report computed in 1]
2026-04-24 16:48:49.049 [pool-1-thread-1] INFO  o.s.loadsimrunner.report.Reporter:74 - 2026-04-24T20:48:49.046Z
Insert transactions:
==========
3 ops per second (37 total)
2405 records per second (24050 total)
1530.972973 ms mean duration
percentiles: [P95: 2055]
650.000000 / 650.000000 / 650.000000 Batch size avg / min / max
[util %: 565.894106 -- report computed in 1]
2026-04-24 16:48:59.052 [pool-1-thread-1] INFO  o.s.loadsimrunner.report.Reporter:74 - 2026-04-24T20:48:59.050Z
Insert transactions:
==========
3 ops per second (36 total)
2340 records per second (23400 total)
1757.694444 ms mean duration
percentiles: [P95: 1935]
650.000000 / 650.000000 / 650.000000 Batch size avg / min / max
[util %: 632.516993 -- report computed in 0]
2026-04-24 16:49:09.058 [pool-1-thread-1] INFO  o.s.loadsimrunner.report.Reporter:74 - 2026-04-24T20:49:09.055Z
Insert transactions:
==========
3 ops per second (37 total)
2405 records per second (24050 total)
1529.621622 ms mean duration
percentiles: [P95: 2258]
650.000000 / 650.000000 / 650.000000 Batch size avg / min / max
[util %: 565.677161 -- report computed in 1]
2026-04-24 16:49:19.060 [pool-1-thread-1] INFO  o.s.loadsimrunner.report.Reporter:74 - 2026-04-24T20:49:19.060Z
Insert transactions:
==========
6 ops per second (70 total)
4550 records per second (45500 total)
939.585714 ms mean duration
percentiles: [P95: 1684]
650.000000 / 650.000000 / 650.000000 Batch size avg / min / max
[util %: 657.381309 -- report computed in 0]
2026-04-24 16:49:29.066 [pool-1-thread-1] INFO  o.s.loadsimrunner.report.Reporter:74 - 2026-04-24T20:49:29.066Z
Insert transactions:
==========
6 ops per second (64 total)
4160 records per second (41600 total)
952.562500 ms mean duration
percentiles: [P95: 1131]
650.000000 / 650.000000 / 650.000000 Batch size avg / min / max
[util %: 609.274435 -- report computed in 0]
2026-04-24 16:49:39.069 [pool-1-thread-1] INFO  o.s.loadsimrunner.report.Reporter:74 - 2026-04-24T20:49:39.068Z
Insert transactions:
==========
5 ops per second (60 total)
3900 records per second (39000 total)
920.816667 ms mean duration
percentiles: [P95: 1104]
650.000000 / 650.000000 / 650.000000 Batch size avg / min / max
[util %: 552.379524 -- report computed in 0]
2026-04-24 16:49:49.076 [pool-1-thread-1] INFO  o.s.loadsimrunner.report.Reporter:74 - 2026-04-24T20:49:49.074Z
Insert transactions:
==========
6 ops per second (67 total)
4355 records per second (43550 total)
915.164179 ms mean duration
percentiles: [P95: 1072]
650.000000 / 650.000000 / 650.000000 Batch size avg / min / max
[util %: 612.792325 -- report computed in 0]
2026-04-24 16:49:59.077 [pool-1-thread-1] INFO  o.s.loadsimrunner.report.Reporter:74 - 2026-04-24T20:49:59.077Z
Insert transactions:
==========
6 ops per second (61 total)
3965 records per second (39650 total)
983.000000 ms mean duration
percentiles: [P95: 1174]
650.000000 / 650.000000 / 650.000000 Batch size avg / min / max
[util %: 599.450165 -- report computed in 0]
2026-04-24 16:50:09.081 [pool-1-thread-1] INFO  o.s.loadsimrunner.report.Reporter:74 - 2026-04-24T20:50:09.081Z
Insert transactions:
==========
4 ops per second (47 total)
3055 records per second (30550 total)
1235.510638 ms mean duration
percentiles: [P95: 1575]
650.000000 / 650.000000 / 650.000000 Batch size avg / min / max
[util %: 580.457817 -- report computed in 0]
2026-04-24 16:50:19.086 [pool-1-thread-1] INFO  o.s.loadsimrunner.report.Reporter:74 - 2026-04-24T20:50:19.086Z
Insert transactions:
==========
5 ops per second (52 total)
3380 records per second (33800 total)
1115.903846 ms mean duration
percentiles: [P95: 1861]
650.000000 / 650.000000 / 650.000000 Batch size avg / min / max
[util %: 579.980010 -- report computed in 0]
